Lights1 mario_sonic_blue_v4_lights = gdSPDefLights1(
	0x7, 0x0, 0x7F,
	0xF, 0x0, 0xFE, 0x28, 0x28, 0x28);

Lights1 mario_sonic_skin_v4_lights = gdSPDefLights1(
	0x73, 0x5D, 0x36,
	0xE7, 0xBB, 0x6C, 0x28, 0x28, 0x28);

Lights1 mario_sonic_eye_texture_lights = gdSPDefLights1(
	0x7F, 0x7F, 0x7F,
	0xFE, 0xFE, 0xFE, 0x28, 0x28, 0x28);

Lights1 mario_sonic_mouth_none_lights = gdSPDefLights1(
	0x73, 0x5D, 0x36,
	0xE7, 0xBB, 0x6C, 0x28, 0x28, 0x28);

Lights1 mario_sonic_nose_v4_lights = gdSPDefLights1(
	0x0, 0x0, 0x0,
	0x0, 0x0, 0x0, 0x28, 0x28, 0x28);

Lights1 mario_sonic_mouth_lights = gdSPDefLights1(
	0x7F, 0x7F, 0x7F,
	0xFE, 0xFE, 0xFE, 0x28, 0x28, 0x28);

Lights1 mario_sonic_eye_half_lights = gdSPDefLights1(
	0x7F, 0x7F, 0x7F,
	0xFE, 0xFE, 0xFE, 0x28, 0x28, 0x28);

Lights1 mario_sonic_eye_closed_lights = gdSPDefLights1(
	0x7F, 0x7F, 0x7F,
	0xFE, 0xFE, 0xFE, 0x28, 0x28, 0x28);

Lights1 mario_sonic_eye_dead_lights = gdSPDefLights1(
	0x7F, 0x7F, 0x7F,
	0xFE, 0xFE, 0xFE, 0x28, 0x28, 0x28);

Lights1 mario_gloves_001_v4_lights = gdSPDefLights1(
	0x7F, 0x7F, 0x7F,
	0xFE, 0xFE, 0xFE, 0x28, 0x28, 0x28);

Lights1 mario_gloves_v4_lights = gdSPDefLights1(
	0x7F, 0x7F, 0x7F,
	0xFE, 0xFE, 0xFE, 0x28, 0x28, 0x28);

Lights1 mario_sonic_texture_v4_lights = gdSPDefLights1(
	0x7F, 0x7F, 0x7F,
	0xFE, 0xFE, 0xFE, 0x28, 0x28, 0x28);

Lights1 mario_sonic_white_v4_lights = gdSPDefLights1(
	0x73, 0x73, 0x73,
	0xE7, 0xE7, 0xE7, 0x28, 0x28, 0x28);

Lights1 mario_sonic_buckle_v4_lights = gdSPDefLights1(
	0x7F, 0x79, 0x0,
	0xFE, 0xF3, 0x1, 0x28, 0x28, 0x28);

Lights1 mario_sonic_shoe_v4_lights = gdSPDefLights1(
	0x7F, 0x0, 0x1,
	0xFE, 0x0, 0x2, 0x28, 0x28, 0x28);

Gfx mario_metal_rgba16_aligner[] = {gsSPEndDisplayList()};
u8 mario_metal_rgba16[] = {
	0x00, 0x01, 0x00, 0x01, 0x00, 0x01, 0x00, 0x01, 
	0x00, 0x01, 0x00, 0x01, 0x00, 0x01, 0x00, 0x01, 
	0x00, 0x01, 0x00, 0x01, 0x00, 0x01, 0x00, 0x01, 
	0x00, 0x01, 0x00, 0x01, 0x00, 0x01, 0x00, 0x01, 
	0x00, 0x01, 0x00, 0x01, 0x00, 0x01, 0x00, 0x01, 
	0x00, 0x01, 0x00, 0x01, 0x00, 0x01, 0x00, 0x01, 
	0x00, 0x01, 0x00, 0x01, 0x00, 0x01, 0x00, 0x01, 
	0x08, 0x01, 0x08, 0x43, 0x10, 0x43, 0x08, 0x43, 
	0x08, 0x43, 0x08, 0x43, 0x18, 0x85, 0x10, 0x83, 
	0x08, 0x43, 0x08, 0x01, 0x00, 0x03, 0x08, 0x01, 
	0x00, 0x01, 0x00, 0x01, 0x00, 0x01, 0x00, 0x01, 
	0x00, 0x01, 0x00, 0x01, 0x00, 0x01, 0x00, 0x01, 
	0x00, 0x01, 0x00, 0x01, 0x00, 0x01, 0x00, 0x01, 
	0x00, 0x01, 0x00, 0x01, 0x00, 0x01, 0x00, 0x01, 
	0x00, 0x01, 0x00, 0x01, 0x00, 0x01, 0x00, 0x01, 
	0x00, 0x01, 0x00, 0x01, 0x00, 0x01, 0x00, 0x01, 
	0x00, 0x01, 0x00, 0x01, 0x00, 0x01, 0x00, 0x01, 
	0x00, 0x01, 0x00, 0x01, 0x00, 0x01, 0x00, 0x01, 
	0x00, 0x01, 0x00, 0x01, 0x00, 0x01, 0x00, 0x01, 
	0x00, 0x01, 0x00, 0x01, 0x00, 0x01, 0x00, 0x01, 
	0x00, 0x01, 0x00, 0x01, 0x00, 0x01, 0x00, 0x01, 
	0x00, 0x01, 0x00, 0x03, 0x08, 0x41, 0x08, 0x43, 
	0x08, 0x43, 0x08, 0x43, 0x08, 0x43, 0x10, 0x43, 
	0x10, 0x85, 0x10, 0x43, 0x18, 0x85, 0x10, 0x85, 
	0x10, 0x43, 0x10, 0x43, 0x10, 0x85, 0x21, 0x07, 
	0x31, 0x49, 0x31, 0x4b, 0x31, 0x47, 0x31, 0x49, 
	0x29, 0x07, 0x20, 0xc7, 0x18, 0x83, 0x10, 0x43, 
	0x08, 0x41, 0x00, 0x01, 0x00, 0x01, 0x00, 0x01, 
	0x00, 0x01, 0x00, 0x01, 0x00, 0x01, 0x00, 0x01, 
	0x00, 0x01, 0x00, 0x01, 0x00, 0x01, 0x00, 0x01, 
	0x00, 0x01, 0x00, 0x01, 0x00, 0x01, 0x00, 0x01, 
	0x00, 0x01, 0x00, 0x01, 0x00, 0x01, 0x00, 0x01, 
	0x00, 0x01, 0x00, 0x01, 0x00, 0x01, 0x00, 0x01, 
	0x00, 0x01, 0x00, 0x01, 0x00, 0x01, 0x00, 0x01, 
	0x00, 0x01, 0x00, 0x01, 0x00, 0x01, 0x00, 0x01, 
	0x00, 0x01, 0x00, 0x01, 0x00, 0x01, 0x00, 0x01, 
	0x00, 0x01, 0x08, 0x43, 0x10, 0x85, 0x18, 0xc7, 
	0x21, 0x07, 0x18, 0xc7, 0x10, 0x83, 0x18, 0x85, 
	0x18, 0x85, 0x18, 0x87, 0x18, 0x87, 0x10, 0x87, 
	0x08, 0x45, 0x10, 0x87, 0x10, 0x87, 0x10, 0x43, 
	0x00, 0x03, 0x08, 0x43, 0x00, 0x03, 0x08, 0x43, 
	0x00, 0x01, 0x10, 0x43, 0x08, 0x43, 0x10, 0xc5, 
	0x20, 0x85, 0x19, 0x07, 0x20, 0xc5, 0x29, 0x07, 
	0x29, 0x05, 0x20, 0xc5, 0x10, 0x43, 0x10, 0x43, 
	0x08, 0x01, 0x00, 0x01, 0x00, 0x01, 0x00, 0x01, 
	0x00, 0x01, 0x00, 0x01, 0x00, 0x01, 0x00, 0x01, 
	0x00, 0x01, 0x00, 0x01, 0x00, 0x01, 0x00, 0x01, 
	0x00, 0x01, 0x00, 0x01, 0x00, 0x01, 0x00, 0x01, 
	0x00, 0x01, 0x00, 0x01, 0x00, 0x01, 0x00, 0x01, 
	0x00, 0x01, 0x00, 0x01, 0x00, 0x01, 0x00, 0x01, 
	0x00, 0x01, 0x00, 0x01, 0x00, 0x01, 0x00, 0x01, 
	0x00, 0x01, 0x08, 0x43, 0x10, 0x45, 0x21, 0x49, 
	0x39, 0x8d, 0x31, 0x8b, 0x31, 0x4b, 0x29, 0x49, 
	0x18, 0x87, 0x10, 0x83, 0x08, 0x43, 0x08, 0x01, 
	0x08, 0x03, 0x08, 0x03, 0x08, 0x03, 0x00, 0x41, 
	0x00, 0x01, 0x08, 0x03, 0x10, 0x03, 0x08, 0x03, 
	0x00, 0x01, 0x08, 0x43, 0x00, 0x41, 0x00, 0x03, 
	0x00, 0x01, 0x00, 0x01, 0x08, 0x01, 0x00, 0x01, 
	0x00, 0x01, 0x00, 0x01, 0x00, 0x01, 0x08, 0x41, 
	0x00, 0x01, 0x10, 0x83, 0x10, 0x43, 0x10, 0x83, 
	0x20, 0x85, 0x20, 0x85, 0x10, 0x83, 0x08, 0x01, 
	0x00, 0x01, 0x00, 0x01, 0x00, 0x01, 0x00, 0x01, 
	0x00, 0x01, 0x00, 0x01, 0x00, 0x01, 0x00, 0x01, 
	0x00, 0x01, 0x00, 0x01, 0x00, 0x01, 0x00, 0x01, 
	0x00, 0x01, 0x00, 0x01, 0x00, 0x01, 0x00, 0x01, 
	0x00, 0x01, 0x00, 0x01, 0x00, 0x01, 0x00, 0x01, 
	0x00, 0x01, 0x00, 0x01, 0x00, 0x01, 0x08, 0x43, 
	0x29, 0x4b, 0x63, 0x19, 0x62, 0x95, 0x41, 0xcd, 
	0x28, 0xc7, 0x28, 0xc9, 0x18, 0x83, 0x08, 0x43, 
	0x08, 0x43, 0x10, 0x41, 0x08, 0x03, 0x10, 0x01, 
	0x08, 0x01, 0x08, 0x01, 0x08, 0x43, 0x10, 0x03, 
	0x18, 0x03, 0x20, 0x85, 0x10, 0x01, 0x08, 0x01, 
	0x08, 0x01, 0x08, 0x03, 0x20, 0x43, 0x10, 0x43, 
	0x10, 0x03, 0x08, 0x01, 0x00, 0x01, 0x08, 0x01, 
	0x00, 0x01, 0x00, 0x01, 0x00, 0x01, 0x00, 0x01, 
	0x00, 0x01, 0x00, 0x01, 0x08, 0x43, 0x08, 0x43, 
	0x00, 0x01, 0x10, 0x43, 0x28, 0xc5, 0x31, 0x09, 
	0x20, 0x85, 0x08, 0x43, 0x00, 0x01, 0x00, 0x01, 
	0x00, 0x01, 0x00, 0x01, 0x00, 0x01, 0x00, 0x01, 
	0x00, 0x01, 0x00, 0x01, 0x00, 0x01, 0x00, 0x01, 
	0x00, 0x01, 0x00, 0x01, 0x00, 0x01, 0x00, 0x01, 
	0x00, 0x01, 0x00, 0x01, 0x00, 0x01, 0x00, 0x01, 
	0x00, 0x01, 0x08, 0x43, 0x21, 0x09, 0x4a, 0x51, 
	0x62, 0xd3, 0x72, 0xd7, 0x5a, 0x13, 0x69, 0xd3, 
	0x49, 0x4f, 0x28, 0x87, 0x10, 0x41, 0x08, 0x01, 
	0x08, 0x01, 0x08, 0x01, 0x08, 0x01, 0x08, 0x01, 
	0x10, 0x01, 0x08, 0x03, 0x10, 0x01, 0x18, 0x03, 
	0x20, 0x45, 0x48, 0x89, 0x28, 0x43, 0x08, 0x01, 
	0x10, 0x03, 0x10, 0x41, 0x18, 0x03, 0x10, 0x03, 
	0x10, 0x01, 0x08, 0x01, 0x10, 0x01, 0x08, 0x01, 
	0x10, 0x01, 0x08, 0x01, 0x00, 0x01, 0x00, 0x01, 
	0x00, 0x01, 0x10, 0x41, 0x08, 0x41, 0x08, 0x43, 
	0x08, 0x41, 0x08, 0x01, 0x08, 0x43, 0x20, 0x83, 
	0x31, 0x09, 0x38, 0xc9, 0x20, 0x87, 0x00, 0x41, 
	0x00, 0x01, 0x00, 0x01, 0x00, 0x01, 0x00, 0x01, 
	0x00, 0x01, 0x00, 0x01, 0x00, 0x01, 0x00, 0x01, 
	0x00, 0x01, 0x00, 0x01, 0x00, 0x01, 0x00, 0x01, 
	0x00, 0x01, 0x00, 0x01, 0x00, 0x01, 0x00, 0x01, 
	0x18, 0x85, 0x52, 0x95, 0x83, 0x5b, 0x82, 0x97, 
	0x7a, 0x57, 0x93, 0x61, 0x9b, 0xa5, 0x93, 0xa5, 
	0x6a, 0x17, 0x40, 0xcb, 0x10, 0x43, 0x08, 0x01, 
	0x08, 0x01, 0x00, 0x01, 0x08, 0x01, 0x08, 0x01, 
	0x08, 0x01, 0x10, 0x03, 0x10, 0x01, 0x08, 0x03, 
	0x10, 0x43, 0x20, 0x03, 0x08, 0x43, 0x08, 0x01, 
	0x08, 0x01, 0x08, 0x43, 0x18, 0x03, 0x10, 0x43, 
	0x08, 0x01, 0x10, 0x01, 0x08, 0x01, 0x08, 0x01, 
	0x10, 0x01, 0x10, 0x03, 0x10, 0x41, 0x00, 0x01, 
	0x08, 0x03, 0x18, 0x81, 0x18, 0x83, 0x21, 0x03, 
	0x31, 0x05, 0x18, 0x81, 0x08, 0x43, 0x18, 0xc3, 
	0x31, 0x09, 0x39, 0x8b, 0x31, 0x07, 0x39, 0x0b, 
	0x18, 0x85, 0x00, 0x01, 0x00, 0x01, 0x00, 0x01, 
	0x00, 0x01, 0x00, 0x01, 0x00, 0x01, 0x00, 0x01, 
	0x00, 0x01, 0x00, 0x01, 0x00, 0x01, 0x00, 0x01, 
	0x00, 0x01, 0x00, 0x01, 0x00, 0x01, 0x28, 0xc7, 
	0x62, 0x13, 0x8a, 0x57, 0x92, 0x59, 0x91, 0xd3, 
	0xac, 0x27, 0xbd, 0x33, 0xb4, 0xad, 0x9c, 0x27, 
	0x49, 0x51, 0x10, 0x01, 0x00, 0x03, 0x08, 0x01, 
	0x08, 0x41, 0x08, 0x01, 0x00, 0x01, 0x08, 0x01, 
	0x08, 0x01, 0x08, 0x01, 0x08, 0x01, 0x08, 0x03, 
	0x08, 0x01, 0x00, 0x01, 0x08, 0x03, 0x08, 0x03, 
	0x08, 0x01, 0x00, 0x41, 0x00, 0x03, 0x00, 0x01, 
	0x08, 0x01, 0x00, 0x01, 0x00, 0x01, 0x00, 0x01, 
	0x08, 0x01, 0x00, 0x01, 0x08, 0x41, 0x08, 0x01, 
	0x28, 0xc7, 0x6a, 0xd1, 0x52, 0x0b, 0x39, 0x87, 
	0x31, 0x03, 0x39, 0x45, 0x41, 0xc9, 0x31, 0x85, 
	0x41, 0xc9, 0x5a, 0x8d, 0x41, 0x8b, 0x21, 0x07, 
	0x51, 0x8f, 0x39, 0x0b, 0x00, 0x01, 0x00, 0x01, 
	0x00, 0x01, 0x00, 0x01, 0x00, 0x01, 0x00, 0x01, 
	0x00, 0x01, 0x00, 0x01, 0x00, 0x01, 0x00, 0x01, 
	0x00, 0x01, 0x08, 0x01, 0x39, 0x4d, 0x79, 0xd7, 
	0x92, 0x13, 0xa3, 0x13, 0xab, 0x93, 0xb3, 0xdf, 
	0xb4, 0xad, 0xa4, 0x6b, 0x6a, 0x9d, 0x39, 0x4d, 
	0x18, 0x45, 0x20, 0x87, 0x39, 0x0d, 0x28, 0x87, 
	0x41, 0x4f, 0x20, 0x85, 0x10, 0x03, 0x00, 0x01, 
	0x08, 0x01, 0x10, 0x41, 0x00, 0x03, 0x08, 0x01, 
	0x00, 0x01, 0x00, 0x43, 0x08, 0x03, 0x10, 0x03, 
	0x00, 0x41, 0x00, 0x03, 0x08, 0x01, 0x00, 0x01, 
	0x00, 0x01, 0x00, 0x01, 0x00, 0x01, 0x00, 0x01, 
	0x00, 0x01, 0x08, 0x01, 0x10, 0x81, 0x18, 0xc3, 
	0x20, 0xc3, 0x49, 0xc9, 0x52, 0x4b, 0x52, 0x4b, 
	0x5a, 0x8d, 0x7b, 0x53, 0x94, 0x15, 0x83, 0x95, 
	0x41, 0x87, 0x4a, 0x47, 0x4a, 0x47, 0x20, 0x85, 
	0x18, 0x85, 0x49, 0x4d, 0x41, 0x09, 0x08, 0x43, 
	0x00, 0x01, 0x00, 0x01, 0x00, 0x01, 0x00, 0x01, 
	0x00, 0x01, 0x00, 0x01, 0x00, 0x01, 0x00, 0x01, 
	0x08, 0x43, 0x41, 0x0b, 0x8a, 0x17, 0x9a, 0x5b, 
	0xb4, 0x19, 0xc4, 0x9d, 0xab, 0xa1, 0x9b, 0xa5, 
	0x49, 0x91, 0x28, 0x89, 0x08, 0x43, 0x08, 0x01, 
	0x20, 0x87, 0x82, 0xe1, 0xb4, 0xb1, 0x93, 0xa3, 
	0x93, 0x63, 0x82, 0xdd, 0x38, 0x87, 0x31, 0x0b, 
	0x20, 0x87, 0x10, 0x83, 0x08, 0x01, 0x08, 0x43, 
	0x20, 0x47, 0x20, 0xcb, 0x10, 0x89, 0x10, 0x87, 
	0x08, 0x45, 0x08, 0x03, 0x00, 0x01, 0x00, 0x01, 
	0x00, 0x01, 0x00, 0x01, 0x00, 0x01, 0x00, 0x01, 
	0x00, 0x01, 0x08, 0x41, 0x20, 0xc3, 0x28, 0xc3, 
	0x31, 0x05, 0x41, 0xc7, 0x62, 0xcd, 0x8b, 0xd5, 
	0x6b, 0x11, 0x5a, 0x8d, 0x8c, 0x13, 0x8b, 0xd5, 
	0x7b, 0x53, 0x52, 0x09, 0x39, 0xc7, 0x18, 0xc3, 
	0x08, 0x41, 0x21, 0x09, 0x6a, 0x11, 0x51, 0x8b, 
	0x08, 0x01, 0x00, 0x01, 0x00, 0x01, 0x00, 0x01, 
	0x00, 0x01, 0x00, 0x01, 0x00, 0x01, 0x08, 0x43, 
	0x49, 0x0b, 0x81, 0xd9, 0x92, 0x19, 0xb4, 0x25, 
	0xbc, 0x25, 0xa3, 0x65, 0x9a, 0xa1, 0x72, 0x9b, 
	0x5a, 0x13, 0x49, 0xd3, 0x31, 0x0d, 0x18, 0x43, 
	0x59, 0xd7, 0xb4, 0xaf, 0xc5, 0x75, 0xbc, 0xab, 
	0xac, 0xab, 0x9b, 0x63, 0x92, 0xdd, 0x61, 0xd3, 
	0x18, 0x85, 0x10, 0x01, 0x08, 0x43, 0x10, 0x83, 
	0x18, 0x87, 0x18, 0x85, 0x10, 0x85, 0x08, 0x45, 
	0x08, 0x41, 0x08, 0x03, 0x08, 0x43, 0x00, 0x01, 
	0x00, 0x01, 0x08, 0x43, 0x00, 0x01, 0x08, 0x43, 
	0x00, 0x01, 0x00, 0x01, 0x18, 0x81, 0x20, 0xc5, 
	0x29, 0x43, 0x52, 0x0b, 0x93, 0xd7, 0x94, 0x57, 
	0x94, 0x15, 0x8b, 0xd3, 0x7b, 0x91, 0x9c, 0x97, 
	0xa4, 0x97, 0x73, 0x0d, 0x21, 0x45, 0x10, 0x83, 
	0x00, 0x03, 0x08, 0x41, 0x31, 0x4b, 0x6a, 0x11, 
	0x41, 0x49, 0x00, 0x01, 0x00, 0x01, 0x00, 0x01, 
	0x00, 0x01, 0x00, 0x01, 0x00, 0x01, 0x30, 0xc9, 
	0x81, 0xd7, 0x9a, 0x5f, 0xa3, 0x25, 0xb3, 0xe5, 
	0xa2, 0xa3, 0x9a, 0xa3, 0xac, 0xab, 0x94, 0xab, 
	0x94, 0xa9, 0x83, 0xa3, 0x72, 0x9b, 0x7a, 0x19, 
	0x92, 0xdf, 0xb4, 0x2b, 0xc4, 0x9f, 0xab, 0x4d, 
	0xa3, 0x19, 0x92, 0x9f, 0x79, 0x93, 0x40, 0xc7, 
	0x4a, 0x0d, 0x39, 0x8d, 0x41, 0xcd, 0x52, 0x93, 
	0x31, 0x8d, 0x18, 0x85, 0x10, 0x83, 0x10, 0x83, 
	0x08, 0x01, 0x21, 0x07, 0x29, 0x07, 0x21, 0x07, 
	0x08, 0x43, 0x00, 0x01, 0x08, 0x01, 0x08, 0x43, 
	0x18, 0xc5, 0x18, 0x83, 0x31, 0x47, 0x5a, 0x8b, 
	0x42, 0x07, 0x41, 0xc5, 0x39, 0x87, 0x5a, 0x4b, 
	0x83, 0xd5, 0x94, 0x53, 0x94, 0x53, 0xac, 0xdb, 
	0xa4, 0x97, 0x94, 0x53, 0x52, 0x8d, 0x10, 0x43, 
	0x10, 0x83, 0x00, 0x41, 0x08, 0x03, 0x29, 0x07, 
	0x6a, 0x15, 0x20, 0xc7, 0x00, 0x01, 0x00, 0x01, 
	0x00, 0x01, 0x00, 0x01, 0x10, 0x43, 0x61, 0x0f, 
	0x92, 0x5f, 0xb3, 0xa9, 0xab, 0x1f, 0xab, 0x11, 
	0xa3, 0x21, 0xb4, 0xaf, 0xad, 0xb5, 0xad, 0x75, 
	0xad, 0xb5, 0xb5, 0x73, 0xa3, 0xa9, 0x92, 0x5f, 
	0x9a, 0x61, 0xbc, 0x2b, 0xc4, 0xdd, 0xbc, 0x53, 
	0xb3, 0xdf, 0x9a, 0x19, 0x79, 0x4f, 0x79, 0x8f, 
	0x9c, 0xa5, 0x7b, 0xdb, 0x73, 0x19, 0x63, 0x17, 
	0x42, 0x11, 0x10, 0x83, 0x10, 0x85, 0x18, 0x43, 
	0x31, 0x4b, 0x52, 0x91, 0x41, 0xcd, 0x19, 0x05, 
	0x08, 0x43, 0x18, 0x43, 0x20, 0x43, 0x18, 0x85, 
	0x42, 0x0f, 0x51, 0xcb, 0x20, 0xc5, 0x31, 0x45, 
	0x21, 0x43, 0x20, 0xc3, 0x19, 0x05, 0x10, 0x83, 
	0x21, 0x03, 0x62, 0xcf, 0x9c, 0x95, 0xac, 0xdb, 
	0xbd, 0x61, 0xad, 0x1d, 0x94, 0x57, 0x39, 0x89, 
	0x39, 0x09, 0x30, 0x87, 0x08, 0x43, 0x10, 0x43, 
	0x41, 0x8f, 0x59, 0x91, 0x00, 0x43, 0x00, 0x01, 
	0x00, 0x01, 0x00, 0x01, 0x28, 0x87, 0x79, 0x0f, 
	0x9a, 0xa3, 0xa3, 0x65, 0xa2, 0x9f, 0xa2, 0x9f, 
	0xab, 0xe7, 0xad, 0x35, 0xa5, 0x73, 0xa5, 0x75, 
	0xad, 0x75, 0xbd, 0x73, 0xab, 0x67, 0x9a, 0x19, 
	0xab, 0x57, 0xab, 0xa3, 0xbc, 0x69, 0xb3, 0xe5, 
	0x9a, 0x61, 0x91, 0x53, 0x89, 0x93, 0x9a, 0xdf, 
	0x93, 0x61, 0x73, 0x59, 0x5a, 0x93, 0x73, 0x5b, 
	0x39, 0xcf, 0x10, 0x83, 0x08, 0x43, 0x08, 0x43, 
	0x39, 0x8b, 0x41, 0xcb, 0x39, 0x89, 0x18, 0x85, 
	0x31, 0x49, 0x29, 0x07, 0x28, 0x87, 0x08, 0x41, 
	0x20, 0xc7, 0x28, 0xc7, 0x08, 0x83, 0x00, 0x03, 
	0x00, 0x01, 0x00, 0x01, 0x10, 0x83, 0x28, 0x87, 
	0x39, 0x07, 0x31, 0x47, 0x83, 0x93, 0x9c, 0x99, 
	0xac, 0xdf, 0xa4, 0x9f, 0x94, 0x99, 0x62, 0xcf, 
	0x51, 0x89, 0x39, 0x09, 0x08, 0x03, 0x08, 0x43, 
	0x10, 0x83, 0x51, 0x91, 0x18, 0x47, 0x00, 0x01, 
	0x00, 0x01, 0x08, 0x03, 0x48, 0x87, 0x81, 0x4f, 
	0x81, 0xdb, 0x92, 0x5d, 0x92, 0x5f, 0x72, 0x5b, 
	0x8b, 0xe5, 0x94, 0xb1, 0x94, 0xad, 0x94, 0xf1, 
	0x94, 0xf1, 0x94, 0x69, 0x92, 0x61, 0x9a, 0x5d, 
	0xaa, 0xdb, 0x9a, 0x9f, 0xab, 0xa9, 0xab, 0xa7, 
	0xab, 0x65, 0x91, 0xdb, 0x91, 0x99, 0x9a, 0xe1, 
	0x79, 0x95, 0x49, 0x0b, 0x28, 0xc5, 0x18, 0xc7, 
	0x10, 0x83, 0x00, 0x01, 0x08, 0x03, 0x18, 0x87, 
	0x59, 0x8b, 0x82, 0x8f, 0x82, 0x91, 0x72, 0x13, 
	0x7a, 0x95, 0x93, 0x5b, 0x8b, 0x1d, 0x41, 0x4d, 
	0x20, 0xc5, 0x29, 0x07, 0x10, 0x85, 0x08, 0x01, 
	0x00, 0x43, 0x00, 0x01, 0x10, 0x43, 0x30, 0xc9, 
	0x41, 0x09, 0x52, 0x07, 0x6b, 0x0d, 0x94, 0x17, 
	0x94, 0x9b, 0x9c, 0x9d, 0x94, 0x5b, 0x8b, 0xd3, 
	0x7b, 0x4d, 0x49, 0xc9, 0x08, 0x83, 0x08, 0x01, 
	0x08, 0x43, 0x28, 0x87, 0x20, 0x87, 0x00, 0x01, 
	0x00, 0x01, 0x08, 0x03, 0x58, 0xc9, 0x89, 0xd3, 
	0x69, 0x93, 0x28, 0x89, 0x30, 0xc9, 0x18, 0x87, 
	0x49, 0x91, 0x4a, 0x17, 0x31, 0xd3, 0x39, 0xd5, 
	0x5a, 0x59, 0x39, 0x51, 0x28, 0xc9, 0x51, 0x51, 
	0x51, 0x11, 0x69, 0xd5, 0x61, 0x95, 0x82, 0x5b, 
	0x9a, 0xe5, 0x91, 0x97, 0x81, 0x0d, 0x70, 0xc9, 
	0x70, 0xcd, 0x68, 0xcf, 0x41, 0x09, 0x18, 0x85, 
	0x08, 0x43, 0x08, 0x03, 0x00, 0x43, 0x10, 0x45, 
	0x38, 0x89, 0x61, 0x4d, 0x61, 0x4d, 0x61, 0x51, 
	0x82, 0x59, 0x93, 0x5b, 0x8a, 0xdb, 0x31, 0x09, 
	0x00, 0x01, 0x08, 0x43, 0x10, 0x43, 0x08, 0x43, 
	0x08, 0x83, 0x18, 0x45, 0x20, 0x87, 0x29, 0x07, 
	0x6a, 0x91, 0x9c, 0x99, 0xac, 0x99, 0xac, 0xdd, 
	0xbd, 0x69, 0xac, 0xe1, 0xbd, 0xa7, 0xb5, 0x23, 
	0xbc, 0xdd, 0x94, 0x5d, 0x41, 0x49, 0x20, 0xc7, 
	0x08, 0x45, 0x20, 0x83, 0x10, 0x43, 0x00, 0x01, 
	0x00, 0x01, 0x08, 0x03, 0x50, 0x87, 0x92, 0x17, 
	0x51, 0x93, 0x08, 0x01, 0x08, 0x43, 0x08, 0x03, 
	0x10, 0x45, 0x10, 0x45, 0x19, 0x0b, 0x10, 0x45, 
	0x18, 0x45, 0x08, 0x45, 0x08, 0x43, 0x08, 0x43, 
	0x10, 0x45, 0x08, 0x03, 0x10, 0x45, 0x41, 0x0d, 
	0x93, 0x25, 0x92, 0x1b, 0x89, 0x4d, 0x70, 0xc9, 
	0x78, 0xcf, 0x79, 0x11, 0x61, 0x11, 0x20, 0x85, 
	0x10, 0x05, 0x00, 0x41, 0x08, 0x03, 0x08, 0x01, 
	0x08, 0x03, 0x31, 0x05, 0x41, 0x45, 0x31, 0x07, 
	0x20, 0x85, 0x28, 0xc7, 0x20, 0xc7, 0x10, 0x43, 
	0x08, 0x01, 0x00, 0x41, 0x18, 0x87, 0x10, 0x83, 
	0x20, 0x87, 0x59, 0x8f, 0x9b, 0xe3, 0x83, 0x5d, 
	0x8b, 0x5b, 0xb5, 0x27, 0xc5, 0xab, 0xc5, 0xa5, 
	0xc5, 0xa5, 0xc5, 0xa9, 0xc5, 0xa5, 0xc5, 0x65, 
	0xc5, 0xeb, 0x94, 0x21, 0x82, 0xd9, 0x51, 0x8f, 
	0x08, 0x83, 0x20, 0x85, 0x08, 0x03, 0x00, 0x01, 
	0x00, 0x01, 0x08, 0x03, 0x48, 0x45, 0x81, 0x53, 
	0x49, 0x4f, 0x10, 0x85, 0x08, 0x45, 0x08, 0x43, 
	0x10, 0x45, 0x28, 0x89, 0x20, 0xc9, 0x31, 0x09, 
	0x28, 0x89, 0x18, 0x85, 0x10, 0x45, 0x08, 0x45, 
	0x10, 0x89, 0x08, 0x85, 0x08, 0x03, 0x10, 0x43, 
	0x31, 0x09, 0x82, 0x59, 0x92, 0x9f, 0x7a, 0x19, 
	0x61, 0x51, 0x49, 0x0b, 0x40, 0xc9, 0x28, 0xc9, 
	0x18, 0x45, 0x08, 0x43, 0x20, 0x43, 0x20, 0x43, 
	0x18, 0xc7, 0x49, 0x8d, 0x41, 0xc7, 0x31, 0x07, 
	0x10, 0x83, 0x10, 0x43, 0x10, 0x43, 0x00, 0x41, 
	0x08, 0x01, 0x08, 0x45, 0x29, 0x07, 0x21, 0x49, 
	0x41, 0x4b, 0x9b, 0xe3, 0xc5, 0xf5, 0xac, 0xe9, 
	0xa4, 0x25, 0xb5, 0x6f, 0xc5, 0xb1, 0xce, 0x2d, 
	0xce, 0x31, 0xce, 0x33, 0xce, 0x2f, 0xcd, 0xeb, 
	0xbd, 0x6b, 0x9c, 0x65, 0xa4, 0x65, 0x51, 0xd1, 
	0x10, 0x43, 0x10, 0x43, 0x08, 0x43, 0x00, 0x01, 
	0x00, 0x01, 0x00, 0x01, 0x38, 0x49, 0x81, 0x53, 
	0x49, 0x0d, 0x08, 0x45, 0x10, 0x87, 0x10, 0x47, 
	0x20, 0x87, 0x39, 0x0b, 0x39, 0xcf, 0x39, 0x8d, 
	0x31, 0x8d, 0x31, 0x0f, 0x28, 0xcb, 0x10, 0x87, 
	0x10, 0x47, 0x10, 0x85, 0x00, 0x03, 0x08, 0x43, 
	0x39, 0x8b, 0x5a, 0x8f, 0x5a, 0x4f, 0x31, 0x49, 
	0x20, 0xc7, 0x30, 0xc7, 0x28, 0xc7, 0x18, 0x85, 
	0x18, 0x87, 0x20, 0x85, 0x28, 0xc7, 0x41, 0x47, 
	0x52, 0x11, 0x62, 0x93, 0x31, 0xcb, 0x39, 0x8b, 
	0x18, 0xc5, 0x20, 0x85, 0x10, 0x83, 0x08, 0x43, 
	0x00, 0x01, 0x08, 0x43, 0x20, 0xc5, 0x41, 0xcd, 
	0x52, 0x53, 0x94, 0xa5, 0xad, 0x2b, 0xad, 0x2d, 
	0xb5, 0xb3, 0xce, 0x37, 0xd6, 0x7b, 0xd6, 0xbb, 
	0xd6, 0xbb, 0xd6, 0xbb, 0xd6, 0xbb, 0xce, 0x35, 
	0xb5, 0x6f, 0xac, 0xa9, 0xb5, 0x2f, 0x59, 0xcf, 
	0x18, 0x87, 0x10, 0x41, 0x08, 0x43, 0x00, 0x01, 
	0x00, 0x01, 0x00, 0x01, 0x20, 0x47, 0x81, 0xd9, 
	0x7a, 0x19, 0x18, 0x87, 0x08, 0x43, 0x08, 0x45, 
	0x20, 0x89, 0x31, 0x91, 0x31, 0x4f, 0x21, 0x4d, 
	0x21, 0x0f, 0x31, 0xd3, 0x29, 0x51, 0x31, 0x53, 
	0x29, 0x0d, 0x10, 0x87, 0x08, 0x45, 0x18, 0xc9, 
	0x39, 0x91, 0x52, 0x51, 0x5a, 0xd3, 0x39, 0x8b, 
	0x21, 0x09, 0x39, 0x09, 0x39, 0x49, 0x39, 0x4b, 
	0x29, 0x4f, 0x20, 0x87, 0x18, 0xc5, 0x31, 0x0b, 
	0x6b, 0x17, 0x7b, 0x5b, 0x62, 0xd3, 0x4a, 0x4d, 
	0x18, 0xc7, 0x20, 0xc5, 0x20, 0xc7, 0x18, 0xc5, 
	0x18, 0xc5, 0x20, 0x85, 0x30, 0x87, 0x49, 0xcf, 
	0x83, 0xe3, 0xad, 0x2f, 0xbd, 0xf5, 0xce, 0x39, 
	0xd6, 0xbb, 0xd6, 0x7b, 0xce, 0x7b, 0xd6, 0x7b, 
	0xce, 0xbb, 0xd6, 0x7b, 0xd6, 0xbb, 0xce, 0x7b, 
	0xb5, 0x2f, 0xad, 0x2b, 0x83, 0xdf, 0x31, 0x09, 
	0x08, 0x43, 0x10, 0x43, 0x00, 0x41, 0x00, 0x01, 
	0x00, 0x01, 0x00, 0x01, 0x08, 0x03, 0x51, 0x51, 
	0x8a, 0x9d, 0x41, 0x4b, 0x08, 0x41, 0x10, 0x45, 
	0x21, 0x0d, 0x29, 0x51, 0x31, 0x95, 0x21, 0x91, 
	0x18, 0xcd, 0x21, 0x93, 0x29, 0x91, 0x31, 0x95, 
	0x31, 0x53, 0x29, 0x0d, 0x18, 0xcd, 0x29, 0x4f, 
	0x29, 0x93, 0x29, 0x51, 0x5a, 0x93, 0x52, 0x51, 
	0x31, 0x4d, 0x39, 0x4b, 0x31, 0x09, 0x29, 0x4d, 
	0x21, 0x0b, 0x18, 0xc7, 0x10, 0x43, 0x31, 0x09, 
	0x6a, 0x97, 0x82, 0xd5, 0x5a, 0x0f, 0x41, 0x8b, 
	0x29, 0x49, 0x29, 0x09, 0x42, 0x4f, 0x31, 0x4b, 
	0x29, 0x09, 0x20, 0xc7, 0x31, 0x4d, 0x72, 0xdd, 
	0xac, 0xef, 0xc6, 0x3b, 0xce, 0x7b, 0xc6, 0x7b, 
	0xc6, 0x7d, 0xbe, 0x7b, 0xc6, 0x7b, 0xce, 0x7b, 
	0xc6, 0x7d, 0xce, 0x7b, 0xd6, 0xbb, 0xce, 0x79, 
	0xac, 0xed, 0x84, 0x61, 0x39, 0x8b, 0x18, 0x45, 
	0x08, 0x41, 0x08, 0x43, 0x00, 0x01, 0x00, 0x01, 
	0x00, 0x01, 0x00, 0x01, 0x00, 0x01, 0x18, 0x45, 
	0x49, 0x4f, 0x59, 0xcf, 0x31, 0x49, 0x10, 0x85, 
	0x18, 0x87, 0x28, 0xcf, 0x29, 0x93, 0x31, 0x93, 
	0x29, 0x51, 0x29, 0x8f, 0x29, 0x4f, 0x19, 0x0d, 
	0x29, 0x51, 0x21, 0x51, 0x29, 0x95, 0x31, 0x93, 
	0x31, 0xd7, 0x3a, 0x19, 0x52, 0x97, 0x42, 0x0d, 
	0x31, 0x49, 0x29, 0x47, 0x20, 0x85, 0x21, 0x0b, 
	0x52, 0x97, 0x31, 0x4d, 0x29, 0x09, 0x28, 0xc9, 
	0x71, 0xd5, 0x81, 0xd3, 0x61, 0xd3, 0x72, 0x17, 
	0x59, 0xd3, 0x39, 0x0b, 0x49, 0xcd, 0x42, 0x0f, 
	0x52, 0x13, 0x39, 0x4f, 0x52, 0x99, 0x9c, 0xf1, 
	0xa5, 0xf9, 0xa6, 0x3b, 0xad, 0xfb, 0xa5, 0xf9, 
	0xae, 0x3b, 0xad, 0xfb, 0xb6, 0x39, 0xb6, 0x3b, 
	0xc6, 0x7b, 0xc6, 0x7d, 0xd6, 0xbb, 0xbd, 0xf5, 
	0x94, 0x67, 0x52, 0x93, 0x18, 0x85, 0x08, 0x43, 
	0x08, 0x41, 0x00, 0x01, 0x00, 0x01, 0x00, 0x01, 
	0x00, 0x01, 0x00, 0x01, 0x00, 0x01, 0x00, 0x01, 
	0x18, 0x85, 0x28, 0x87, 0x41, 0x89, 0x4a, 0x4d, 
	0x21, 0x0b, 0x18, 0x89, 0x28, 0xcd, 0x29, 0x93, 
	0x21, 0x51, 0x20, 0xcb, 0x21, 0x0b, 0x29, 0x91, 
	0x39, 0xd7, 0x42, 0x59, 0x42, 0x1b, 0x42, 0x9b, 
	0x4a, 0x5b, 0x4a, 0x9d, 0x6b, 0x21, 0x83, 0x5f, 
	0x83, 0x5f, 0x6a, 0x55, 0x41, 0x8d, 0x4a, 0x17, 
	0x4a, 0x53, 0x49, 0xcf, 0x51, 0xd1, 0x61, 0xd3, 
	0x61, 0xd3, 0x61, 0xd3, 0x62, 0x59, 0x8b, 0xa5, 
	0x94, 0x6d, 0x8b, 0xe5, 0x82, 0xdd, 0x7a, 0x9b, 
	0x8a, 0xa1, 0x73, 0x23, 0x84, 0x6d, 0x85, 0x35, 
	0x8d, 0x35, 0x85, 0x77, 0x85, 0x37, 0x85, 0x35, 
	0x85, 0x37, 0x8d, 0x77, 0x9d, 0xb9, 0xae, 0x39, 
	0xbe, 0x3b, 0xc6, 0x7d, 0xce, 0x79, 0x94, 0x67, 
	0x42, 0x11, 0x18, 0x85, 0x10, 0x83, 0x18, 0x85, 
	0x00, 0x01, 0x00, 0x01, 0x00, 0x01, 0x00, 0x01, 
	0x00, 0x01, 0x00, 0x01, 0x00, 0x01, 0x00, 0x01, 
	0x00, 0x01, 0x08, 0x43, 0x20, 0x85, 0x39, 0x8b, 
	0x4a, 0x0f, 0x31, 0x91, 0x29, 0x53, 0x29, 0x51, 
	0x21, 0x51, 0x29, 0x53, 0x31, 0xd5, 0x63, 0x61, 
	0xa5, 0x73, 0xa5, 0x73, 0xa5, 0x75, 0xad, 0xb3, 
	0xb5, 0xb7, 0xb5, 0xf9, 0xbe, 0x37, 0xa5, 0x33, 
	0xb5, 0xb5, 0xbd, 0x75, 0xa4, 0xf1, 0x83, 0xe5, 
	0x42, 0x11, 0x59, 0xd7, 0x8b, 0x1f, 0x82, 0xe1, 
	0x93, 0x65, 0x8b, 0x65, 0x83, 0xe7, 0x84, 0xb1, 
	0x74, 0xf3, 0x74, 0xf5, 0x74, 0xb1, 0x6c, 0x71, 
	0x6c, 0xb1, 0x64, 0x71, 0x5c, 0xb1, 0x5c, 0xb1, 
	0x54, 0x71, 0x54, 0x6f, 0x4c, 0x31, 0x54, 0x6f, 
	0x5c, 0xb1, 0x85, 0x37, 0x95, 0xb9, 0xa5, 0xf9, 
	0xb6, 0x39, 0xac, 0xf1, 0x8b, 0xe3, 0x41, 0x8f, 
	0x18, 0x43, 0x08, 0x83, 0x18, 0x85, 0x08, 0x43, 
	0x00, 0x01, 0x00, 0x01, 0x00, 0x01, 0x00, 0x01, 
	0x00, 0x01, 0x00, 0x01, 0x00, 0x01, 0x00, 0x01, 
	0x00, 0x01, 0x00, 0x01, 0x08, 0x03, 0x18, 0x83, 
	0x21, 0x07, 0x41, 0xcf, 0x39, 0xd1, 0x29, 0x4f, 
	0x21, 0x4f, 0x3a, 0x1b, 0x31, 0xd7, 0x52, 0x9d, 
	0xad, 0xb5, 0xc6, 0xbd, 0xc6, 0x7d, 0xce, 0xbb, 
	0xc6, 0x7d, 0xce, 0xbd, 0xc6, 0xbd, 0xce, 0x7b, 
	0xbe, 0x3b, 0xc6, 0x7d, 0xbd, 0xf9, 0xa4, 0xef, 
	0x8c, 0x29, 0x73, 0xa5, 0x8c, 0xb1, 0x74, 0xb3, 
	0x74, 0xb3, 0x6c, 0xf5, 0x64, 0xb1, 0x5c, 0xb3, 
	0x5c, 0xb1, 0x4c, 0x31, 0x54, 0x6f, 0x4c, 0x2d, 
	0x43, 0xef, 0x43, 0xeb, 0x3b, 0xad, 0x3b, 0xab, 
	0x3b, 0x6b, 0x33, 0xab, 0x43, 0xad, 0x4c, 0x6f, 
	0x6c, 0xb3, 0x85, 0x77, 0x95, 0xb9, 0xa5, 0xb7, 
	0x94, 0x67, 0x49, 0xd3, 0x28, 0xc9, 0x10, 0x41, 
	0x10, 0x43, 0x10, 0x43, 0x00, 0x41, 0x00, 0x01, 
	0x00, 0x01, 0x00, 0x01, 0x00, 0x01, 0x00, 0x01, 
	0x00, 0x01, 0x00, 0x01, 0x00, 0x01, 0x00, 0x01, 
	0x00, 0x01, 0x00, 0x01, 0x00, 0x01, 0x00, 0x01, 
	0x18, 0x45, 0x20, 0xc7, 0x31, 0x49, 0x39, 0xcd, 
	0x4a, 0x15, 0x42, 0x5b, 0x3a, 0x17, 0x39, 0xd7, 
	0x84, 0x69, 0xbe, 0x7b, 0xce, 0x7b, 0xc6, 0xbd, 
	0xce, 0x7d, 0xce, 0xbd, 0xc6, 0x7d, 0xce, 0xbd, 
	0xbe, 0x7d, 0xb6, 0x3b, 0xb6, 0x3b, 0xad, 0xf9, 
	0x9d, 0xf9, 0x8d, 0x77, 0x85, 0x35, 0x7c, 0xf5, 
	0x64, 0xb3, 0x5c, 0x71, 0x54, 0x6f, 0x4c, 0x2f, 
	0x4b, 0xed, 0x43, 0xad, 0x43, 0xed, 0x3b, 0x6b, 
	0x3b, 0xa9, 0x43, 0x6b, 0x3b, 0x6b, 0x33, 0x69, 
	0x3b, 0xab, 0x3b, 0xed, 0x54, 0x2f, 0x64, 0xb3, 
	0x84, 0xf3, 0x7c, 0x27, 0x63, 0x63, 0x52, 0x97, 
	0x31, 0x4b, 0x20, 0xc9, 0x18, 0x83, 0x10, 0x83, 
	0x10, 0x41, 0x00, 0x01, 0x00, 0x01, 0x00, 0x01, 
	0x00, 0x01, 0x00, 0x01, 0x00, 0x01, 0x00, 0x01, 
	0x00, 0x01, 0x00, 0x01, 0x00, 0x01, 0x00, 0x01, 
	0x00, 0x01, 0x00, 0x01, 0x00, 0x01, 0x00, 0x01, 
	0x00, 0x01, 0x08, 0x01, 0x08, 0x43, 0x28, 0xc7, 
	0x39, 0x4b, 0x42, 0x11, 0x41, 0xd1, 0x42, 0x51, 
	0x5a, 0x57, 0x9c, 0xad, 0xbd, 0xf9, 0xbd, 0xf9, 
	0xc6, 0x79, 0xc6, 0x7d, 0xce, 0x7b, 0xbe, 0xbd, 
	0xbe, 0x3b, 0xae, 0x3b, 0xa5, 0xf9, 0x9d, 0xb9, 
	0x95, 0x77, 0x95, 0x77, 0x95, 0x77, 0x85, 0x35, 
	0x74, 0xb3, 0x64, 0x71, 0x64, 0x71, 0x5c, 0x6f, 
	0x54, 0x2f, 0x4b, 0xed, 0x43, 0xad, 0x43, 0x69, 
	0x3b, 0x6b, 0x3b, 0xab, 0x43, 0xed, 0x43, 0xed, 
	0x4c, 0x2f, 0x6c, 0x71, 0x74, 0x2b, 0x73, 0x65, 
	0x6a, 0xdd, 0x41, 0x8f, 0x29, 0x49, 0x18, 0xc7, 
	0x39, 0x49, 0x29, 0x49, 0x10, 0x43, 0x00, 0x01, 
	0x00, 0x01, 0x00, 0x01, 0x00, 0x01, 0x00, 0x01, 
	0x00, 0x01, 0x00, 0x01, 0x00, 0x01, 0x00, 0x01, 
	0x00, 0x01, 0x00, 0x01, 0x00, 0x01, 0x00, 0x01, 
	0x00, 0x01, 0x00, 0x01, 0x00, 0x01, 0x00, 0x01, 
	0x00, 0x01, 0x00, 0x01, 0x00, 0x01, 0x08, 0x03, 
	0x10, 0x43, 0x20, 0xc5, 0x31, 0x49, 0x31, 0x09, 
	0x39, 0x49, 0x49, 0xcf, 0x73, 0x1d, 0x94, 0x25, 
	0xa4, 0xef, 0xb5, 0xb5, 0xc6, 0x3b, 0xbe, 0x7b, 
	0xbd, 0xfb, 0xb5, 0xf9, 0xa5, 0xf9, 0x9d, 0xf9, 
	0x95, 0x77, 0x8d, 0x77, 0x8d, 0x37, 0x85, 0x35, 
	0x6c, 0xb3, 0x64, 0xb1, 0x5c, 0x6f, 0x54, 0x31, 
	0x4c, 0x2d, 0x43, 0xed, 0x4b, 0xef, 0x4b, 0xed, 
	0x4c, 0x2f, 0x54, 0x6f, 0x5c, 0xb1, 0x6c, 0x6f, 
	0x7b, 0xe9, 0x72, 0x9d, 0x62, 0x13, 0x49, 0xd3, 
	0x4a, 0x0f, 0x31, 0x8b, 0x20, 0xc7, 0x20, 0xc3, 
	0x10, 0x83, 0x08, 0x03, 0x00, 0x01, 0x00, 0x01, 
	0x00, 0x01, 0x00, 0x01, 0x00, 0x01, 0x00, 0x01, 
	0x00, 0x01, 0x00, 0x01, 0x00, 0x01, 0x00, 0x01, 
	0x00, 0x01, 0x00, 0x01, 0x00, 0x01, 0x00, 0x01, 
	0x00, 0x01, 0x00, 0x01, 0x00, 0x01, 0x00, 0x01, 
	0x00, 0x01, 0x00, 0x01, 0x00, 0x01, 0x00, 0x01, 
	0x00, 0x01, 0x00, 0x01, 0x10, 0x43, 0x20, 0xc7, 
	0x28, 0xc9, 0x29, 0x4b, 0x29, 0x0b, 0x31, 0x4b, 
	0x31, 0x4d, 0x52, 0x13, 0x7b, 0xa3, 0x94, 0xad, 
	0x8c, 0x25, 0x73, 0x5f, 0x73, 0x21, 0x7b, 0xa5, 
	0x84, 0x6b, 0x8c, 0xb3, 0x84, 0xb3, 0x74, 0xf3, 
	0x74, 0xb3, 0x64, 0xb3, 0x64, 0xb1, 0x64, 0xb1, 
	0x64, 0xb1, 0x64, 0x71, 0x6c, 0xb1, 0x6c, 0xb3, 
	0x7c, 0xb3, 0x84, 0xb1, 0x83, 0xe7, 0x62, 0x15, 
	0x49, 0x8f, 0x39, 0x8b, 0x29, 0x49, 0x18, 0xc5, 
	0x29, 0x07, 0x18, 0xc7, 0x08, 0x41, 0x08, 0x03, 
	0x00, 0x01, 0x00, 0x01, 0x00, 0x01, 0x00, 0x01, 
	0x00, 0x01, 0x00, 0x01, 0x00, 0x01, 0x00, 0x01, 
	0x00, 0x01, 0x00, 0x01, 0x00, 0x01, 0x00, 0x01, 
	0x00, 0x01, 0x00, 0x01, 0x00, 0x01, 0x00, 0x01, 
	0x00, 0x01, 0x00, 0x01, 0x00, 0x01, 0x00, 0x01, 
	0x00, 0x01, 0x00, 0x01, 0x00, 0x01, 0x00, 0x01, 
	0x00, 0x01, 0x00, 0x01, 0x00, 0x01, 0x00, 0x01, 
	0x08, 0x43, 0x10, 0x45, 0x18, 0xc7, 0x20, 0x89, 
	0x20, 0xc7, 0x20, 0xc9, 0x31, 0xcf, 0x52, 0x57, 
	0x4a, 0x55, 0x41, 0xd1, 0x39, 0x8b, 0x49, 0xd3, 
	0x62, 0x57, 0x72, 0x99, 0x72, 0x5b, 0x7a, 0x9d, 
	0x7a, 0xa1, 0x83, 0x61, 0x72, 0x9f, 0x6a, 0x99, 
	0x72, 0x9d, 0x6a, 0xdd, 0x6a, 0xdd, 0x83, 0x61, 
	0x7b, 0x1f, 0x62, 0x17, 0x49, 0xcf, 0x41, 0x8d, 
	0x41, 0xcd, 0x29, 0x47, 0x18, 0x85, 0x08, 0x43, 
	0x00, 0x41, 0x08, 0x01, 0x00, 0x01, 0x00, 0x01, 
	0x00, 0x01, 0x00, 0x01, 0x00, 0x01, 0x00, 0x01, 
	0x00, 0x01, 0x00, 0x01, 0x00, 0x01, 0x00, 0x01, 
	0x00, 0x01, 0x00, 0x01, 0x00, 0x01, 0x00, 0x01, 
	0x00, 0x01, 0x00, 0x01, 0x00, 0x01, 0x00, 0x01, 
	0x00, 0x01, 0x00, 0x01, 0x00, 0x01, 0x00, 0x01, 
	0x00, 0x01, 0x00, 0x01, 0x00, 0x01, 0x00, 0x01, 
	0x00, 0x01, 0x00, 0x01, 0x00, 0x01, 0x00, 0x01, 
	0x00, 0x01, 0x00, 0x01, 0x00, 0x01, 0x00, 0x01, 
	0x08, 0x01, 0x10, 0x43, 0x10, 0x43, 0x10, 0x85, 
	0x18, 0x45, 0x20, 0xc5, 0x20, 0xc7, 0x29, 0x09, 
	0x28, 0xc7, 0x18, 0x85, 0x28, 0xc9, 0x49, 0x8f, 
	0x61, 0xd3, 0x6a, 0x57, 0x72, 0x55, 0x72, 0x55, 
	0x6a, 0x53, 0x62, 0x51, 0x5a, 0x51, 0x49, 0xd1, 
	0x41, 0xcb, 0x21, 0x07, 0x18, 0x85, 0x08, 0x85, 
	0x08, 0x01, 0x08, 0x43, 0x00, 0x01, 0x00, 0x01, 
	0x00, 0x01, 0x00, 0x01, 0x00, 0x01, 0x00, 0x01, 
	0x00, 0x01, 0x00, 0x01, 0x00, 0x01, 0x00, 0x01, 
	0x00, 0x01, 0x00, 0x01, 0x00, 0x01, 0x00, 0x01, 
	0x00, 0x01, 0x00, 0x01, 0x00, 0x01, 0x00, 0x01, 
	0x00, 0x01, 0x00, 0x01, 0x00, 0x01, 0x00, 0x01, 
	0x00, 0x01, 0x00, 0x01, 0x00, 0x01, 0x00, 0x01, 
	0x00, 0x01, 0x00, 0x01, 0x00, 0x01, 0x00, 0x01, 
	0x00, 0x01, 0x00, 0x01, 0x00, 0x01, 0x00, 0x01, 
	0x00, 0x01, 0x00, 0x01, 0x00, 0x01, 0x00, 0x01, 
	0x00, 0x01, 0x00, 0x01, 0x00, 0x01, 0x00, 0x01, 
	0x08, 0x01, 0x00, 0x43, 0x08, 0x01, 0x08, 0x43, 
	0x10, 0x41, 0x08, 0x03, 0x08, 0x43, 0x18, 0x85, 
	0x18, 0x85, 0x18, 0xc7, 0x20, 0xc7, 0x18, 0xc7, 
	0x10, 0x85, 0x10, 0x83, 0x08, 0x43, 0x08, 0x01, 
	0x00, 0x43, 0x00, 0x01, 0x00, 0x01, 0x00, 0x01, 
	0x00, 0x01, 0x00, 0x01, 0x00, 0x01, 0x00, 0x01, 
	0x00, 0x01, 0x00, 0x01, 0x00, 0x01, 0x00, 0x01, 
	0x00, 0x01, 0x00, 0x01, 0x00, 0x01, 0x00, 0x01, 
	0x00, 0x01, 0x00, 0x01, 0x00, 0x01, 0x00, 0x01, 
	0x00, 0x01, 0x00, 0x01, 0x00, 0x01, 0x00, 0x01, 
	
};

Gfx mario_soniceyenew_rgba16_aligner[] = {gsSPEndDisplayList()};
u8 mario_soniceyenew_rgba16[] = {
	0xf7, 0xbd, 0xf7, 0xbd, 0xf7, 0xbd, 0xf7, 0xbd, 
	0xf7, 0xbd, 0xf7, 0xbd, 0xf7, 0xbd, 0xf7, 0xbd, 
	0xf7, 0xbd, 0xf7, 0xbd, 0xf7, 0xbd, 0xf7, 0xbd, 
	0xf7, 0xbd, 0xf7, 0xbd, 0xf7, 0xbd, 0xf7, 0xbd, 
	0xf7, 0xbd, 0xf7, 0xbd, 0xf7, 0xbd, 0xf7, 0xbd, 
	0xf7, 0xbd, 0xf7, 0xbd, 0xf7, 0xbd, 0xf7, 0xbd, 
	0xf7, 0xbd, 0xf7, 0xbd, 0xf7, 0xbd, 0xf7, 0xbd, 
	0xf7, 0xbd, 0xf7, 0xbd, 0xf7, 0xbd, 0xf7, 0xbd, 
	0xf7, 0xbd, 0xf7, 0xbd, 0xf7, 0xbd, 0xf7, 0xbd, 
	0xf7, 0xbd, 0xf7, 0xbd, 0xf7, 0xbd, 0xf7, 0xbd, 
	0xf7, 0xbd, 0xf7, 0xbd, 0xf7, 0xbd, 0xf7, 0xbd, 
	0xf7, 0xbd, 0xf7, 0xbd, 0xf7, 0xbd, 0xf7, 0xbd, 
	0xf7, 0xbd, 0xf7, 0xbd, 0xf7, 0xbd, 0xf7, 0xbd, 
	0xf7, 0xbd, 0xf7, 0xbd, 0xf7, 0xbd, 0xf7, 0xbd, 
	0xf7, 0xbd, 0xf7, 0xbd, 0xf7, 0xbd, 0xf7, 0xbd, 
	0xf7, 0xbd, 0xf7, 0xbd, 0xf7, 0xbd, 0xf7, 0xbd, 
	0xf7, 0xbd, 0xf7, 0xbd, 0xf7, 0xbd, 0xf7, 0xbd, 
	0xf7, 0xbd, 0xf7, 0xbd, 0xf7, 0xbd, 0xf7, 0xbd, 
	0xf7, 0xbd, 0xf7, 0xbd, 0xf7, 0xbd, 0xf7, 0xbd, 
	0xf7, 0xbd, 0xf7, 0xbd, 0xf7, 0xbd, 0xf7, 0xbd, 
	0xf7, 0xbd, 0xf7, 0xbd, 0xf7, 0xbd, 0xf7, 0xbd, 
	0xf7, 0xbd, 0xf7, 0xbd, 0xf7, 0xbd, 0xf7, 0xbd, 
	0xf7, 0xbd, 0xef, 0x7d, 0xf7, 0xbd, 0xf7, 0xbd, 
	0xf7, 0xbd, 0xf7, 0xbd, 0xf7, 0xbd, 0xf7, 0xbd, 
	0xf7, 0xbd, 0xf7, 0xbd, 0xf7, 0xbd, 0xf7, 0xbd, 
	0xf7, 0xbd, 0xf7, 0xbd, 0xf7, 0xbd, 0xf7, 0xbd, 
	0xf7, 0xbd, 0xf7, 0xbd, 0xf7, 0xbd, 0xf7, 0xbd, 
	0xf7, 0xbd, 0xf7, 0xbd, 0xf7, 0xbd, 0xf7, 0xbd, 
	0xf7, 0xbd, 0xf7, 0xbd, 0xf7, 0xbd, 0xf7, 0xbd, 
	0xf7, 0xbd, 0xf7, 0xbd, 0xf7, 0xbd, 0xf7, 0xbd, 
	0xf7, 0xbd, 0xf7, 0xbd, 0xef, 0x7d, 0xf7, 0xbd, 
	0xf7, 0xbd, 0xf7, 0xbd, 0xf7, 0xbd, 0xf7, 0xbd, 
	0xf7, 0xbd, 0xf7, 0xbd, 0xf7, 0xbd, 0xf7, 0xbd, 
	0xf7, 0xbd, 0xf7, 0xbd, 0xf7, 0xbd, 0xf7, 0xbd, 
	0xf7, 0xbd, 0xf7, 0xbd, 0xf7, 0xbd, 0xf7, 0xbd, 
	0xf7, 0xbd, 0xce, 0x73, 0xce, 0x73, 0xce, 0x73, 
	0xce, 0x73, 0xce, 0x73, 0xce, 0x73, 0xce, 0x73, 
	0xce, 0x73, 0xce, 0x73, 0xf7, 0xbd, 0xf7, 0xbd, 
	0xf7, 0xbd, 0xf7, 0xbd, 0xf7, 0xbd, 0xf7, 0xbd, 
	0xf7, 0xbd, 0xf7, 0xbd, 0xf7, 0xbd, 0xf7, 0xbd, 
	0xf7, 0xbd, 0xf7, 0xbd, 0xf7, 0xbd, 0xf7, 0xbd, 
	0xf7, 0xbd, 0xf7, 0xbd, 0xf7, 0xbd, 0xf7, 0xbd, 
	0xf7, 0xbd, 0xf7, 0xbd, 0xf7, 0xbd, 0xce, 0x73, 
	0xce, 0x73, 0x06, 0x17, 0x06, 0x17, 0x0d, 0x13, 
	0x0d, 0x13, 0x03, 0xcf, 0x03, 0xcf, 0x03, 0xcf, 
	0x03, 0xcf, 0x03, 0xcf, 0xce, 0x73, 0xce, 0x73, 
	0xf7, 0xbd, 0xf7, 0xbd, 0xf7, 0xbd, 0xf7, 0xbd, 
	0xf7, 0xbd, 0xf7, 0xbd, 0xf7, 0xbd, 0xf7, 0xbd, 
	0xf7, 0xbd, 0xf7, 0xbd, 0xf7, 0xbd, 0xf7, 0xbd, 
	0xf7, 0xbd, 0xf7, 0xbd, 0xf7, 0xbd, 0xf7, 0xbd, 
	0xf7, 0xbd, 0xf7, 0xbd, 0xce, 0x73, 0x06, 0x17, 
	0x06, 0x17, 0x06, 0x17, 0xff, 0xff, 0x00, 0x01, 
	0x00, 0x01, 0x00, 0x01, 0x00, 0x01, 0x00, 0x01, 
	0x00, 0x01, 0x00, 0x01, 0x0d, 0x13, 0x06, 0x17, 
	0xce, 0x73, 0xf7, 0xbd, 0xf7, 0xbd, 0xf7, 0xbd, 
	0xf7, 0xbd, 0xf7, 0xbd, 0xf7, 0xbd, 0xf7, 0xbd, 
	0xf7, 0xbd, 0xf7, 0xbd, 0xf7, 0xbd, 0xf7, 0xbd, 
	0xf7, 0xbd, 0xf7, 0xbd, 0xf7, 0xbd, 0xf7, 0xbd, 
	0xf7, 0xbd, 0xf7, 0xbd, 0xce, 0x73, 0x06, 0x17, 
	0x06, 0x17, 0x06, 0x17, 0xff, 0xff, 0x00, 0x01, 
	0x00, 0x01, 0x00, 0x01, 0x00, 0x01, 0x00, 0x01, 
	0x00, 0x01, 0x00, 0x01, 0x0d, 0x13, 0x06, 0x17, 
	0xce, 0x73, 0xf7, 0xbd, 0xf7, 0xbd, 0xf7, 0xbd, 
	0xf7, 0xbd, 0xf7, 0xbd, 0xf7, 0xbd, 0xf7, 0xbd, 
	0xf7, 0xbd, 0xf7, 0xbd, 0xf7, 0xbd, 0xf7, 0xbd, 
	0xf7, 0xbd, 0xf7, 0xbd, 0xf7, 0xbd, 0xf7, 0xbd, 
	0xf7, 0xbd, 0xf7, 0xbd, 0xf7, 0xbd, 0xce, 0x73, 
	0xce, 0x73, 0x06, 0x17, 0x06, 0x17, 0x0d, 0x13, 
	0x0d, 0x13, 0x03, 0xcf, 0x03, 0xcf, 0x03, 0xcf, 
	0x03, 0xcf, 0x03, 0xcf, 0xce, 0x73, 0xce, 0x73, 
	0xf7, 0xbd, 0xf7, 0xbd, 0xf7, 0xbd, 0xf7, 0xbd, 
	0xf7, 0xbd, 0xf7, 0xbd, 0xf7, 0xbd, 0xf7, 0xbd, 
	0xf7, 0xbd, 0xf7, 0xbd, 0xf7, 0xbd, 0xf7, 0xbd, 
	0xf7, 0xbd, 0xf7, 0xbd, 0xf7, 0xbd, 0xf7, 0xbd, 
	0xf7, 0xbd, 0xf7, 0xbd, 0xf7, 0xbd, 0xf7, 0xbd, 
	0xf7, 0xbd, 0xce, 0x73, 0xce, 0x73, 0xce, 0x73, 
	0xce, 0x73, 0xce, 0x73, 0xce, 0x73, 0xce, 0x73, 
	0xce, 0x73, 0xce, 0x73, 0xf7, 0xbd, 0xf7, 0xbd, 
	0xf7, 0xbd, 0xf7, 0xbd, 0xf7, 0xbd, 0xf7, 0xbd, 
	0xf7, 0xbd, 0xf7, 0xbd, 0xf7, 0xbd, 0xf7, 0xbd, 
	0xf7, 0xbd, 0xf7, 0xbd, 0xf7, 0xbd, 0xf7, 0xbd, 
	0xf7, 0xbd, 0xf7, 0xbd, 0xf7, 0xbd, 0xf7, 0xbd, 
	0xf7, 0xbd, 0xf7, 0xbd, 0xf7, 0xbd, 0xf7, 0xbd, 
	0xf7, 0xbd, 0xf7, 0xbd, 0xf7, 0xbd, 0xf7, 0xbd, 
	0xf7, 0xbd, 0xf7, 0xbd, 0xf7, 0xbd, 0xf7, 0xbd, 
	0xf7, 0xbd, 0xf7, 0xbd, 0xf7, 0xbd, 0xf7, 0xbd, 
	0xf7, 0xbd, 0xf7, 0xbd, 0xf7, 0xbd, 0xf7, 0xbd, 
	0xf7, 0xbd, 0xf7, 0xbd, 0xf7, 0xbd, 0xf7, 0xbd, 
	0xf7, 0xbd, 0xf7, 0xbd, 0xf7, 0xbd, 0xf7, 0xbd, 
	0xf7, 0xbd, 0xf7, 0xbd, 0xf7, 0xbd, 0xf7, 0xbd, 
	0xf7, 0xbd, 0xf7, 0xbd, 0xf7, 0xbd, 0xf7, 0xbd, 
	0xf7, 0xbd, 0xf7, 0xbd, 0xf7, 0xbd, 0xf7, 0xbd, 
	0xf7, 0xbd, 0xf7, 0xbd, 0xf7, 0xbd, 0xf7, 0xbd, 
	0xf7, 0xbd, 0xf7, 0xbd, 0xf7, 0xbd, 0xf7, 0xbd, 
	0xf7, 0xbd, 0xf7, 0xbd, 0xf7, 0xbd, 0xf7, 0xbd, 
	0xf7, 0xbd, 0xf7, 0xbd, 0xf7, 0xbd, 0xf7, 0xbd, 
	0xf7, 0xbd, 0xf7, 0xbd, 0xf7, 0xbd, 0xf7, 0xbd, 
	0xf7, 0xbd, 0xf7, 0xbd, 0xf7, 0xbd, 0xf7, 0xbd, 
	0xf7, 0xbd, 0xf7, 0xbd, 0xf7, 0xbd, 0xf7, 0xbd, 
	0xf7, 0xbd, 0xf7, 0xbd, 0xf7, 0xbd, 0xf7, 0xbd, 
	0xf7, 0xbd, 0xf7, 0xbd, 0xf7, 0xbd, 0xf7, 0xbd, 
	0xf7, 0xbd, 0xf7, 0xbd, 0xf7, 0xbd, 0xf7, 0xbd, 
	0xf7, 0xbd, 0xf7, 0xbd, 0xf7, 0xbd, 0xf7, 0xbd, 
	0xf7, 0xbd, 0xf7, 0xbd, 0xf7, 0xbd, 0xf7, 0xbd, 
	0xf7, 0xbd, 0xf7, 0xbd, 0xf7, 0xbd, 0xf7, 0xbd, 
	0xf7, 0xbd, 0xf7, 0xbd, 0xf7, 0xbd, 0xf7, 0xbd, 
	0xf7, 0xbd, 0xf7, 0xbd, 0xf7, 0xbd, 0xf7, 0xbd, 
	0xf7, 0xbd, 0xf7, 0xbd, 0xf7, 0xbd, 0xf7, 0xbd, 
	0xf7, 0xbd, 0xf7, 0xbd, 0xf7, 0xbd, 0xf7, 0xbd, 
	0xf7, 0xbd, 0xf7, 0xbd, 0xf7, 0xbd, 0xf7, 0xbd, 
	0xf7, 0xbd, 0xf7, 0xbd, 0xf7, 0xbd, 0xf7, 0xbd, 
	0xf7, 0xbd, 0xf7, 0xbd, 0xf7, 0xbd, 0xf7, 0xbd, 
	0xf7, 0xbd, 0xf7, 0xbd, 0xf7, 0xbd, 0xf7, 0xbd, 
	0xf7, 0xbd, 0xf7, 0xbd, 0xf7, 0xbd, 0xf7, 0xbd, 
	0xf7, 0xbd, 0xf7, 0xbd, 0xf7, 0xbd, 0xf7, 0xbd, 
	0xf7, 0xbd, 0xf7, 0xbd, 0xf7, 0xbd, 0xf7, 0xbd, 
	0xf7, 0xbd, 0xf7, 0xbd, 0xf7, 0xbd, 0xf7, 0xbd, 
	0xf7, 0xbd, 0xf7, 0xbd, 0xf7, 0xbd, 0xf7, 0xbd, 
	0xf7, 0xbd, 0xf7, 0xbd, 0xf7, 0xbd, 0xf7, 0xbd, 
	0xf7, 0xbd, 0xf7, 0xbd, 0xf7, 0xbd, 0xf7, 0xbd, 
	0xf7, 0xbd, 0xf7, 0xbd, 0xf7, 0xbd, 0xf7, 0xbd, 
	0xf7, 0xbd, 0xf7, 0xbd, 0xf7, 0xbd, 0xf7, 0xbd, 
	0xf7, 0xbd, 0xf7, 0xbd, 0xf7, 0xbd, 0xf7, 0xbd, 
	0xf7, 0xbd, 0xf7, 0xbd, 0xf7, 0xbd, 0xf7, 0xbd, 
	0xf7, 0xbd, 0xf7, 0xbd, 0xf7, 0xbd, 0xf7, 0xbd, 
	0xf7, 0xbd, 0xf7, 0xbd, 0xf7, 0xbd, 0xf7, 0xbd, 
	0xf7, 0xbd, 0xf7, 0xbd, 0xf7, 0xbd, 0xf7, 0xbd, 
	0xf7, 0xbd, 0xf7, 0xbd, 0xf7, 0xbd, 0xf7, 0xbd, 
	0xf7, 0xbd, 0xf7, 0xbd, 0xf7, 0xbd, 0xf7, 0xbd, 
	0xf7, 0xbd, 0xf7, 0xbd, 0xf7, 0xbd, 0xf7, 0xbd, 
	0xf7, 0xbd, 0xf7, 0xbd, 0xf7, 0xbd, 0xf7, 0xbd, 
	0xf7, 0xbd, 0xf7, 0xbd, 0xf7, 0xbd, 0xf7, 0xbd, 
	0xf7, 0xbd, 0xf7, 0xbd, 0xf7, 0xbd, 0xf7, 0xbd, 
	0xf7, 0xbd, 0xf7, 0xbd, 0xf7, 0xbd, 0xf7, 0xbd, 
	0xf7, 0xbd, 0xf7, 0xbd, 0xf7, 0xbd, 0xf7, 0xbd, 
	0xf7, 0xbd, 0xf7, 0xbd, 0xf7, 0xbd, 0xf7, 0xbd, 
	0xf7, 0xbd, 0xf7, 0xbd, 0xf7, 0xbd, 0xf7, 0xbd, 
	0xf7, 0xbd, 0xf7, 0xbd, 0xf7, 0xbd, 0xf7, 0xbd, 
	0xf7, 0xbd, 0xf7, 0xbd, 0xf7, 0xbd, 0xf7, 0xbd, 
	0xf7, 0xbd, 0xf7, 0xbd, 0xf7, 0xbd, 0xf7, 0xbd, 
	0xf7, 0xbd, 0xf7, 0xbd, 0xf7, 0xbd, 0xf7, 0xbd, 
	0xf7, 0xbd, 0xf7, 0xbd, 0xf7, 0xbd, 0xf7, 0xbd, 
	0xf7, 0xbd, 0xf7, 0xbd, 0xf7, 0xbd, 0xf7, 0xbd, 
	0xf7, 0xbd, 0xf7, 0xbd, 0xf7, 0xbd, 0xf7, 0xbd, 
	0xf7, 0xbd, 0xf7, 0xbd, 0xf7, 0xbd, 0xf7, 0xbd, 
	0xf7, 0xbd, 0xf7, 0xbd, 0xf7, 0xbd, 0xf7, 0xbd, 
	0xf7, 0xbd, 0xf7, 0xbd, 0xf7, 0xbd, 0xf7, 0xbd, 
	0xf7, 0xbd, 0xf7, 0xbd, 0xf7, 0xbd, 0xf7, 0xbd, 
	0xf7, 0xbd, 0xf7, 0xbd, 0xf7, 0xbd, 0xf7, 0xbd, 
	0xf7, 0xbd, 0xf7, 0xbd, 0xf7, 0xbd, 0xf7, 0xbd, 
	0xf7, 0xbd, 0xf7, 0xbd, 0xf7, 0xbd, 0xf7, 0xbd, 
	0xf7, 0xbd, 0xf7, 0xbd, 0xf7, 0xbd, 0xf7, 0xbd, 
	0xf7, 0xbd, 0xf7, 0xbd, 0xf7, 0xbd, 0xf7, 0xbd, 
	0xf7, 0xbd, 0xf7, 0xbd, 0xf7, 0xbd, 0xf7, 0xbd, 
	0xf7, 0xbd, 0xf7, 0xbd, 0xf7, 0xbd, 0xf7, 0xbd, 
	0xf7, 0xbd, 0xf7, 0xbd, 0xf7, 0xbd, 0xf7, 0xbd, 
	0xf7, 0xbd, 0xf7, 0xbd, 0xf7, 0xbd, 0xf7, 0xbd, 
	0xf7, 0xbd, 0xf7, 0xbd, 0xf7, 0xbd, 0xf7, 0xbd, 
	0xf7, 0xbd, 0xf7, 0xbd, 0xf7, 0xbd, 0xf7, 0xbd, 
	0xf7, 0xbd, 0xf7, 0xbd, 0xf7, 0xbd, 0xf7, 0xbd, 
	0xf7, 0xbd, 0xf7, 0xbd, 0xf7, 0xbd, 0xf7, 0xbd, 
	0xf7, 0xbd, 0xf7, 0xbd, 0xf7, 0xbd, 0xf7, 0xbd, 
	0xf7, 0xbd, 0xf7, 0xbd, 0xf7, 0xbd, 0xf7, 0xbd, 
	0xf7, 0xbd, 0xf7, 0xbd, 0xf7, 0xbd, 0xf7, 0xbd, 
	0xf7, 0xbd, 0xf7, 0xbd, 0xf7, 0xbd, 0xf7, 0xbd, 
	0xf7, 0xbd, 0xf7, 0xbd, 0xf7, 0xbd, 0xf7, 0xbd, 
	0xf7, 0xbd, 0xf7, 0xbd, 0xf7, 0xbd, 0xf7, 0xbd, 
	0xf7, 0xbd, 0xf7, 0xbd, 0xf7, 0xbd, 0xf7, 0xbd, 
	0xf7, 0xbd, 0xf7, 0xbd, 0xf7, 0xbd, 0xf7, 0xbd, 
	0xf7, 0xbd, 0xf7, 0xbd, 0xf7, 0xbd, 0xf7, 0xbd, 
	0xf7, 0xbd, 0xf7, 0xbd, 0xf7, 0xbd, 0xf7, 0xbd, 
	0xf7, 0xbd, 0xf7, 0xbd, 0xf7, 0xbd, 0xf7, 0xbd, 
	0xf7, 0xbd, 0xf7, 0xbd, 0xf7, 0xbd, 0xf7, 0xbd, 
	0xf7, 0xbd, 0xf7, 0xbd, 0xf7, 0xbd, 0xf7, 0xbd, 
	0xf7, 0xbd, 0xf7, 0xbd, 0xf7, 0xbd, 0xf7, 0xbd, 
	0xf7, 0xbd, 0xf7, 0xbd, 0xf7, 0xbd, 0xf7, 0xbd, 
	0xf7, 0xbd, 0xf7, 0xbd, 0xf7, 0xbd, 0xf7, 0xbd, 
	0xf7, 0xbd, 0xf7, 0xbd, 0xf7, 0xbd, 0xf7, 0xbd, 
	0xf7, 0xbd, 0xf7, 0xbd, 0xf7, 0xbd, 0xf7, 0xbd, 
	0xf7, 0xbd, 0xf7, 0xbd, 0xf7, 0xbd, 0xf7, 0xbd, 
	0xf7, 0xbd, 0xf7, 0xbd, 0xf7, 0xbd, 0xf7, 0xbd, 
	0xf7, 0xbd, 0xf7, 0xbd, 0xf7, 0xbd, 0xf7, 0xbd, 
	0xf7, 0xbd, 0xf7, 0xbd, 0xf7, 0xbd, 0xf7, 0xbd, 
	0xf7, 0xbd, 0xf7, 0xbd, 0xf7, 0xbd, 0xf7, 0xbd, 
	0xf7, 0xbd, 0xf7, 0xbd, 0xf7, 0xbd, 0xf7, 0xbd, 
	0xf7, 0xbd, 0xf7, 0xbd, 0xf7, 0xbd, 0xf7, 0xbd, 
	0xf7, 0xbd, 0xf7, 0xbd, 0xf7, 0xbd, 0xf7, 0xbd, 
	0xf7, 0xbd, 0xf7, 0xbd, 0xf7, 0xbd, 0xf7, 0xbd, 
	0xf7, 0xbd, 0xf7, 0xbd, 0xf7, 0xbd, 0xf7, 0xbd, 
	0xf7, 0xbd, 0xf7, 0xbd, 0xf7, 0xbd, 0xf7, 0xbd, 
	0xf7, 0xbd, 0xf7, 0xbd, 0xf7, 0xbd, 0xf7, 0xbd, 
	0xf7, 0xbd, 0xf7, 0xbd, 0xf7, 0xbd, 0xf7, 0xbd, 
	0xf7, 0xbd, 0xf7, 0xbd, 0xf7, 0xbd, 0xf7, 0xbd, 
	0xf7, 0xbd, 0xf7, 0xbd, 0xf7, 0xbd, 0xf7, 0xbd, 
	0xf7, 0xbd, 0xf7, 0xbd, 0xf7, 0xbd, 0xf7, 0xbd, 
	0xf7, 0xbd, 0xf7, 0xbd, 0xf7, 0xbd, 0xf7, 0xbd, 
	0xf7, 0xbd, 0xf7, 0xbd, 0xf7, 0xbd, 0xf7, 0xbd, 
	0xf7, 0xbd, 0xf7, 0xbd, 0xf7, 0xbd, 0xf7, 0xbd, 
	0xf7, 0xbd, 0xf7, 0xbd, 0xf7, 0xbd, 0xf7, 0xbd, 
	0xf7, 0xbd, 0xf7, 0xbd, 0xf7, 0xbd, 0xf7, 0xbd, 
	0xf7, 0xbd, 0xf7, 0xbd, 0xf7, 0xbd, 0xf7, 0xbd, 
	0xf7, 0xbd, 0xf7, 0xbd, 0xf7, 0xbd, 0xf7, 0xbd, 
	0xf7, 0xbd, 0xf7, 0xbd, 0xf7, 0xbd, 0xf7, 0xbd, 
	0xf7, 0xbd, 0xf7, 0xbd, 0xf7, 0xbd, 0xf7, 0xbd, 
	0xf7, 0xbd, 0xf7, 0xbd, 0xf7, 0xbd, 0xf7, 0xbd, 
	0xf7, 0xbd, 0xf7, 0xbd, 0xf7, 0xbd, 0xf7, 0xbd, 
	0xf7, 0xbd, 0xf7, 0xbd, 0xf7, 0xbd, 0xf7, 0xbd, 
	0xf7, 0xbd, 0xf7, 0xbd, 0xf7, 0xbd, 0xf7, 0xbd, 
	0xf7, 0xbd, 0xf7, 0xbd, 0xf7, 0xbd, 0xf7, 0xbd, 
	0xf7, 0xbd, 0xf7, 0xbd, 0xf7, 0xbd, 0xf7, 0xbd, 
	0xf7, 0xbd, 0xf7, 0xbd, 0xf7, 0xbd, 0xf7, 0xbd, 
	0xf7, 0xbd, 0xf7, 0xbd, 0xf7, 0xbd, 0xf7, 0xbd, 
	0xf7, 0xbd, 0xf7, 0xbd, 0xf7, 0xbd, 0xf7, 0xbd, 
	0xf7, 0xbd, 0xf7, 0xbd, 0xf7, 0xbd, 0xf7, 0xbd, 
	0xf7, 0xbd, 0xf7, 0xbd, 0xf7, 0xbd, 0xf7, 0xbd, 
	0xf7, 0xbd, 0xf7, 0xbd, 0xf7, 0xbd, 0xf7, 0xbd, 
	0xf7, 0xbd, 0xf7, 0xbd, 0xf7, 0xbd, 0xf7, 0xbd, 
	0xf7, 0xbd, 0xf7, 0xbd, 0xf7, 0xbd, 0xf7, 0xbd, 
	0xf7, 0xbd, 0xf7, 0xbd, 0xf7, 0xbd, 0xf7, 0xbd, 
	0xf7, 0xbd, 0xf7, 0xbd, 0xf7, 0xbd, 0xf7, 0xbd, 
	0xf7, 0xbd, 0xf7, 0xbd, 0xf7, 0xbd, 0xf7, 0xbd, 
	0xf7, 0xbd, 0xf7, 0xbd, 0xf7, 0xbd, 0xf7, 0xbd, 
	0xf7, 0xbd, 0xf7, 0xbd, 0xf7, 0xbd, 0xf7, 0xbd, 
	0xf7, 0xbd, 0xf7, 0xbd, 0xf7, 0xbd, 0xf7, 0xbd, 
	0xf7, 0xbd, 0xf7, 0xbd, 0xf7, 0xbd, 0xf7, 0xbd, 
	0xf7, 0xbd, 0xf7, 0xbd, 0xf7, 0xbd, 0xf7, 0xbd, 
	0xf7, 0xbd, 0xf7, 0xbd, 0xf7, 0xbd, 0xf7, 0xbd, 
	0xf7, 0xbd, 0xf7, 0xbd, 0xf7, 0xbd, 0xf7, 0xbd, 
	0xf7, 0xbd, 0xf7, 0xbd, 0xf7, 0xbd, 0xf7, 0xbd, 
	0xf7, 0xbd, 0xf7, 0xbd, 0xf7, 0xbd, 0xf7, 0xbd, 
	0xf7, 0xbd, 0xf7, 0xbd, 0xf7, 0xbd, 0xf7, 0xbd, 
	0xf7, 0xbd, 0xf7, 0xbd, 0xf7, 0xbd, 0xf7, 0xbd, 
	0xf7, 0xbd, 0xf7, 0xbd, 0xf7, 0xbd, 0xf7, 0xbd, 
	0xf7, 0xbd, 0xf7, 0xbd, 0xf7, 0xbd, 0xf7, 0xbd, 
	0xf7, 0xbd, 0xf7, 0xbd, 0xf7, 0xbd, 0xf7, 0xbd, 
	0xf7, 0xbd, 0xf7, 0xbd, 0xf7, 0xbd, 0xf7, 0xbd, 
	0xf7, 0xbd, 0xf7, 0xbd, 0xf7, 0xbd, 0xf7, 0xbd, 
	0xf7, 0xbd, 0xf7, 0xbd, 0xf7, 0xbd, 0xf7, 0xbd, 
	0xf7, 0xbd, 0xf7, 0xbd, 0xf7, 0xbd, 0xf7, 0xbd, 
	0xf7, 0xbd, 0xf7, 0xbd, 0xf7, 0xbd, 0xf7, 0xbd, 
	0xf7, 0xbd, 0xf7, 0xbd, 0xf7, 0xbd, 0xf7, 0xbd, 
	0xf7, 0xbd, 0xf7, 0xbd, 0xf7, 0xbd, 0xf7, 0xbd, 
	0xf7, 0xbd, 0xf7, 0xbd, 0xf7, 0xbd, 0xf7, 0xbd, 
	0xf7, 0xbd, 0xf7, 0xbd, 0xf7, 0xbd, 0xf7, 0xbd, 
	0xf7, 0xbd, 0xf7, 0xbd, 0xf7, 0xbd, 0xf7, 0xbd, 
	0xf7, 0xbd, 0xf7, 0xbd, 0xf7, 0xbd, 0xf7, 0xbd, 
	0xf7, 0xbd, 0xf7, 0xbd, 0xf7, 0xbd, 0xf7, 0xbd, 
	0xf7, 0xbd, 0xf7, 0xbd, 0xf7, 0xbd, 0xf7, 0xbd, 
	0xf7, 0xbd, 0xf7, 0xbd, 0xf7, 0xbd, 0xf7, 0xbd, 
	0xf7, 0xbd, 0xf7, 0xbd, 0xf7, 0xbd, 0xf7, 0xbd, 
	0xf7, 0xbd, 0xf7, 0xbd, 0xf7, 0xbd, 0xf7, 0xbd, 
	0xf7, 0xbd, 0xf7, 0xbd, 0xf7, 0xbd, 0xf7, 0xbd, 
	0xf7, 0xbd, 0xf7, 0xbd, 0xf7, 0xbd, 0xf7, 0xbd, 
	0xf7, 0xbd, 0xf7, 0xbd, 0xf7, 0xbd, 0xf7, 0xbd, 
	0xf7, 0xbd, 0xf7, 0xbd, 0xf7, 0xbd, 0xf7, 0xbd, 
	0xf7, 0xbd, 0xf7, 0xbd, 0xf7, 0xbd, 0xf7, 0xbd, 
	
};

Gfx mario_sonic_mouth_rgba16_aligner[] = {gsSPEndDisplayList()};
u8 mario_sonic_mouth_rgba16[] = {
	0xe5, 0xdb, 0xe5, 0xdb, 0xe5, 0xdb, 0xe5, 0xdb, 
	0xe5, 0xdb, 0xe5, 0xdb, 0xe5, 0xdb, 0xe5, 0xdb, 
	0xe5, 0xdb, 0xe5, 0xdb, 0xe5, 0xdb, 0xe5, 0xdb, 
	0xe5, 0xdb, 0xe5, 0xdb, 0xe5, 0xdb, 0xe5, 0xdb, 
	0xe5, 0xdb, 0xe5, 0xdb, 0xe5, 0xdb, 0xe5, 0xdb, 
	0xe5, 0xdb, 0xe5, 0xdb, 0xe5, 0xdb, 0xe5, 0xdb, 
	0xe5, 0xdb, 0xe5, 0xdb, 0xe5, 0xdb, 0xe5, 0xdb, 
	0xe5, 0xdb, 0xe5, 0xdb, 0xe5, 0xdb, 0xe5, 0xdb, 
	0xe5, 0xdb, 0xe5, 0xdb, 0xe5, 0xdb, 0xe5, 0xdb, 
	0xe5, 0xdb, 0xe5, 0xdb, 0xe5, 0xdb, 0xe5, 0xdb, 
	0xe5, 0xdb, 0xe5, 0xdb, 0xe5, 0xdb, 0xe5, 0xdb, 
	0xe5, 0xdb, 0xe5, 0xdb, 0xe5, 0xdb, 0xe5, 0xdb, 
	0xe5, 0xdb, 0xe5, 0xdb, 0xe5, 0xdb, 0xe5, 0xdb, 
	0xe5, 0xdb, 0xe5, 0xdb, 0xe5, 0xdb, 0xe5, 0xdb, 
	0xe5, 0xdb, 0xe5, 0xdb, 0xe5, 0xdb, 0xe5, 0xdb, 
	0xe5, 0xdb, 0xe5, 0xdb, 0xe5, 0xdb, 0xe5, 0xdb, 
	0xe5, 0xdb, 0xe5, 0xdb, 0xe5, 0xdb, 0xe5, 0xdb, 
	0xe5, 0xdb, 0xe5, 0xdb, 0xe5, 0xdb, 0xe5, 0xdb, 
	0xe5, 0xdb, 0xe5, 0xdb, 0xe5, 0xdb, 0xe5, 0xdb, 
	0xe5, 0xdb, 0xe5, 0xdb, 0xe5, 0xdb, 0xe5, 0xdb, 
	0xe5, 0xdb, 0xe5, 0xdb, 0xe5, 0xdb, 0xe5, 0xdb, 
	0xe5, 0xdb, 0xe5, 0xdb, 0xe5, 0xdb, 0xe5, 0xdb, 
	0xe5, 0xdb, 0xe5, 0xdb, 0xe5, 0xdb, 0xe5, 0xdb, 
	0xe5, 0xdb, 0xe5, 0xdb, 0xe5, 0xdb, 0xe5, 0xdb, 
	0xe5, 0xdb, 0xe5, 0xdb, 0xe5, 0xdb, 0xe5, 0xdb, 
	0xe5, 0xdb, 0xe5, 0xdb, 0xe5, 0xdb, 0xe5, 0xdb, 
	0xe5, 0xdb, 0xe5, 0xdb, 0xe5, 0xdb, 0xe5, 0xdb, 
	0xe5, 0xdb, 0xe5, 0xdb, 0xe5, 0xdb, 0xe5, 0xdb, 
	0xe5, 0xdb, 0xe5, 0xdb, 0xe5, 0xdb, 0xe5, 0xdb, 
	0xe5, 0xdb, 0xe5, 0xdb, 0xe5, 0xdb, 0xe5, 0xdb, 
	0xe5, 0xdb, 0xe5, 0xdb, 0xe5, 0xdb, 0xe5, 0xdb, 
	0xe5, 0xdb, 0xe5, 0xdb, 0xe5, 0xdb, 0xe5, 0xdb, 
	0xe5, 0xdb, 0xe5, 0xdb, 0xe5, 0xdb, 0xe5, 0xdb, 
	0xe5, 0xdb, 0xe5, 0xdb, 0xe5, 0xdb, 0xe5, 0xdb, 
	0xe5, 0xdb, 0xe5, 0xdb, 0xe5, 0xdb, 0xe5, 0xdb, 
	0xe5, 0xdb, 0xe5, 0xdb, 0xe5, 0xdb, 0xcd, 0x19, 
	0xe5, 0xdb, 0xe5, 0xdb, 0xe5, 0xdb, 0xe5, 0xdb, 
	0xe5, 0xdb, 0xe5, 0xdb, 0xe5, 0xdb, 0xe5, 0xdb, 
	0xe5, 0xdb, 0xe5, 0xdb, 0xe5, 0xdb, 0xe5, 0xdb, 
	0xe5, 0xdb, 0xe5, 0xdb, 0xe5, 0xdb, 0xe5, 0xdb, 
	0xe5, 0xdb, 0xe5, 0xdb, 0xe5, 0xdb, 0xe5, 0xdb, 
	0xe5, 0xdb, 0xe5, 0xdb, 0xe5, 0xdb, 0xe5, 0xdb, 
	0xe5, 0xdb, 0xe5, 0xdb, 0xe5, 0xdb, 0xe5, 0xdb, 
	0xe5, 0xdb, 0xe5, 0xdb, 0xe5, 0xdb, 0xcd, 0x19, 
	0xe5, 0xdb, 0xe5, 0xdb, 0xe5, 0xdb, 0xe5, 0xdb, 
	0xe5, 0xdb, 0xe5, 0xdb, 0xe5, 0xdb, 0xe5, 0xdb, 
	0xe5, 0xdb, 0xe5, 0xdb, 0xe5, 0xdb, 0xe5, 0xdb, 
	0xe5, 0xdb, 0xe5, 0xdb, 0xe5, 0xdb, 0xe5, 0xdb, 
	0xe5, 0xdb, 0xe5, 0xdb, 0xe5, 0xdb, 0xe5, 0xdb, 
	0xe5, 0xdb, 0xe5, 0xdb, 0xe5, 0xdb, 0xe5, 0xdb, 
	0xe5, 0xdb, 0xe5, 0xdb, 0xe5, 0xdb, 0xe5, 0xdb, 
	0xe5, 0xdb, 0xe5, 0xdb, 0xcd, 0x19, 0xef, 0x7d, 
	0xe5, 0xdb, 0xe5, 0xdb, 0xe5, 0xdb, 0xe5, 0xdb, 
	0xe5, 0xdb, 0xe5, 0xdb, 0xe5, 0xdb, 0xe5, 0xdb, 
	0xe5, 0xdb, 0xe5, 0xdb, 0xe5, 0xdb, 0xe5, 0xdb, 
	0xe5, 0xdb, 0xe5, 0xdb, 0xe5, 0xdb, 0xe5, 0xdb, 
	0xe5, 0xdb, 0xe5, 0xdb, 0xe5, 0xdb, 0xe5, 0xdb, 
	0xe5, 0xdb, 0xe5, 0xdb, 0xe5, 0xdb, 0xe5, 0xdb, 
	0xe5, 0xdb, 0xe5, 0xdb, 0xe5, 0xdb, 0xe5, 0xdb, 
	0xe5, 0xdb, 0xe5, 0xdb, 0xcd, 0x19, 0xef, 0x7d, 
	0xf7, 0xbd, 0xe5, 0xdb, 0xe5, 0xdb, 0xe5, 0xdb, 
	0xe5, 0xdb, 0xe5, 0xdb, 0xe5, 0xdb, 0xe5, 0xdb, 
	0xe5, 0xdb, 0xe5, 0xdb, 0xe5, 0xdb, 0xe5, 0xdb, 
	0xe5, 0xdb, 0xe5, 0xdb, 0xe5, 0xdb, 0xe5, 0xdb, 
	0xe5, 0xdb, 0xe5, 0xdb, 0xe5, 0xdb, 0xe5, 0xdb, 
	0xe5, 0xdb, 0xe5, 0xdb, 0xe5, 0xdb, 0xe5, 0xdb, 
	0xe5, 0xdb, 0xe5, 0xdb, 0xe5, 0xdb, 0xe5, 0xdb, 
	0xe5, 0xdb, 0xe5, 0xdb, 0xcd, 0x19, 0xef, 0x7d, 
	0xf7, 0xbd, 0xf7, 0xbd, 0xe5, 0xdb, 0xe5, 0xdb, 
	0xe5, 0xdb, 0xe5, 0xdb, 0xe5, 0xdb, 0xe5, 0xdb, 
	0xe5, 0xdb, 0xe5, 0xdb, 0xe5, 0xdb, 0xe5, 0xdb, 
	0xe5, 0xdb, 0xe5, 0xdb, 0xe5, 0xdb, 0xe5, 0xdb, 
	0xe5, 0xdb, 0xe5, 0xdb, 0xe5, 0xdb, 0xe5, 0xdb, 
	0xe5, 0xdb, 0xe5, 0xdb, 0xe5, 0xdb, 0xe5, 0xdb, 
	0xe5, 0xdb, 0xe5, 0xdb, 0xe5, 0xdb, 0xe5, 0xdb, 
	0xe5, 0xdb, 0xe5, 0xdb, 0xb3, 0xd5, 0xef, 0x7d, 
	0xf7, 0xbd, 0xf7, 0xbd, 0xf7, 0xbd, 0xe5, 0xdb, 
	0xe5, 0xdb, 0xe5, 0xdb, 0xe5, 0xdb, 0xe5, 0xdb, 
	0xe5, 0xdb, 0xe5, 0xdb, 0xe5, 0xdb, 0xe5, 0xdb, 
	0xe5, 0xdb, 0xe5, 0xdb, 0xe5, 0xdb, 0xe5, 0xdb, 
	0xe5, 0xdb, 0xe5, 0xdb, 0xe5, 0xdb, 0xe5, 0xdb, 
	0xe5, 0xdb, 0xe5, 0xdb, 0xe5, 0xdb, 0xe5, 0xdb, 
	0xe5, 0xdb, 0xe5, 0xdb, 0xe5, 0xdb, 0xe5, 0xdb, 
	0xe5, 0xdb, 0xb3, 0xd5, 0xef, 0x7d, 0xf7, 0xbd, 
	0xf7, 0xbd, 0xf7, 0xbd, 0xf7, 0xbd, 0xf7, 0xbd, 
	0xe5, 0xdb, 0xe5, 0xdb, 0xe5, 0xdb, 0xe5, 0xdb, 
	0xe5, 0xdb, 0xe5, 0xdb, 0xe5, 0xdb, 0xe5, 0xdb, 
	0xe5, 0xdb, 0xe5, 0xdb, 0xe5, 0xdb, 0xe5, 0xdb, 
	0xe5, 0xdb, 0xe5, 0xdb, 0xe5, 0xdb, 0xe5, 0xdb, 
	0xe5, 0xdb, 0xe5, 0xdb, 0xe5, 0xdb, 0xe5, 0xdb, 
	0xe5, 0xdb, 0xe5, 0xdb, 0xe5, 0xdb, 0xe5, 0xdb, 
	0xe5, 0xdb, 0xb3, 0xd5, 0xef, 0x7d, 0xf7, 0xbd, 
	0xf7, 0xbd, 0xf7, 0xbd, 0xf7, 0xbd, 0xf7, 0xbd, 
	0xe5, 0xdb, 0xe5, 0xdb, 0xe5, 0xdb, 0xe5, 0xdb, 
	0xe5, 0xdb, 0xe5, 0xdb, 0xe5, 0xdb, 0xe5, 0xdb, 
	0xe5, 0xdb, 0xe5, 0xdb, 0xe5, 0xdb, 0xe5, 0xdb, 
	0xe5, 0xdb, 0xe5, 0xdb, 0xe5, 0xdb, 0xe5, 0xdb, 
	0xe5, 0xdb, 0xe5, 0xdb, 0xe5, 0xdb, 0xe5, 0xdb, 
	0xe5, 0xdb, 0xe5, 0xdb, 0xe5, 0xdb, 0xe5, 0xdb, 
	0xe5, 0xdb, 0xb3, 0xd5, 0xef, 0x7d, 0xf7, 0xbd, 
	0xf7, 0xbd, 0xf7, 0xbd, 0xf7, 0xbd, 0xf7, 0xbd, 
	0xf7, 0xbd, 0xe5, 0xdb, 0xe5, 0xdb, 0xe5, 0xdb, 
	0xe5, 0xdb, 0xe5, 0xdb, 0xe5, 0xdb, 0xe5, 0xdb, 
	0xe5, 0xdb, 0xe5, 0xdb, 0xe5, 0xdb, 0xe5, 0xdb, 
	0xe5, 0xdb, 0xe5, 0xdb, 0xe5, 0xdb, 0xe5, 0xdb, 
	0xe5, 0xdb, 0xe5, 0xdb, 0xe5, 0xdb, 0xe5, 0xdb, 
	0xe5, 0xdb, 0xe5, 0xdb, 0xe5, 0xdb, 0xe5, 0xdb, 
	0xb3, 0xd5, 0xef, 0x7d, 0xf7, 0xbd, 0xf7, 0xbd, 
	0xf7, 0xbd, 0xf7, 0xbd, 0xf7, 0xbd, 0xf7, 0xbd, 
	0xf7, 0xbd, 0xe5, 0xdb, 0xe5, 0xdb, 0xe5, 0xdb, 
	0xe5, 0xdb, 0xe5, 0xdb, 0xe5, 0xdb, 0xe5, 0xdb, 
	0xe5, 0xdb, 0xe5, 0xdb, 0xe5, 0xdb, 0xe5, 0xdb, 
	0xe5, 0xdb, 0xe5, 0xdb, 0xe5, 0xdb, 0xe5, 0xdb, 
	0xe5, 0xdb, 0xe5, 0xdb, 0xe5, 0xdb, 0xe5, 0xdb, 
	0xe5, 0xdb, 0xe5, 0xdb, 0xe5, 0xdb, 0xe5, 0xdb, 
	0xb3, 0xd5, 0xef, 0x7d, 0xf7, 0xbd, 0xf7, 0xbd, 
	0xf7, 0xbd, 0xf7, 0xbd, 0xf7, 0xbd, 0xf7, 0xbd, 
	0xf7, 0xbd, 0xf7, 0xbd, 0xe5, 0xdb, 0xe5, 0xdb, 
	0xe5, 0xdb, 0xe5, 0xdb, 0xe5, 0xdb, 0xe5, 0xdb, 
	0xe5, 0xdb, 0xe5, 0xdb, 0xe5, 0xdb, 0xe5, 0xdb, 
	0xe5, 0xdb, 0xe5, 0xdb, 0xe5, 0xdb, 0xe5, 0xdb, 
	0xe5, 0xdb, 0xe5, 0xdb, 0xe5, 0xdb, 0xe5, 0xdb, 
	0xe5, 0xdb, 0xe5, 0xdb, 0xe5, 0xdb, 0xe5, 0xdb, 
	0xb3, 0xd5, 0xef, 0x7d, 0xf7, 0xbd, 0xf7, 0xbd, 
	0xf7, 0xbd, 0xf7, 0xbd, 0xf7, 0xbd, 0xf7, 0xbd, 
	0xf7, 0xbd, 0xf7, 0xbd, 0xe5, 0xdb, 0xe5, 0xdb, 
	0xe5, 0xdb, 0xe5, 0xdb, 0xe5, 0xdb, 0xe5, 0xdb, 
	0xe5, 0xdb, 0xe5, 0xdb, 0xe5, 0xdb, 0xe5, 0xdb, 
	0xe5, 0xdb, 0xe5, 0xdb, 0xe5, 0xdb, 0xe5, 0xdb, 
	0xe5, 0xdb, 0xe5, 0xdb, 0xe5, 0xdb, 0xe5, 0xdb, 
	0xe5, 0xdb, 0xe5, 0xdb, 0xe5, 0xdb, 0xb3, 0xd5, 
	0xef, 0x7d, 0xf7, 0xbd, 0xf7, 0xbd, 0xf7, 0xbd, 
	0xf7, 0xbd, 0xf7, 0xbd, 0xf7, 0xbd, 0xf7, 0xbd, 
	0xf7, 0xbd, 0xf7, 0xbd, 0xe5, 0xdb, 0xe5, 0xdb, 
	0xe5, 0xdb, 0xe5, 0xdb, 0xe5, 0xdb, 0xe5, 0xdb, 
	0xe5, 0xdb, 0xe5, 0xdb, 0xe5, 0xdb, 0xe5, 0xdb, 
	0xe5, 0xdb, 0xe5, 0xdb, 0xe5, 0xdb, 0xe5, 0xdb, 
	0xe5, 0xdb, 0xe5, 0xdb, 0xe5, 0xdb, 0xe5, 0xdb, 
	0xe5, 0xdb, 0xe5, 0xdb, 0xe5, 0xdb, 0xb3, 0xd5, 
	0xef, 0x7d, 0xf7, 0xbd, 0xef, 0x7d, 0xc6, 0x3f, 
	0xf7, 0xbd, 0xf7, 0xbd, 0xf7, 0xbd, 0xf7, 0xbd, 
	0xf7, 0xbd, 0xf7, 0xbd, 0xe5, 0xdb, 0xe5, 0xdb, 
	0xe5, 0xdb, 0xe5, 0xdb, 0xe5, 0xdb, 0xe5, 0xdb, 
	0xe5, 0xdb, 0xe5, 0xdb, 0xe5, 0xdb, 0xe5, 0xdb, 
	0xe5, 0xdb, 0xe5, 0xdb, 0xe5, 0xdb, 0xe5, 0xdb, 
	0xe5, 0xdb, 0xe5, 0xdb, 0xe5, 0xdb, 0xe5, 0xdb, 
	0xe5, 0xdb, 0xe5, 0xdb, 0xe5, 0xdb, 0xb3, 0xd5, 
	0xef, 0x7d, 0xf7, 0xbd, 0xef, 0x7d, 0xc6, 0x3f, 
	0xbd, 0xff, 0xd6, 0xbf, 0xf7, 0xbd, 0xf7, 0xbd, 
	0xf7, 0xbd, 0xe5, 0xdb, 0xe5, 0xdb, 0xe5, 0xdb, 
	0xe5, 0xdb, 0xe5, 0xdb, 0xe5, 0xdb, 0xe5, 0xdb, 
	0xe5, 0xdb, 0xe5, 0xdb, 0xe5, 0xdb, 0xe5, 0xdb, 
	0xe5, 0xdb, 0xe5, 0xdb, 0xe5, 0xdb, 0xe5, 0xdb, 
	0xe5, 0xdb, 0xe5, 0xdb, 0xe5, 0xdb, 0xe5, 0xdb, 
	0xe5, 0xdb, 0xe5, 0xdb, 0xb3, 0xd5, 0xef, 0x7d, 
	0xf7, 0xbd, 0xf7, 0xbd, 0xf7, 0xbd, 0xf7, 0xbd, 
	0xf7, 0xbd, 0xd6, 0xbf, 0xbd, 0xff, 0xef, 0x7d, 
	0xf7, 0xbd, 0xe5, 0xdb, 0xe5, 0xdb, 0xe5, 0xdb, 
	0xe5, 0xdb, 0xe5, 0xdb, 0xe5, 0xdb, 0xe5, 0xdb, 
	0xe5, 0xdb, 0xe5, 0xdb, 0xe5, 0xdb, 0xe5, 0xdb, 
	0xe5, 0xdb, 0xe5, 0xdb, 0xe5, 0xdb, 0xe5, 0xdb, 
	0xe5, 0xdb, 0xe5, 0xdb, 0xe5, 0xdb, 0xe5, 0xdb, 
	0xe5, 0xdb, 0xb3, 0xd5, 0xef, 0x7d, 0xf7, 0xbd, 
	0xf7, 0xbd, 0xf7, 0xbd, 0xf7, 0xbd, 0xf7, 0xbd, 
	0xf7, 0xbd, 0xf7, 0xbd, 0xef, 0x7d, 0xbd, 0xff, 
	0xe5, 0xdb, 0xe5, 0xdb, 0xe5, 0xdb, 0xe5, 0xdb, 
	0xe5, 0xdb, 0xe5, 0xdb, 0xe5, 0xdb, 0xe5, 0xdb, 
	0xe5, 0xdb, 0xe5, 0xdb, 0xe5, 0xdb, 0xe5, 0xdb, 
	0xe5, 0xdb, 0xe5, 0xdb, 0xe5, 0xdb, 0xe5, 0xdb, 
	0xe5, 0xdb, 0xe5, 0xdb, 0xe5, 0xdb, 0xe5, 0xdb, 
	0xe5, 0xdb, 0xb3, 0xd5, 0xef, 0x7d, 0xf7, 0xbd, 
	0xef, 0x7d, 0xef, 0x7d, 0xf7, 0xbd, 0xf7, 0xbd, 
	0xf7, 0xbd, 0xf7, 0xbd, 0xf7, 0xbd, 0xe5, 0xdb, 
	0xe5, 0xdb, 0xe5, 0xdb, 0xe5, 0xdb, 0xe5, 0xdb, 
	0xe5, 0xdb, 0xe5, 0xdb, 0xe5, 0xdb, 0xe5, 0xdb, 
	0xe5, 0xdb, 0xe5, 0xdb, 0xe5, 0xdb, 0xe5, 0xdb, 
	0xe5, 0xdb, 0xe5, 0xdb, 0xe5, 0xdb, 0xe5, 0xdb, 
	0xe5, 0xdb, 0xe5, 0xdb, 0xe5, 0xdb, 0xe5, 0xdb, 
	0xb3, 0xd5, 0xef, 0x7d, 0xf7, 0xbd, 0xf7, 0xbd, 
	0xef, 0x7d, 0xbd, 0xff, 0xef, 0x7d, 0xf7, 0xbd, 
	0xf7, 0xbd, 0xcd, 0x19, 0xe5, 0xdb, 0xe5, 0xdb, 
	0xe5, 0xdb, 0xe5, 0xdb, 0xe5, 0xdb, 0xe5, 0xdb, 
	0xe5, 0xdb, 0xe5, 0xdb, 0xe5, 0xdb, 0xe5, 0xdb, 
	0xe5, 0xdb, 0xe5, 0xdb, 0xe5, 0xdb, 0xe5, 0xdb, 
	0xe5, 0xdb, 0xe5, 0xdb, 0xe5, 0xdb, 0xe5, 0xdb, 
	0xe5, 0xdb, 0xe5, 0xdb, 0xe5, 0xdb, 0xe5, 0xdb, 
	0xb3, 0xd5, 0xef, 0x7d, 0xf7, 0xbd, 0xf7, 0xbd, 
	0xf7, 0xbd, 0xf7, 0xbd, 0xcd, 0x19, 0xcd, 0x19, 
	0xcd, 0x19, 0xe5, 0xdb, 0xe5, 0xdb, 0xe5, 0xdb, 
	0xe5, 0xdb, 0xe5, 0xdb, 0xe5, 0xdb, 0xe5, 0xdb, 
	0xe5, 0xdb, 0xe5, 0xdb, 0xe5, 0xdb, 0xe5, 0xdb, 
	0xe5, 0xdb, 0xe5, 0xdb, 0xe5, 0xdb, 0xe5, 0xdb, 
	0xe5, 0xdb, 0xe5, 0xdb, 0xe5, 0xdb, 0xe5, 0xdb, 
	0xe5, 0xdb, 0xe5, 0xdb, 0xe5, 0xdb, 0xe5, 0xdb, 
	0xe5, 0xdb, 0xcd, 0x19, 0xcd, 0x19, 0xcd, 0x19, 
	0xcd, 0x19, 0xcd, 0x19, 0xe5, 0xdb, 0xe5, 0xdb, 
	0xe5, 0xdb, 0xe5, 0xdb, 0xe5, 0xdb, 0xe5, 0xdb, 
	0xe5, 0xdb, 0xe5, 0xdb, 0xe5, 0xdb, 0xe5, 0xdb, 
	0xe5, 0xdb, 0xe5, 0xdb, 0xe5, 0xdb, 0xe5, 0xdb, 
	0xe5, 0xdb, 0xe5, 0xdb, 0xe5, 0xdb, 0xe5, 0xdb, 
	0xe5, 0xdb, 0xe5, 0xdb, 0xe5, 0xdb, 0xe5, 0xdb, 
	0xe5, 0xdb, 0xe5, 0xdb, 0xe5, 0xdb, 0xe5, 0xdb, 
	0xe5, 0xdb, 0xe5, 0xdb, 0xe5, 0xdb, 0xe5, 0xdb, 
	0xe5, 0xdb, 0xe5, 0xdb, 0xe5, 0xdb, 0xe5, 0xdb, 
	0xe5, 0xdb, 0xe5, 0xdb, 0xe5, 0xdb, 0xe5, 0xdb, 
	0xe5, 0xdb, 0xe5, 0xdb, 0xe5, 0xdb, 0xe5, 0xdb, 
	0xe5, 0xdb, 0xe5, 0xdb, 0xe5, 0xdb, 0xe5, 0xdb, 
	0xe5, 0xdb, 0xe5, 0xdb, 0xe5, 0xdb, 0xe5, 0xdb, 
	0xe5, 0xdb, 0xe5, 0xdb, 0xe5, 0xdb, 0xe5, 0xdb, 
	0xe5, 0xdb, 0xe5, 0xdb, 0xe5, 0xdb, 0xe5, 0xdb, 
	0xe5, 0xdb, 0xe5, 0xdb, 0xe5, 0xdb, 0xe5, 0xdb, 
	0xe5, 0xdb, 0xe5, 0xdb, 0xe5, 0xdb, 0xe5, 0xdb, 
	0xe5, 0xdb, 0xe5, 0xdb, 0xe5, 0xdb, 0xe5, 0xdb, 
	0xe5, 0xdb, 0xe5, 0xdb, 0xe5, 0xdb, 0xe5, 0xdb, 
	0xe5, 0xdb, 0xe5, 0xdb, 0xe5, 0xdb, 0xe5, 0xdb, 
	0xe5, 0xdb, 0xe5, 0xdb, 0xe5, 0xdb, 0xe5, 0xdb, 
	0xe5, 0xdb, 0xe5, 0xdb, 0xe5, 0xdb, 0xe5, 0xdb, 
	0xe5, 0xdb, 0xe5, 0xdb, 0xe5, 0xdb, 0xe5, 0xdb, 
	0xe5, 0xdb, 0xe5, 0xdb, 0xe5, 0xdb, 0xe5, 0xdb, 
	0xe5, 0xdb, 0xe5, 0xdb, 0xe5, 0xdb, 0xe5, 0xdb, 
	0xe5, 0xdb, 0xe5, 0xdb, 0xe5, 0xdb, 0xe5, 0xdb, 
	0xe5, 0xdb, 0xe5, 0xdb, 0xe5, 0xdb, 0xe5, 0xdb, 
	0xe5, 0xdb, 0xe5, 0xdb, 0xe5, 0xdb, 0xe5, 0xdb, 
	0xe5, 0xdb, 0xe5, 0xdb, 0xe5, 0xdb, 0xe5, 0xdb, 
	0xe5, 0xdb, 0xe5, 0xdb, 0xe5, 0xdb, 0xe5, 0xdb, 
	0xe5, 0xdb, 0xe5, 0xdb, 0xe5, 0xdb, 0xe5, 0xdb, 
	0xe5, 0xdb, 0xe5, 0xdb, 0xe5, 0xdb, 0xe5, 0xdb, 
	0xe5, 0xdb, 0xe5, 0xdb, 0xe5, 0xdb, 0xe5, 0xdb, 
	0xe5, 0xdb, 0xe5, 0xdb, 0xe5, 0xdb, 0xe5, 0xdb, 
	0xe5, 0xdb, 0xe5, 0xdb, 0xe5, 0xdb, 0xe5, 0xdb, 
	0xe5, 0xdb, 0xe5, 0xdb, 0xe5, 0xdb, 0xe5, 0xdb, 
	0xe5, 0xdb, 0xe5, 0xdb, 0xe5, 0xdb, 0xe5, 0xdb, 
	0xe5, 0xdb, 0xe5, 0xdb, 0xe5, 0xdb, 0xe5, 0xdb, 
	0xe5, 0xdb, 0xe5, 0xdb, 0xe5, 0xdb, 0xe5, 0xdb, 
	0xe5, 0xdb, 0xe5, 0xdb, 0xe5, 0xdb, 0xe5, 0xdb, 
	0xe5, 0xdb, 0xe5, 0xdb, 0xe5, 0xdb, 0xe5, 0xdb, 
	0xe5, 0xdb, 0xe5, 0xdb, 0xe5, 0xdb, 0xe5, 0xdb, 
	0xe5, 0xdb, 0xe5, 0xdb, 0xe5, 0xdb, 0xe5, 0xdb, 
	0xe5, 0xdb, 0xe5, 0xdb, 0xe5, 0xdb, 0xe5, 0xdb, 
	0xe5, 0xdb, 0xe5, 0xdb, 0xe5, 0xdb, 0xe5, 0xdb, 
	0xe5, 0xdb, 0xe5, 0xdb, 0xe5, 0xdb, 0xe5, 0xdb, 
	0xe5, 0xdb, 0xe5, 0xdb, 0xe5, 0xdb, 0xe5, 0xdb, 
	0xe5, 0xdb, 0xe5, 0xdb, 0xe5, 0xdb, 0xe5, 0xdb, 
	0xe5, 0xdb, 0xe5, 0xdb, 0xe5, 0xdb, 0xe5, 0xdb, 
	0xe5, 0xdb, 0xe5, 0xdb, 0xe5, 0xdb, 0xe5, 0xdb, 
	0xe5, 0xdb, 0xe5, 0xdb, 0xe5, 0xdb, 0xe5, 0xdb, 
	0xe5, 0xdb, 0xe5, 0xdb, 0xe5, 0xdb, 0xe5, 0xdb, 
	0xe5, 0xdb, 0xe5, 0xdb, 0xe5, 0xdb, 0xe5, 0xdb, 
	0xe5, 0xdb, 0xe5, 0xdb, 0xe5, 0xdb, 0xe5, 0xdb, 
	0xe5, 0xdb, 0xe5, 0xdb, 0xe5, 0xdb, 0xe5, 0xdb, 
	0xe5, 0xdb, 0xe5, 0xdb, 0xe5, 0xdb, 0xe5, 0xdb, 
	0xe5, 0xdb, 0xe5, 0xdb, 0xe5, 0xdb, 0xe5, 0xdb, 
	0xe5, 0xdb, 0xe5, 0xdb, 0xe5, 0xdb, 0xe5, 0xdb, 
	0xe5, 0xdb, 0xe5, 0xdb, 0xe5, 0xdb, 0xe5, 0xdb, 
	0xe5, 0xdb, 0xe5, 0xdb, 0xe5, 0xdb, 0xe5, 0xdb, 
	0xe5, 0xdb, 0xe5, 0xdb, 0xe5, 0xdb, 0xe5, 0xdb, 
	
};

Gfx mario_soniceyenew_half_rgba16_aligner[] = {gsSPEndDisplayList()};
u8 mario_soniceyenew_half_rgba16[] = {
	0xe5, 0xdb, 0xe5, 0xdb, 0xe5, 0xdb, 0xe5, 0xdb, 
	0xe5, 0xdb, 0xe5, 0xdb, 0xe5, 0xdb, 0xe5, 0xdb, 
	0xe5, 0xdb, 0xe5, 0xdb, 0xe5, 0xdb, 0xe5, 0xdb, 
	0xcd, 0x19, 0xee, 0x67, 0xe5, 0xdb, 0xcd, 0x19, 
	0xf7, 0xbd, 0xf7, 0xbd, 0xf7, 0xbd, 0xf7, 0xbd, 
	0xf7, 0xbd, 0xf7, 0xbd, 0xf7, 0xbd, 0xf7, 0xbd, 
	0xf7, 0xbd, 0xf7, 0xbd, 0xf7, 0xbd, 0xf7, 0xbd, 
	0xf7, 0xbd, 0xf7, 0xbd, 0xf7, 0xbd, 0xf7, 0xbd, 
	0xe5, 0xdb, 0xe5, 0xdb, 0xe5, 0xdb, 0xe5, 0xdb, 
	0xe5, 0xdb, 0xe5, 0xdb, 0xe5, 0xdb, 0xe5, 0xdb, 
	0xe5, 0xdb, 0xe5, 0xdb, 0xe5, 0xdb, 0xe5, 0xdb, 
	0xcd, 0x19, 0xee, 0x67, 0xe5, 0xdb, 0xcd, 0x19, 
	0xf7, 0xbd, 0xf7, 0xbd, 0xf7, 0xbd, 0xf7, 0xbd, 
	0xf7, 0xbd, 0xf7, 0xbd, 0xf7, 0xbd, 0xf7, 0xbd, 
	0xf7, 0xbd, 0xf7, 0xbd, 0xf7, 0xbd, 0xf7, 0xbd, 
	0xf7, 0xbd, 0xf7, 0xbd, 0xf7, 0xbd, 0xf7, 0xbd, 
	0xe5, 0xdb, 0xe5, 0xdb, 0xe5, 0xdb, 0xe5, 0xdb, 
	0xe5, 0xdb, 0xe5, 0xdb, 0xe5, 0xdb, 0xe5, 0xdb, 
	0xe5, 0xdb, 0xe5, 0xdb, 0xe5, 0xdb, 0xe5, 0xdb, 
	0xcd, 0x19, 0xee, 0x67, 0xe5, 0xdb, 0xcd, 0x19, 
	0xf7, 0xbd, 0xf7, 0xbd, 0xf7, 0xbd, 0xf7, 0xbd, 
	0xf7, 0xbd, 0xf7, 0xbd, 0xf7, 0xbd, 0xf7, 0xbd, 
	0xf7, 0xbd, 0xef, 0x7d, 0xf7, 0xbd, 0xf7, 0xbd, 
	0xf7, 0xbd, 0xf7, 0xbd, 0xf7, 0xbd, 0xf7, 0xbd, 
	0xe5, 0xdb, 0xe5, 0xdb, 0xe5, 0xdb, 0xe5, 0xdb, 
	0xe5, 0xdb, 0xe5, 0xdb, 0xe5, 0xdb, 0xe5, 0xdb, 
	0xe5, 0xdb, 0xe5, 0xdb, 0xe5, 0xdb, 0xe5, 0xdb, 
	0xcd, 0x19, 0xee, 0x67, 0xe5, 0xdb, 0xcd, 0x19, 
	0xf7, 0xbd, 0xf7, 0xbd, 0xf7, 0xbd, 0xf7, 0xbd, 
	0xf7, 0xbd, 0xf7, 0xbd, 0xf7, 0xbd, 0xf7, 0xbd, 
	0xf7, 0xbd, 0xf7, 0xbd, 0xef, 0x7d, 0xf7, 0xbd, 
	0xf7, 0xbd, 0xf7, 0xbd, 0xf7, 0xbd, 0xf7, 0xbd, 
	0xe5, 0xdb, 0xe5, 0xdb, 0xe5, 0xdb, 0xe5, 0xdb, 
	0xe5, 0xdb, 0xe5, 0xdb, 0xe5, 0xdb, 0xe5, 0xdb, 
	0xe5, 0xdb, 0xe5, 0xdb, 0xe5, 0xdb, 0xe5, 0xdb, 
	0xcd, 0x19, 0xee, 0x67, 0xe5, 0xdb, 0xcd, 0x19, 
	0xce, 0x73, 0xce, 0x73, 0xce, 0x73, 0xce, 0x73, 
	0xce, 0x73, 0xce, 0x73, 0xf7, 0xbd, 0xf7, 0xbd, 
	0xf7, 0xbd, 0xf7, 0xbd, 0xf7, 0xbd, 0xf7, 0xbd, 
	0xf7, 0xbd, 0xf7, 0xbd, 0xf7, 0xbd, 0xf7, 0xbd, 
	0xe5, 0xdb, 0xe5, 0xdb, 0xe5, 0xdb, 0xe5, 0xdb, 
	0xe5, 0xdb, 0xe5, 0xdb, 0xe5, 0xdb, 0xe5, 0xdb, 
	0xe5, 0xdb, 0xe5, 0xdb, 0xe5, 0xdb, 0xe5, 0xdb, 
	0xcd, 0x19, 0xee, 0x67, 0xe5, 0xdb, 0xcd, 0x19, 
	0x0d, 0x13, 0x03, 0xcf, 0x03, 0xcf, 0x03, 0xcf, 
	0x03, 0xcf, 0x03, 0xcf, 0xce, 0x73, 0xce, 0x73, 
	0xf7, 0xbd, 0xf7, 0xbd, 0xf7, 0xbd, 0xf7, 0xbd, 
	0xf7, 0xbd, 0xf7, 0xbd, 0xf7, 0xbd, 0xf7, 0xbd, 
	0xe5, 0xdb, 0xe5, 0xdb, 0xe5, 0xdb, 0xe5, 0xdb, 
	0xe5, 0xdb, 0xe5, 0xdb, 0xe5, 0xdb, 0xe5, 0xdb, 
	0xe5, 0xdb, 0xe5, 0xdb, 0xe5, 0xdb, 0xe5, 0xdb, 
	0xcd, 0x19, 0xee, 0x67, 0xe5, 0xdb, 0xcd, 0x19, 
	0xce, 0x73, 0x00, 0x01, 0x00, 0x01, 0x00, 0x01, 
	0x00, 0x01, 0x00, 0x01, 0x0d, 0x13, 0x06, 0x17, 
	0xce, 0x73, 0xf7, 0xbd, 0xf7, 0xbd, 0xf7, 0xbd, 
	0xf7, 0xbd, 0xf7, 0xbd, 0xf7, 0xbd, 0xf7, 0xbd, 
	0xe5, 0xdb, 0xe5, 0xdb, 0xe5, 0xdb, 0xe5, 0xdb, 
	0xe5, 0xdb, 0xe5, 0xdb, 0xe5, 0xdb, 0xe5, 0xdb, 
	0xe5, 0xdb, 0xe5, 0xdb, 0xe5, 0xdb, 0xe5, 0xdb, 
	0xcd, 0x19, 0xee, 0x67, 0xe5, 0xdb, 0xcd, 0x19, 
	0xce, 0x73, 0x00, 0x01, 0x00, 0x01, 0x00, 0x01, 
	0x00, 0x01, 0x00, 0x01, 0x0d, 0x13, 0x06, 0x17, 
	0xce, 0x73, 0xf7, 0xbd, 0xf7, 0xbd, 0xf7, 0xbd, 
	0xf7, 0xbd, 0xf7, 0xbd, 0xf7, 0xbd, 0xf7, 0xbd, 
	0xe5, 0xdb, 0xe5, 0xdb, 0xe5, 0xdb, 0xe5, 0xdb, 
	0xe5, 0xdb, 0xe5, 0xdb, 0xe5, 0xdb, 0xe5, 0xdb, 
	0xe5, 0xdb, 0xe5, 0xdb, 0xe5, 0xdb, 0xe5, 0xdb, 
	0xcd, 0x19, 0xee, 0x67, 0xe5, 0xdb, 0xcd, 0x19, 
	0x0d, 0x13, 0x03, 0xcf, 0x03, 0xcf, 0x03, 0xcf, 
	0x03, 0xcf, 0x03, 0xcf, 0xce, 0x73, 0xce, 0x73, 
	0xf7, 0xbd, 0xf7, 0xbd, 0xf7, 0xbd, 0xf7, 0xbd, 
	0xf7, 0xbd, 0xf7, 0xbd, 0xf7, 0xbd, 0xf7, 0xbd, 
	0xe5, 0xdb, 0xe5, 0xdb, 0xe5, 0xdb, 0xe5, 0xdb, 
	0xe5, 0xdb, 0xe5, 0xdb, 0xe5, 0xdb, 0xe5, 0xdb, 
	0xe5, 0xdb, 0xe5, 0xdb, 0xe5, 0xdb, 0xe5, 0xdb, 
	0xcd, 0x19, 0xee, 0x67, 0xe5, 0xdb, 0xcd, 0x19, 
	0xce, 0x73, 0xce, 0x73, 0xce, 0x73, 0xce, 0x73, 
	0xce, 0x73, 0xce, 0x73, 0xf7, 0xbd, 0xf7, 0xbd, 
	0xf7, 0xbd, 0xf7, 0xbd, 0xf7, 0xbd, 0xf7, 0xbd, 
	0xf7, 0xbd, 0xf7, 0xbd, 0xf7, 0xbd, 0xf7, 0xbd, 
	0xe5, 0xdb, 0xe5, 0xdb, 0xe5, 0xdb, 0xe5, 0xdb, 
	0xe5, 0xdb, 0xe5, 0xdb, 0xe5, 0xdb, 0xe5, 0xdb, 
	0xe5, 0xdb, 0xe5, 0xdb, 0xe5, 0xdb, 0xe5, 0xdb, 
	0xcd, 0x19, 0xee, 0x67, 0xe5, 0xdb, 0xcd, 0x19, 
	0xf7, 0xbd, 0xf7, 0xbd, 0xf7, 0xbd, 0xf7, 0xbd, 
	0xf7, 0xbd, 0xf7, 0xbd, 0xf7, 0xbd, 0xf7, 0xbd, 
	0xf7, 0xbd, 0xf7, 0xbd, 0xf7, 0xbd, 0xf7, 0xbd, 
	0xf7, 0xbd, 0xf7, 0xbd, 0xf7, 0xbd, 0xf7, 0xbd, 
	0xe5, 0xdb, 0xe5, 0xdb, 0xe5, 0xdb, 0xe5, 0xdb, 
	0xe5, 0xdb, 0xe5, 0xdb, 0xe5, 0xdb, 0xe5, 0xdb, 
	0xe5, 0xdb, 0xe5, 0xdb, 0xe5, 0xdb, 0xe5, 0xdb, 
	0xcd, 0x19, 0xee, 0x67, 0xe5, 0xdb, 0xcd, 0x19, 
	0xf7, 0xbd, 0xf7, 0xbd, 0xf7, 0xbd, 0xf7, 0xbd, 
	0xf7, 0xbd, 0xf7, 0xbd, 0xf7, 0xbd, 0xf7, 0xbd, 
	0xf7, 0xbd, 0xf7, 0xbd, 0xf7, 0xbd, 0xf7, 0xbd, 
	0xf7, 0xbd, 0xf7, 0xbd, 0xf7, 0xbd, 0xf7, 0xbd, 
	0xe5, 0xdb, 0xe5, 0xdb, 0xe5, 0xdb, 0xe5, 0xdb, 
	0xe5, 0xdb, 0xe5, 0xdb, 0xe5, 0xdb, 0xe5, 0xdb, 
	0xe5, 0xdb, 0xe5, 0xdb, 0xe5, 0xdb, 0xe5, 0xdb, 
	0xcd, 0x19, 0xee, 0x67, 0xe5, 0xdb, 0xcd, 0x19, 
	0xf7, 0xbd, 0xf7, 0xbd, 0xf7, 0xbd, 0xf7, 0xbd, 
	0xf7, 0xbd, 0xf7, 0xbd, 0xf7, 0xbd, 0xf7, 0xbd, 
	0xf7, 0xbd, 0xf7, 0xbd, 0xf7, 0xbd, 0xf7, 0xbd, 
	0xf7, 0xbd, 0xf7, 0xbd, 0xf7, 0xbd, 0xf7, 0xbd, 
	0xe5, 0xdb, 0xe5, 0xdb, 0xe5, 0xdb, 0xe5, 0xdb, 
	0xe5, 0xdb, 0xe5, 0xdb, 0xe5, 0xdb, 0xe5, 0xdb, 
	0xe5, 0xdb, 0xe5, 0xdb, 0xe5, 0xdb, 0xe5, 0xdb, 
	0xcd, 0x19, 0xee, 0x67, 0xe5, 0xdb, 0xcd, 0x19, 
	0xf7, 0xbd, 0xf7, 0xbd, 0xf7, 0xbd, 0xf7, 0xbd, 
	0xf7, 0xbd, 0xf7, 0xbd, 0xf7, 0xbd, 0xf7, 0xbd, 
	0xf7, 0xbd, 0xf7, 0xbd, 0xf7, 0xbd, 0xf7, 0xbd, 
	0xf7, 0xbd, 0xf7, 0xbd, 0xf7, 0xbd, 0xf7, 0xbd, 
	0xe5, 0xdb, 0xe5, 0xdb, 0xe5, 0xdb, 0xe5, 0xdb, 
	0xe5, 0xdb, 0xe5, 0xdb, 0xe5, 0xdb, 0xe5, 0xdb, 
	0xe5, 0xdb, 0xe5, 0xdb, 0xe5, 0xdb, 0xe5, 0xdb, 
	0xcd, 0x19, 0xee, 0x67, 0xe5, 0xdb, 0xcd, 0x19, 
	0xf7, 0xbd, 0xf7, 0xbd, 0xf7, 0xbd, 0xf7, 0xbd, 
	0xf7, 0xbd, 0xf7, 0xbd, 0xf7, 0xbd, 0xf7, 0xbd, 
	0xf7, 0xbd, 0xf7, 0xbd, 0xf7, 0xbd, 0xf7, 0xbd, 
	0xf7, 0xbd, 0xf7, 0xbd, 0xf7, 0xbd, 0xf7, 0xbd, 
	0xe5, 0xdb, 0xe5, 0xdb, 0xe5, 0xdb, 0xe5, 0xdb, 
	0xe5, 0xdb, 0xe5, 0xdb, 0xe5, 0xdb, 0xe5, 0xdb, 
	0xe5, 0xdb, 0xe5, 0xdb, 0xe5, 0xdb, 0xe5, 0xdb, 
	0xcd, 0x19, 0xee, 0x67, 0xe5, 0xdb, 0xcd, 0x19, 
	0xf7, 0xbd, 0xf7, 0xbd, 0xf7, 0xbd, 0xf7, 0xbd, 
	0xf7, 0xbd, 0xf7, 0xbd, 0xf7, 0xbd, 0xf7, 0xbd, 
	0xf7, 0xbd, 0xf7, 0xbd, 0xf7, 0xbd, 0xf7, 0xbd, 
	0xf7, 0xbd, 0xf7, 0xbd, 0xf7, 0xbd, 0xf7, 0xbd, 
	0xe5, 0xdb, 0xe5, 0xdb, 0xe5, 0xdb, 0xe5, 0xdb, 
	0xe5, 0xdb, 0xe5, 0xdb, 0xe5, 0xdb, 0xe5, 0xdb, 
	0xe5, 0xdb, 0xe5, 0xdb, 0xe5, 0xdb, 0xe5, 0xdb, 
	0xcd, 0x19, 0xee, 0x67, 0xe5, 0xdb, 0xcd, 0x19, 
	0xf7, 0xbd, 0xf7, 0xbd, 0xf7, 0xbd, 0xf7, 0xbd, 
	0xf7, 0xbd, 0xf7, 0xbd, 0xf7, 0xbd, 0xf7, 0xbd, 
	0xf7, 0xbd, 0xf7, 0xbd, 0xf7, 0xbd, 0xf7, 0xbd, 
	0xf7, 0xbd, 0xf7, 0xbd, 0xf7, 0xbd, 0xf7, 0xbd, 
	0xe5, 0xdb, 0xe5, 0xdb, 0xe5, 0xdb, 0xe5, 0xdb, 
	0xe5, 0xdb, 0xe5, 0xdb, 0xe5, 0xdb, 0xe5, 0xdb, 
	0xe5, 0xdb, 0xe5, 0xdb, 0xe5, 0xdb, 0xe5, 0xdb, 
	0xcd, 0x19, 0xee, 0x67, 0xe5, 0xdb, 0xcd, 0x19, 
	0xf7, 0xbd, 0xf7, 0xbd, 0xf7, 0xbd, 0xf7, 0xbd, 
	0xf7, 0xbd, 0xf7, 0xbd, 0xf7, 0xbd, 0xf7, 0xbd, 
	0xf7, 0xbd, 0xf7, 0xbd, 0xf7, 0xbd, 0xf7, 0xbd, 
	0xf7, 0xbd, 0xf7, 0xbd, 0xf7, 0xbd, 0xf7, 0xbd, 
	0xe5, 0xdb, 0xe5, 0xdb, 0xe5, 0xdb, 0xe5, 0xdb, 
	0xe5, 0xdb, 0xe5, 0xdb, 0xe5, 0xdb, 0xe5, 0xdb, 
	0xe5, 0xdb, 0xe5, 0xdb, 0xe5, 0xdb, 0xe5, 0xdb, 
	0xcd, 0x19, 0xee, 0x67, 0xe5, 0xdb, 0xcd, 0x19, 
	0xf7, 0xbd, 0xf7, 0xbd, 0xf7, 0xbd, 0xf7, 0xbd, 
	0xf7, 0xbd, 0xf7, 0xbd, 0xf7, 0xbd, 0xf7, 0xbd, 
	0xf7, 0xbd, 0xf7, 0xbd, 0xf7, 0xbd, 0xf7, 0xbd, 
	0xf7, 0xbd, 0xf7, 0xbd, 0xf7, 0xbd, 0xf7, 0xbd, 
	0xe5, 0xdb, 0xe5, 0xdb, 0xe5, 0xdb, 0xe5, 0xdb, 
	0xe5, 0xdb, 0xe5, 0xdb, 0xe5, 0xdb, 0xe5, 0xdb, 
	0xe5, 0xdb, 0xe5, 0xdb, 0xe5, 0xdb, 0xe5, 0xdb, 
	0xcd, 0x19, 0xee, 0x67, 0xe5, 0xdb, 0xcd, 0x19, 
	0xf7, 0xbd, 0xf7, 0xbd, 0xf7, 0xbd, 0xf7, 0xbd, 
	0xf7, 0xbd, 0xf7, 0xbd, 0xf7, 0xbd, 0xf7, 0xbd, 
	0xf7, 0xbd, 0xf7, 0xbd, 0xf7, 0xbd, 0xf7, 0xbd, 
	0xf7, 0xbd, 0xf7, 0xbd, 0xf7, 0xbd, 0xf7, 0xbd, 
	0xe5, 0xdb, 0xe5, 0xdb, 0xe5, 0xdb, 0xe5, 0xdb, 
	0xe5, 0xdb, 0xe5, 0xdb, 0xe5, 0xdb, 0xe5, 0xdb, 
	0xe5, 0xdb, 0xe5, 0xdb, 0xe5, 0xdb, 0xe5, 0xdb, 
	0xcd, 0x19, 0xee, 0x67, 0xe5, 0xdb, 0xcd, 0x19, 
	0xf7, 0xbd, 0xf7, 0xbd, 0xf7, 0xbd, 0xf7, 0xbd, 
	0xf7, 0xbd, 0xf7, 0xbd, 0xf7, 0xbd, 0xf7, 0xbd, 
	0xf7, 0xbd, 0xf7, 0xbd, 0xf7, 0xbd, 0xf7, 0xbd, 
	0xf7, 0xbd, 0xf7, 0xbd, 0xf7, 0xbd, 0xf7, 0xbd, 
	0xe5, 0xdb, 0xe5, 0xdb, 0xe5, 0xdb, 0xe5, 0xdb, 
	0xe5, 0xdb, 0xe5, 0xdb, 0xe5, 0xdb, 0xe5, 0xdb, 
	0xe5, 0xdb, 0xe5, 0xdb, 0xe5, 0xdb, 0xe5, 0xdb, 
	0xcd, 0x19, 0xee, 0x67, 0xe5, 0xdb, 0xcd, 0x19, 
	0xf7, 0xbd, 0xf7, 0xbd, 0xf7, 0xbd, 0xf7, 0xbd, 
	0xf7, 0xbd, 0xf7, 0xbd, 0xf7, 0xbd, 0xf7, 0xbd, 
	0xf7, 0xbd, 0xf7, 0xbd, 0xf7, 0xbd, 0xf7, 0xbd, 
	0xf7, 0xbd, 0xf7, 0xbd, 0xf7, 0xbd, 0xf7, 0xbd, 
	0xe5, 0xdb, 0xe5, 0xdb, 0xe5, 0xdb, 0xe5, 0xdb, 
	0xe5, 0xdb, 0xe5, 0xdb, 0xe5, 0xdb, 0xe5, 0xdb, 
	0xe5, 0xdb, 0xe5, 0xdb, 0xe5, 0xdb, 0xe5, 0xdb, 
	0xcd, 0x19, 0xee, 0x67, 0xe5, 0xdb, 0xcd, 0x19, 
	0xf7, 0xbd, 0xf7, 0xbd, 0xf7, 0xbd, 0xf7, 0xbd, 
	0xf7, 0xbd, 0xf7, 0xbd, 0xf7, 0xbd, 0xf7, 0xbd, 
	0xf7, 0xbd, 0xf7, 0xbd, 0xf7, 0xbd, 0xf7, 0xbd, 
	0xf7, 0xbd, 0xf7, 0xbd, 0xf7, 0xbd, 0xf7, 0xbd, 
	0xe5, 0xdb, 0xe5, 0xdb, 0xe5, 0xdb, 0xe5, 0xdb, 
	0xe5, 0xdb, 0xe5, 0xdb, 0xe5, 0xdb, 0xe5, 0xdb, 
	0xe5, 0xdb, 0xe5, 0xdb, 0xe5, 0xdb, 0xe5, 0xdb, 
	0xcd, 0x19, 0xee, 0x67, 0xe5, 0xdb, 0xcd, 0x19, 
	0xf7, 0xbd, 0xf7, 0xbd, 0xf7, 0xbd, 0xf7, 0xbd, 
	0xf7, 0xbd, 0xf7, 0xbd, 0xf7, 0xbd, 0xf7, 0xbd, 
	0xf7, 0xbd, 0xf7, 0xbd, 0xf7, 0xbd, 0xf7, 0xbd, 
	0xf7, 0xbd, 0xf7, 0xbd, 0xf7, 0xbd, 0xf7, 0xbd, 
	0xe5, 0xdb, 0xe5, 0xdb, 0xe5, 0xdb, 0xe5, 0xdb, 
	0xe5, 0xdb, 0xe5, 0xdb, 0xe5, 0xdb, 0xe5, 0xdb, 
	0xe5, 0xdb, 0xe5, 0xdb, 0xe5, 0xdb, 0xe5, 0xdb, 
	0xcd, 0x19, 0xee, 0x67, 0xe5, 0xdb, 0xcd, 0x19, 
	0xf7, 0xbd, 0xf7, 0xbd, 0xf7, 0xbd, 0xf7, 0xbd, 
	0xf7, 0xbd, 0xf7, 0xbd, 0xf7, 0xbd, 0xf7, 0xbd, 
	0xf7, 0xbd, 0xf7, 0xbd, 0xf7, 0xbd, 0xf7, 0xbd, 
	0xf7, 0xbd, 0xf7, 0xbd, 0xf7, 0xbd, 0xf7, 0xbd, 
	0xe5, 0xdb, 0xe5, 0xdb, 0xe5, 0xdb, 0xe5, 0xdb, 
	0xe5, 0xdb, 0xe5, 0xdb, 0xe5, 0xdb, 0xe5, 0xdb, 
	0xe5, 0xdb, 0xe5, 0xdb, 0xe5, 0xdb, 0xe5, 0xdb, 
	0xcd, 0x19, 0xee, 0x67, 0xe5, 0xdb, 0xcd, 0x19, 
	0xf7, 0xbd, 0xf7, 0xbd, 0xf7, 0xbd, 0xf7, 0xbd, 
	0xf7, 0xbd, 0xf7, 0xbd, 0xf7, 0xbd, 0xf7, 0xbd, 
	0xf7, 0xbd, 0xf7, 0xbd, 0xf7, 0xbd, 0xf7, 0xbd, 
	0xf7, 0xbd, 0xf7, 0xbd, 0xf7, 0xbd, 0xf7, 0xbd, 
	0xe5, 0xdb, 0xe5, 0xdb, 0xe5, 0xdb, 0xe5, 0xdb, 
	0xe5, 0xdb, 0xe5, 0xdb, 0xe5, 0xdb, 0xe5, 0xdb, 
	0xe5, 0xdb, 0xe5, 0xdb, 0xe5, 0xdb, 0xe5, 0xdb, 
	0xcd, 0x19, 0xee, 0x67, 0xe5, 0xdb, 0xcd, 0x19, 
	0xf7, 0xbd, 0xf7, 0xbd, 0xf7, 0xbd, 0xf7, 0xbd, 
	0xf7, 0xbd, 0xf7, 0xbd, 0xf7, 0xbd, 0xf7, 0xbd, 
	0xf7, 0xbd, 0xf7, 0xbd, 0xf7, 0xbd, 0xf7, 0xbd, 
	0xf7, 0xbd, 0xf7, 0xbd, 0xf7, 0xbd, 0xf7, 0xbd, 
	0xe5, 0xdb, 0xe5, 0xdb, 0xe5, 0xdb, 0xe5, 0xdb, 
	0xe5, 0xdb, 0xe5, 0xdb, 0xe5, 0xdb, 0xe5, 0xdb, 
	0xe5, 0xdb, 0xe5, 0xdb, 0xe5, 0xdb, 0xe5, 0xdb, 
	0xcd, 0x19, 0xee, 0x67, 0xe5, 0xdb, 0xcd, 0x19, 
	0xf7, 0xbd, 0xf7, 0xbd, 0xf7, 0xbd, 0xf7, 0xbd, 
	0xf7, 0xbd, 0xf7, 0xbd, 0xf7, 0xbd, 0xf7, 0xbd, 
	0xf7, 0xbd, 0xf7, 0xbd, 0xf7, 0xbd, 0xf7, 0xbd, 
	0xf7, 0xbd, 0xf7, 0xbd, 0xf7, 0xbd, 0xf7, 0xbd, 
	0xe5, 0xdb, 0xe5, 0xdb, 0xe5, 0xdb, 0xe5, 0xdb, 
	0xe5, 0xdb, 0xe5, 0xdb, 0xe5, 0xdb, 0xe5, 0xdb, 
	0xe5, 0xdb, 0xe5, 0xdb, 0xe5, 0xdb, 0xe5, 0xdb, 
	0xcd, 0x19, 0xee, 0x67, 0xe5, 0xdb, 0xcd, 0x19, 
	0xf7, 0xbd, 0xf7, 0xbd, 0xf7, 0xbd, 0xf7, 0xbd, 
	0xf7, 0xbd, 0xf7, 0xbd, 0xf7, 0xbd, 0xf7, 0xbd, 
	0xf7, 0xbd, 0xf7, 0xbd, 0xf7, 0xbd, 0xf7, 0xbd, 
	0xf7, 0xbd, 0xf7, 0xbd, 0xf7, 0xbd, 0xf7, 0xbd, 
	0xe5, 0xdb, 0xe5, 0xdb, 0xe5, 0xdb, 0xe5, 0xdb, 
	0xe5, 0xdb, 0xe5, 0xdb, 0xe5, 0xdb, 0xe5, 0xdb, 
	0xe5, 0xdb, 0xe5, 0xdb, 0xe5, 0xdb, 0xe5, 0xdb, 
	0xcd, 0x19, 0xee, 0x67, 0xe5, 0xdb, 0xcd, 0x19, 
	0xf7, 0xbd, 0xf7, 0xbd, 0xf7, 0xbd, 0xf7, 0xbd, 
	0xf7, 0xbd, 0xf7, 0xbd, 0xf7, 0xbd, 0xf7, 0xbd, 
	0xf7, 0xbd, 0xf7, 0xbd, 0xf7, 0xbd, 0xf7, 0xbd, 
	0xf7, 0xbd, 0xf7, 0xbd, 0xf7, 0xbd, 0xf7, 0xbd, 
	0xe5, 0xdb, 0xe5, 0xdb, 0xe5, 0xdb, 0xe5, 0xdb, 
	0xe5, 0xdb, 0xe5, 0xdb, 0xe5, 0xdb, 0xe5, 0xdb, 
	0xe5, 0xdb, 0xe5, 0xdb, 0xe5, 0xdb, 0xe5, 0xdb, 
	0xcd, 0x19, 0xee, 0x67, 0xe5, 0xdb, 0xcd, 0x19, 
	0xf7, 0xbd, 0xf7, 0xbd, 0xf7, 0xbd, 0xf7, 0xbd, 
	0xf7, 0xbd, 0xf7, 0xbd, 0xf7, 0xbd, 0xf7, 0xbd, 
	0xf7, 0xbd, 0xf7, 0xbd, 0xf7, 0xbd, 0xf7, 0xbd, 
	0xf7, 0xbd, 0xf7, 0xbd, 0xf7, 0xbd, 0xf7, 0xbd, 
	0xe5, 0xdb, 0xe5, 0xdb, 0xe5, 0xdb, 0xe5, 0xdb, 
	0xe5, 0xdb, 0xe5, 0xdb, 0xe5, 0xdb, 0xe5, 0xdb, 
	0xe5, 0xdb, 0xe5, 0xdb, 0xe5, 0xdb, 0xe5, 0xdb, 
	0xcd, 0x19, 0xee, 0x67, 0xe5, 0xdb, 0xcd, 0x19, 
	0xf7, 0xbd, 0xf7, 0xbd, 0xf7, 0xbd, 0xf7, 0xbd, 
	0xf7, 0xbd, 0xf7, 0xbd, 0xf7, 0xbd, 0xf7, 0xbd, 
	0xf7, 0xbd, 0xf7, 0xbd, 0xf7, 0xbd, 0xf7, 0xbd, 
	0xf7, 0xbd, 0xf7, 0xbd, 0xf7, 0xbd, 0xf7, 0xbd, 
	
};

Gfx mario_soniceyenew_closed_rgba16_aligner[] = {gsSPEndDisplayList()};
u8 mario_soniceyenew_closed_rgba16[] = {
	0xe5, 0xdb, 0xe5, 0xdb, 0xe5, 0xdb, 0xe5, 0xdb, 
	0xe5, 0xdb, 0xe5, 0xdb, 0xe5, 0xdb, 0xe5, 0xdb, 
	0xe5, 0xdb, 0xe5, 0xdb, 0xe5, 0xdb, 0xe5, 0xdb, 
	0xe5, 0xdb, 0xe5, 0xdb, 0xe5, 0xdb, 0xe5, 0xdb, 
	0xe5, 0xdb, 0xe5, 0xdb, 0xe5, 0xdb, 0xe5, 0xdb, 
	0xe5, 0xdb, 0xe5, 0xdb, 0xe5, 0xdb, 0xe5, 0xdb, 
	0xe5, 0xdb, 0xe5, 0xdb, 0xe5, 0xdb, 0xe5, 0xdb, 
	0xcd, 0x19, 0xee, 0x67, 0xe5, 0xdb, 0xcd, 0x19, 
	0xe5, 0xdb, 0xe5, 0xdb, 0xe5, 0xdb, 0xe5, 0xdb, 
	0xe5, 0xdb, 0xe5, 0xdb, 0xe5, 0xdb, 0xe5, 0xdb, 
	0xe5, 0xdb, 0xe5, 0xdb, 0xe5, 0xdb, 0xe5, 0xdb, 
	0xe5, 0xdb, 0xe5, 0xdb, 0xe5, 0xdb, 0xe5, 0xdb, 
	0xe5, 0xdb, 0xe5, 0xdb, 0xe5, 0xdb, 0xe5, 0xdb, 
	0xe5, 0xdb, 0xe5, 0xdb, 0xe5, 0xdb, 0xe5, 0xdb, 
	0xe5, 0xdb, 0xe5, 0xdb, 0xe5, 0xdb, 0xe5, 0xdb, 
	0xcd, 0x19, 0xee, 0x67, 0xe5, 0xdb, 0xcd, 0x19, 
	0xe5, 0xdb, 0xe5, 0xdb, 0xe5, 0xdb, 0xe5, 0xdb, 
	0xe5, 0xdb, 0xe5, 0xdb, 0xe5, 0xdb, 0xe5, 0xdb, 
	0xe5, 0xdb, 0xe5, 0xdb, 0xe5, 0xdb, 0xe5, 0xdb, 
	0xe5, 0xdb, 0xe5, 0xdb, 0xe5, 0xdb, 0xe5, 0xdb, 
	0xe5, 0xdb, 0xe5, 0xdb, 0xe5, 0xdb, 0xe5, 0xdb, 
	0xe5, 0xdb, 0xe5, 0xdb, 0xe5, 0xdb, 0xe5, 0xdb, 
	0xe5, 0xdb, 0xe5, 0xdb, 0xe5, 0xdb, 0xe5, 0xdb, 
	0xcd, 0x19, 0xee, 0x67, 0xe5, 0xdb, 0xcd, 0x19, 
	0xe5, 0xdb, 0xe5, 0xdb, 0xe5, 0xdb, 0xe5, 0xdb, 
	0xe5, 0xdb, 0xe5, 0xdb, 0xe5, 0xdb, 0xe5, 0xdb, 
	0xe5, 0xdb, 0xe5, 0xdb, 0xe5, 0xdb, 0xe5, 0xdb, 
	0xe5, 0xdb, 0xe5, 0xdb, 0xe5, 0xdb, 0xe5, 0xdb, 
	0xe5, 0xdb, 0xe5, 0xdb, 0xe5, 0xdb, 0xe5, 0xdb, 
	0xe5, 0xdb, 0xe5, 0xdb, 0xe5, 0xdb, 0xe5, 0xdb, 
	0xe5, 0xdb, 0xe5, 0xdb, 0xe5, 0xdb, 0xe5, 0xdb, 
	0xcd, 0x19, 0xee, 0x67, 0xe5, 0xdb, 0xcd, 0x19, 
	0xe5, 0xdb, 0xe5, 0xdb, 0xe5, 0xdb, 0xe5, 0xdb, 
	0xe5, 0xdb, 0xe5, 0xdb, 0xe5, 0xdb, 0xe5, 0xdb, 
	0xe5, 0xdb, 0xe5, 0xdb, 0xe5, 0xdb, 0xe5, 0xdb, 
	0xe5, 0xdb, 0xe5, 0xdb, 0xe5, 0xdb, 0xe5, 0xdb, 
	0xe5, 0xdb, 0xe5, 0xdb, 0xe5, 0xdb, 0xe5, 0xdb, 
	0xe5, 0xdb, 0xe5, 0xdb, 0xe5, 0xdb, 0xe5, 0xdb, 
	0xe5, 0xdb, 0xe5, 0xdb, 0xe5, 0xdb, 0xe5, 0xdb, 
	0xcd, 0x19, 0xee, 0x67, 0xe5, 0xdb, 0xcd, 0x19, 
	0xe5, 0xdb, 0xe5, 0xdb, 0xe5, 0xdb, 0xe5, 0xdb, 
	0xe5, 0xdb, 0xe5, 0xdb, 0xe5, 0xdb, 0xe5, 0xdb, 
	0xe5, 0xdb, 0xe5, 0xdb, 0xe5, 0xdb, 0xe5, 0xdb, 
	0xe5, 0xdb, 0xe5, 0xdb, 0xe5, 0xdb, 0xe5, 0xdb, 
	0xe5, 0xdb, 0xe5, 0xdb, 0xe5, 0xdb, 0xe5, 0xdb, 
	0xe5, 0xdb, 0xe5, 0xdb, 0xe5, 0xdb, 0xe5, 0xdb, 
	0xe5, 0xdb, 0xe5, 0xdb, 0xe5, 0xdb, 0xe5, 0xdb, 
	0xcd, 0x19, 0xee, 0x67, 0xe5, 0xdb, 0xcd, 0x19, 
	0xe5, 0xdb, 0xe5, 0xdb, 0xe5, 0xdb, 0xe5, 0xdb, 
	0xe5, 0xdb, 0xe5, 0xdb, 0xe5, 0xdb, 0xe5, 0xdb, 
	0xe5, 0xdb, 0xe5, 0xdb, 0xe5, 0xdb, 0xe5, 0xdb, 
	0xe5, 0xdb, 0xe5, 0xdb, 0xe5, 0xdb, 0xe5, 0xdb, 
	0xe5, 0xdb, 0xe5, 0xdb, 0xe5, 0xdb, 0xe5, 0xdb, 
	0xe5, 0xdb, 0xe5, 0xdb, 0xe5, 0xdb, 0xe5, 0xdb, 
	0xe5, 0xdb, 0xe5, 0xdb, 0xe5, 0xdb, 0xe5, 0xdb, 
	0xcd, 0x19, 0xee, 0x67, 0xe5, 0xdb, 0xcd, 0x19, 
	0xe5, 0xdb, 0xe5, 0xdb, 0xe5, 0xdb, 0xe5, 0xdb, 
	0xe5, 0xdb, 0xe5, 0xdb, 0xe5, 0xdb, 0xe5, 0xdb, 
	0xe5, 0xdb, 0xe5, 0xdb, 0xe5, 0xdb, 0xe5, 0xdb, 
	0xe5, 0xdb, 0xe5, 0xdb, 0xe5, 0xdb, 0xe5, 0xdb, 
	0xe5, 0xdb, 0xe5, 0xdb, 0xe5, 0xdb, 0xe5, 0xdb, 
	0xe5, 0xdb, 0xe5, 0xdb, 0xe5, 0xdb, 0xe5, 0xdb, 
	0xe5, 0xdb, 0xe5, 0xdb, 0xe5, 0xdb, 0xe5, 0xdb, 
	0xcd, 0x19, 0xee, 0x67, 0xe5, 0xdb, 0xcd, 0x19, 
	0xe5, 0xdb, 0xe5, 0xdb, 0xe5, 0xdb, 0xe5, 0xdb, 
	0xe5, 0xdb, 0xe5, 0xdb, 0xe5, 0xdb, 0xe5, 0xdb, 
	0xe5, 0xdb, 0xe5, 0xdb, 0xe5, 0xdb, 0xe5, 0xdb, 
	0xe5, 0xdb, 0xe5, 0xdb, 0xe5, 0xdb, 0xe5, 0xdb, 
	0xe5, 0xdb, 0xe5, 0xdb, 0xe5, 0xdb, 0xe5, 0xdb, 
	0xe5, 0xdb, 0xe5, 0xdb, 0xe5, 0xdb, 0xe5, 0xdb, 
	0xe5, 0xdb, 0xe5, 0xdb, 0xe5, 0xdb, 0xe5, 0xdb, 
	0xcd, 0x19, 0xee, 0x67, 0xe5, 0xdb, 0xcd, 0x19, 
	0xe5, 0xdb, 0xe5, 0xdb, 0xe5, 0xdb, 0xe5, 0xdb, 
	0xe5, 0xdb, 0xe5, 0xdb, 0xe5, 0xdb, 0xe5, 0xdb, 
	0xe5, 0xdb, 0xe5, 0xdb, 0xe5, 0xdb, 0xe5, 0xdb, 
	0xe5, 0xdb, 0xe5, 0xdb, 0xe5, 0xdb, 0xe5, 0xdb, 
	0xe5, 0xdb, 0xe5, 0xdb, 0xe5, 0xdb, 0xe5, 0xdb, 
	0xe5, 0xdb, 0xe5, 0xdb, 0xe5, 0xdb, 0xe5, 0xdb, 
	0xe5, 0xdb, 0xe5, 0xdb, 0xe5, 0xdb, 0xe5, 0xdb, 
	0xcd, 0x19, 0xee, 0x67, 0xe5, 0xdb, 0xcd, 0x19, 
	0xe5, 0xdb, 0xe5, 0xdb, 0xe5, 0xdb, 0xe5, 0xdb, 
	0xe5, 0xdb, 0xe5, 0xdb, 0xe5, 0xdb, 0xe5, 0xdb, 
	0xe5, 0xdb, 0xe5, 0xdb, 0xe5, 0xdb, 0xe5, 0xdb, 
	0xe5, 0xdb, 0xe5, 0xdb, 0xe5, 0xdb, 0xe5, 0xdb, 
	0xe5, 0xdb, 0xe5, 0xdb, 0xe5, 0xdb, 0xe5, 0xdb, 
	0xe5, 0xdb, 0xe5, 0xdb, 0xe5, 0xdb, 0xe5, 0xdb, 
	0xe5, 0xdb, 0xe5, 0xdb, 0xe5, 0xdb, 0xe5, 0xdb, 
	0xcd, 0x19, 0xee, 0x67, 0xe5, 0xdb, 0xcd, 0x19, 
	0xe5, 0xdb, 0xe5, 0xdb, 0xe5, 0xdb, 0xe5, 0xdb, 
	0xe5, 0xdb, 0xe5, 0xdb, 0xe5, 0xdb, 0xe5, 0xdb, 
	0xe5, 0xdb, 0xe5, 0xdb, 0xe5, 0xdb, 0xe5, 0xdb, 
	0xe5, 0xdb, 0xe5, 0xdb, 0xe5, 0xdb, 0xe5, 0xdb, 
	0xe5, 0xdb, 0xe5, 0xdb, 0xe5, 0xdb, 0xe5, 0xdb, 
	0xe5, 0xdb, 0xe5, 0xdb, 0xe5, 0xdb, 0xe5, 0xdb, 
	0xe5, 0xdb, 0xe5, 0xdb, 0xe5, 0xdb, 0xe5, 0xdb, 
	0xcd, 0x19, 0xee, 0x67, 0xe5, 0xdb, 0xcd, 0x19, 
	0xe5, 0xdb, 0xe5, 0xdb, 0xe5, 0xdb, 0xe5, 0xdb, 
	0xe5, 0xdb, 0xe5, 0xdb, 0xe5, 0xdb, 0xe5, 0xdb, 
	0xe5, 0xdb, 0xe5, 0xdb, 0xe5, 0xdb, 0xe5, 0xdb, 
	0xe5, 0xdb, 0xe5, 0xdb, 0xe5, 0xdb, 0xe5, 0xdb, 
	0xe5, 0xdb, 0xe5, 0xdb, 0xe5, 0xdb, 0xe5, 0xdb, 
	0xe5, 0xdb, 0xe5, 0xdb, 0xe5, 0xdb, 0xe5, 0xdb, 
	0xe5, 0xdb, 0xe5, 0xdb, 0xe5, 0xdb, 0xe5, 0xdb, 
	0xcd, 0x19, 0xee, 0x67, 0xe5, 0xdb, 0xcd, 0x19, 
	0xe5, 0xdb, 0xe5, 0xdb, 0xe5, 0xdb, 0xe5, 0xdb, 
	0xe5, 0xdb, 0xe5, 0xdb, 0xe5, 0xdb, 0xe5, 0xdb, 
	0xe5, 0xdb, 0xe5, 0xdb, 0xe5, 0xdb, 0xe5, 0xdb, 
	0xe5, 0xdb, 0xe5, 0xdb, 0xe5, 0xdb, 0xe5, 0xdb, 
	0xe5, 0xdb, 0xe5, 0xdb, 0xe5, 0xdb, 0xe5, 0xdb, 
	0xe5, 0xdb, 0xe5, 0xdb, 0xe5, 0xdb, 0xe5, 0xdb, 
	0xe5, 0xdb, 0xe5, 0xdb, 0xe5, 0xdb, 0xe5, 0xdb, 
	0xcd, 0x19, 0xee, 0x67, 0xe5, 0xdb, 0xcd, 0x19, 
	0xe5, 0xdb, 0xe5, 0xdb, 0xe5, 0xdb, 0xe5, 0xdb, 
	0xe5, 0xdb, 0xe5, 0xdb, 0xe5, 0xdb, 0xe5, 0xdb, 
	0xe5, 0xdb, 0xe5, 0xdb, 0xe5, 0xdb, 0xe5, 0xdb, 
	0xe5, 0xdb, 0xe5, 0xdb, 0xe5, 0xdb, 0xe5, 0xdb, 
	0xe5, 0xdb, 0xe5, 0xdb, 0xe5, 0xdb, 0xe5, 0xdb, 
	0xe5, 0xdb, 0xe5, 0xdb, 0xe5, 0xdb, 0xe5, 0xdb, 
	0xe5, 0xdb, 0xe5, 0xdb, 0xe5, 0xdb, 0xe5, 0xdb, 
	0xcd, 0x19, 0xee, 0x67, 0xe5, 0xdb, 0xcd, 0x19, 
	0xe5, 0xdb, 0xe5, 0xdb, 0xe5, 0xdb, 0xe5, 0xdb, 
	0xe5, 0xdb, 0xe5, 0xdb, 0xe5, 0xdb, 0xe5, 0xdb, 
	0xe5, 0xdb, 0xe5, 0xdb, 0xe5, 0xdb, 0xe5, 0xdb, 
	0xe5, 0xdb, 0xe5, 0xdb, 0xe5, 0xdb, 0xe5, 0xdb, 
	0xe5, 0xdb, 0xe5, 0xdb, 0xe5, 0xdb, 0xe5, 0xdb, 
	0xe5, 0xdb, 0xe5, 0xdb, 0xe5, 0xdb, 0xe5, 0xdb, 
	0xe5, 0xdb, 0xe5, 0xdb, 0xe5, 0xdb, 0xe5, 0xdb, 
	0xcd, 0x19, 0xee, 0x67, 0xe5, 0xdb, 0xcd, 0x19, 
	0xe5, 0xdb, 0xe5, 0xdb, 0xe5, 0xdb, 0xe5, 0xdb, 
	0xe5, 0xdb, 0xe5, 0xdb, 0xe5, 0xdb, 0xe5, 0xdb, 
	0xe5, 0xdb, 0xe5, 0xdb, 0xe5, 0xdb, 0xe5, 0xdb, 
	0xe5, 0xdb, 0xe5, 0xdb, 0xe5, 0xdb, 0xe5, 0xdb, 
	0xe5, 0xdb, 0xe5, 0xdb, 0xe5, 0xdb, 0xe5, 0xdb, 
	0xe5, 0xdb, 0xe5, 0xdb, 0xe5, 0xdb, 0xe5, 0xdb, 
	0xe5, 0xdb, 0xe5, 0xdb, 0xe5, 0xdb, 0xe5, 0xdb, 
	0xcd, 0x19, 0xee, 0x67, 0xe5, 0xdb, 0xcd, 0x19, 
	0xe5, 0xdb, 0xe5, 0xdb, 0xe5, 0xdb, 0xe5, 0xdb, 
	0xe5, 0xdb, 0xe5, 0xdb, 0xe5, 0xdb, 0xe5, 0xdb, 
	0xe5, 0xdb, 0xe5, 0xdb, 0xe5, 0xdb, 0xe5, 0xdb, 
	0xe5, 0xdb, 0xe5, 0xdb, 0xe5, 0xdb, 0xe5, 0xdb, 
	0xe5, 0xdb, 0xe5, 0xdb, 0xe5, 0xdb, 0xe5, 0xdb, 
	0xe5, 0xdb, 0xe5, 0xdb, 0xe5, 0xdb, 0xe5, 0xdb, 
	0xe5, 0xdb, 0xe5, 0xdb, 0xe5, 0xdb, 0xe5, 0xdb, 
	0xcd, 0x19, 0xee, 0x67, 0xe5, 0xdb, 0xcd, 0x19, 
	0xe5, 0xdb, 0xe5, 0xdb, 0xe5, 0xdb, 0xe5, 0xdb, 
	0xe5, 0xdb, 0xe5, 0xdb, 0xe5, 0xdb, 0xe5, 0xdb, 
	0xe5, 0xdb, 0xe5, 0xdb, 0xe5, 0xdb, 0xe5, 0xdb, 
	0xe5, 0xdb, 0xe5, 0xdb, 0xe5, 0xdb, 0xe5, 0xdb, 
	0xe5, 0xdb, 0xe5, 0xdb, 0xe5, 0xdb, 0xe5, 0xdb, 
	0xe5, 0xdb, 0xe5, 0xdb, 0xe5, 0xdb, 0xe5, 0xdb, 
	0xe5, 0xdb, 0xe5, 0xdb, 0xe5, 0xdb, 0xe5, 0xdb, 
	0xcd, 0x19, 0xee, 0x67, 0xe5, 0xdb, 0xcd, 0x19, 
	0xe5, 0xdb, 0xe5, 0xdb, 0xe5, 0xdb, 0xe5, 0xdb, 
	0xe5, 0xdb, 0xe5, 0xdb, 0xe5, 0xdb, 0xe5, 0xdb, 
	0xe5, 0xdb, 0xe5, 0xdb, 0xe5, 0xdb, 0xe5, 0xdb, 
	0xe5, 0xdb, 0xe5, 0xdb, 0xe5, 0xdb, 0xe5, 0xdb, 
	0xe5, 0xdb, 0xe5, 0xdb, 0xe5, 0xdb, 0xe5, 0xdb, 
	0xe5, 0xdb, 0xe5, 0xdb, 0xe5, 0xdb, 0xe5, 0xdb, 
	0xe5, 0xdb, 0xe5, 0xdb, 0xe5, 0xdb, 0xe5, 0xdb, 
	0xcd, 0x19, 0xee, 0x67, 0xe5, 0xdb, 0xcd, 0x19, 
	0xe5, 0xdb, 0xe5, 0xdb, 0xe5, 0xdb, 0xe5, 0xdb, 
	0xe5, 0xdb, 0xe5, 0xdb, 0xe5, 0xdb, 0xe5, 0xdb, 
	0xe5, 0xdb, 0xe5, 0xdb, 0xe5, 0xdb, 0xe5, 0xdb, 
	0xe5, 0xdb, 0xe5, 0xdb, 0xe5, 0xdb, 0xe5, 0xdb, 
	0xe5, 0xdb, 0xe5, 0xdb, 0xe5, 0xdb, 0xe5, 0xdb, 
	0xe5, 0xdb, 0xe5, 0xdb, 0xe5, 0xdb, 0xe5, 0xdb, 
	0xe5, 0xdb, 0xe5, 0xdb, 0xe5, 0xdb, 0xe5, 0xdb, 
	0xcd, 0x19, 0xee, 0x67, 0xe5, 0xdb, 0xcd, 0x19, 
	0xe5, 0xdb, 0xe5, 0xdb, 0xe5, 0xdb, 0xe5, 0xdb, 
	0xe5, 0xdb, 0xe5, 0xdb, 0xe5, 0xdb, 0xe5, 0xdb, 
	0xe5, 0xdb, 0xe5, 0xdb, 0xe5, 0xdb, 0xe5, 0xdb, 
	0xe5, 0xdb, 0xe5, 0xdb, 0xe5, 0xdb, 0xe5, 0xdb, 
	0xe5, 0xdb, 0xe5, 0xdb, 0xe5, 0xdb, 0xe5, 0xdb, 
	0xe5, 0xdb, 0xe5, 0xdb, 0xe5, 0xdb, 0xe5, 0xdb, 
	0xe5, 0xdb, 0xe5, 0xdb, 0xe5, 0xdb, 0xe5, 0xdb, 
	0xcd, 0x19, 0xee, 0x67, 0xe5, 0xdb, 0xcd, 0x19, 
	0xe5, 0xdb, 0xe5, 0xdb, 0xe5, 0xdb, 0xe5, 0xdb, 
	0xe5, 0xdb, 0xe5, 0xdb, 0xe5, 0xdb, 0xe5, 0xdb, 
	0xe5, 0xdb, 0xe5, 0xdb, 0xe5, 0xdb, 0xe5, 0xdb, 
	0xe5, 0xdb, 0xe5, 0xdb, 0xe5, 0xdb, 0xe5, 0xdb, 
	0xe5, 0xdb, 0xe5, 0xdb, 0xe5, 0xdb, 0xe5, 0xdb, 
	0xe5, 0xdb, 0xe5, 0xdb, 0xe5, 0xdb, 0xe5, 0xdb, 
	0xe5, 0xdb, 0xe5, 0xdb, 0xe5, 0xdb, 0xe5, 0xdb, 
	0xcd, 0x19, 0xee, 0x67, 0xe5, 0xdb, 0xcd, 0x19, 
	0xe5, 0xdb, 0xe5, 0xdb, 0xe5, 0xdb, 0xe5, 0xdb, 
	0xe5, 0xdb, 0xe5, 0xdb, 0xe5, 0xdb, 0xe5, 0xdb, 
	0xe5, 0xdb, 0xe5, 0xdb, 0xe5, 0xdb, 0xe5, 0xdb, 
	0xe5, 0xdb, 0xe5, 0xdb, 0xe5, 0xdb, 0xe5, 0xdb, 
	0xe5, 0xdb, 0xe5, 0xdb, 0xe5, 0xdb, 0xe5, 0xdb, 
	0xe5, 0xdb, 0xe5, 0xdb, 0xe5, 0xdb, 0xe5, 0xdb, 
	0xe5, 0xdb, 0xe5, 0xdb, 0xe5, 0xdb, 0xe5, 0xdb, 
	0xcd, 0x19, 0xee, 0x67, 0xe5, 0xdb, 0xcd, 0x19, 
	0xe5, 0xdb, 0xe5, 0xdb, 0xe5, 0xdb, 0xe5, 0xdb, 
	0xe5, 0xdb, 0xe5, 0xdb, 0xe5, 0xdb, 0xe5, 0xdb, 
	0xe5, 0xdb, 0xe5, 0xdb, 0xe5, 0xdb, 0xe5, 0xdb, 
	0xe5, 0xdb, 0xe5, 0xdb, 0xe5, 0xdb, 0xe5, 0xdb, 
	0xe5, 0xdb, 0xe5, 0xdb, 0xe5, 0xdb, 0xe5, 0xdb, 
	0xe5, 0xdb, 0xe5, 0xdb, 0xe5, 0xdb, 0xe5, 0xdb, 
	0xe5, 0xdb, 0xe5, 0xdb, 0xe5, 0xdb, 0xe5, 0xdb, 
	0xcd, 0x19, 0xee, 0x67, 0xe5, 0xdb, 0xcd, 0x19, 
	0xe5, 0xdb, 0xe5, 0xdb, 0xe5, 0xdb, 0xe5, 0xdb, 
	0xe5, 0xdb, 0xe5, 0xdb, 0xe5, 0xdb, 0xe5, 0xdb, 
	0xe5, 0xdb, 0xe5, 0xdb, 0xe5, 0xdb, 0xe5, 0xdb, 
	0xe5, 0xdb, 0xe5, 0xdb, 0xe5, 0xdb, 0xe5, 0xdb, 
	0xe5, 0xdb, 0xe5, 0xdb, 0xe5, 0xdb, 0xe5, 0xdb, 
	0xe5, 0xdb, 0xe5, 0xdb, 0xe5, 0xdb, 0xe5, 0xdb, 
	0xe5, 0xdb, 0xe5, 0xdb, 0xe5, 0xdb, 0xe5, 0xdb, 
	0xcd, 0x19, 0xee, 0x67, 0xe5, 0xdb, 0xcd, 0x19, 
	0xe5, 0xdb, 0xe5, 0xdb, 0xe5, 0xdb, 0xe5, 0xdb, 
	0xe5, 0xdb, 0xe5, 0xdb, 0xe5, 0xdb, 0xe5, 0xdb, 
	0xe5, 0xdb, 0xe5, 0xdb, 0xe5, 0xdb, 0xe5, 0xdb, 
	0xe5, 0xdb, 0xe5, 0xdb, 0xe5, 0xdb, 0xe5, 0xdb, 
	0xe5, 0xdb, 0xe5, 0xdb, 0xe5, 0xdb, 0xe5, 0xdb, 
	0xe5, 0xdb, 0xe5, 0xdb, 0xe5, 0xdb, 0xe5, 0xdb, 
	0xe5, 0xdb, 0xe5, 0xdb, 0xe5, 0xdb, 0xe5, 0xdb, 
	0xcd, 0x19, 0xee, 0x67, 0xe5, 0xdb, 0xcd, 0x19, 
	0xe5, 0xdb, 0xe5, 0xdb, 0xe5, 0xdb, 0xe5, 0xdb, 
	0xe5, 0xdb, 0xe5, 0xdb, 0xe5, 0xdb, 0xe5, 0xdb, 
	0xe5, 0xdb, 0xe5, 0xdb, 0xe5, 0xdb, 0xe5, 0xdb, 
	0xe5, 0xdb, 0xe5, 0xdb, 0xe5, 0xdb, 0xe5, 0xdb, 
	0xe5, 0xdb, 0xe5, 0xdb, 0xe5, 0xdb, 0xe5, 0xdb, 
	0xe5, 0xdb, 0xe5, 0xdb, 0xe5, 0xdb, 0xe5, 0xdb, 
	0xe5, 0xdb, 0xe5, 0xdb, 0xe5, 0xdb, 0xe5, 0xdb, 
	0xcd, 0x19, 0xee, 0x67, 0xe5, 0xdb, 0xcd, 0x19, 
	0xe5, 0xdb, 0xe5, 0xdb, 0xe5, 0xdb, 0xe5, 0xdb, 
	0xe5, 0xdb, 0xe5, 0xdb, 0xe5, 0xdb, 0xe5, 0xdb, 
	0xe5, 0xdb, 0xe5, 0xdb, 0xe5, 0xdb, 0xe5, 0xdb, 
	0xe5, 0xdb, 0xe5, 0xdb, 0xe5, 0xdb, 0xe5, 0xdb, 
	0xe5, 0xdb, 0xe5, 0xdb, 0xe5, 0xdb, 0xe5, 0xdb, 
	0xe5, 0xdb, 0xe5, 0xdb, 0xe5, 0xdb, 0xe5, 0xdb, 
	0xe5, 0xdb, 0xe5, 0xdb, 0xe5, 0xdb, 0xe5, 0xdb, 
	0xcd, 0x19, 0xee, 0x67, 0xe5, 0xdb, 0xcd, 0x19, 
	0xe5, 0xdb, 0xe5, 0xdb, 0xe5, 0xdb, 0xe5, 0xdb, 
	0xe5, 0xdb, 0xe5, 0xdb, 0xe5, 0xdb, 0xe5, 0xdb, 
	0xe5, 0xdb, 0xe5, 0xdb, 0xe5, 0xdb, 0xe5, 0xdb, 
	0xe5, 0xdb, 0xe5, 0xdb, 0xe5, 0xdb, 0xe5, 0xdb, 
	0xe5, 0xdb, 0xe5, 0xdb, 0xe5, 0xdb, 0xe5, 0xdb, 
	0xe5, 0xdb, 0xe5, 0xdb, 0xe5, 0xdb, 0xe5, 0xdb, 
	0xe5, 0xdb, 0xe5, 0xdb, 0xe5, 0xdb, 0xe5, 0xdb, 
	0xcd, 0x19, 0xee, 0x67, 0xe5, 0xdb, 0xcd, 0x19, 
	0xe5, 0xdb, 0xe5, 0xdb, 0xe5, 0xdb, 0xe5, 0xdb, 
	0xe5, 0xdb, 0xe5, 0xdb, 0xe5, 0xdb, 0xe5, 0xdb, 
	0xe5, 0xdb, 0xe5, 0xdb, 0xe5, 0xdb, 0xe5, 0xdb, 
	0xe5, 0xdb, 0xe5, 0xdb, 0xe5, 0xdb, 0xe5, 0xdb, 
	0xe5, 0xdb, 0xe5, 0xdb, 0xe5, 0xdb, 0xe5, 0xdb, 
	0xe5, 0xdb, 0xe5, 0xdb, 0xe5, 0xdb, 0xe5, 0xdb, 
	0xe5, 0xdb, 0xe5, 0xdb, 0xe5, 0xdb, 0xe5, 0xdb, 
	0xcd, 0x19, 0xee, 0x67, 0xe5, 0xdb, 0xcd, 0x19, 
	0xe5, 0xdb, 0xe5, 0xdb, 0xe5, 0xdb, 0xe5, 0xdb, 
	0xe5, 0xdb, 0xe5, 0xdb, 0xe5, 0xdb, 0xe5, 0xdb, 
	0xe5, 0xdb, 0xe5, 0xdb, 0xe5, 0xdb, 0xe5, 0xdb, 
	0xe5, 0xdb, 0xe5, 0xdb, 0xe5, 0xdb, 0xe5, 0xdb, 
	0xe5, 0xdb, 0xe5, 0xdb, 0xe5, 0xdb, 0xe5, 0xdb, 
	0xe5, 0xdb, 0xe5, 0xdb, 0xe5, 0xdb, 0xe5, 0xdb, 
	0xe5, 0xdb, 0xe5, 0xdb, 0xe5, 0xdb, 0xe5, 0xdb, 
	0xcd, 0x19, 0xee, 0x67, 0xe5, 0xdb, 0xcd, 0x19, 
	
};

Gfx mario_soniceyenew_dead_rgba16_aligner[] = {gsSPEndDisplayList()};
u8 mario_soniceyenew_dead_rgba16[] = {
	0xf7, 0xbd, 0xf7, 0xbd, 0xf7, 0xbd, 0xf7, 0xbd, 
	0xf7, 0xbd, 0xf7, 0xbd, 0xf7, 0xbd, 0xf7, 0xbd, 
	0xf7, 0xbd, 0xf7, 0xbd, 0xf7, 0xbd, 0xf7, 0xbd, 
	0xf7, 0xbd, 0xf7, 0xbd, 0xf7, 0xbd, 0xf7, 0xbd, 
	0xf7, 0xbd, 0xf7, 0xbd, 0xf7, 0xbd, 0xf7, 0xbd, 
	0xf7, 0xbd, 0xf7, 0xbd, 0xf7, 0xbd, 0xf7, 0xbd, 
	0xf7, 0xbd, 0xf7, 0xbd, 0xf7, 0xbd, 0xf7, 0xbd, 
	0xf7, 0xbd, 0xf7, 0xbd, 0xf7, 0xbd, 0xf7, 0xbd, 
	0xf7, 0xbd, 0xf7, 0xbd, 0xf7, 0xbd, 0xf7, 0xbd, 
	0xf7, 0xbd, 0xf7, 0xbd, 0xf7, 0xbd, 0xf7, 0xbd, 
	0xf7, 0xbd, 0xf7, 0xbd, 0xf7, 0xbd, 0xef, 0x7b, 
	0xe7, 0x39, 0xe7, 0x39, 0xef, 0x7b, 0xf7, 0xbd, 
	0xf7, 0xbd, 0xf7, 0xbd, 0xf7, 0xbd, 0xf7, 0xbd, 
	0xf7, 0xbd, 0xf7, 0xbd, 0xf7, 0xbd, 0xf7, 0xbd, 
	0xf7, 0xbd, 0xf7, 0xbd, 0xf7, 0xbd, 0xf7, 0xbd, 
	0xf7, 0xbd, 0xf7, 0xbd, 0xf7, 0xbd, 0xf7, 0xbd, 
	0xf7, 0xbd, 0xf7, 0xbd, 0xf7, 0xbd, 0xf7, 0xbd, 
	0xf7, 0xbd, 0xf7, 0xbd, 0xf7, 0xbd, 0xf7, 0xbd, 
	0xf7, 0xbd, 0xf7, 0xbd, 0xf7, 0xbd, 0xe7, 0x39, 
	0x9c, 0xe7, 0x7b, 0xdf, 0xde, 0xf7, 0xf7, 0xbd, 
	0xf7, 0xbd, 0xf7, 0xbd, 0xf7, 0xbd, 0xf7, 0xbd, 
	0xf7, 0xbd, 0xef, 0x7b, 0xce, 0x73, 0xce, 0x73, 
	0xef, 0x7b, 0xef, 0x7d, 0xf7, 0xbd, 0xf7, 0xbd, 
	0xf7, 0xbd, 0xf7, 0xbd, 0xf7, 0xbd, 0xf7, 0xbd, 
	0xf7, 0xbd, 0xf7, 0xbd, 0xf7, 0xbd, 0xf7, 0xbd, 
	0xf7, 0xbd, 0xf7, 0xbd, 0xf7, 0xbd, 0xf7, 0xbd, 
	0xf7, 0xbd, 0xf7, 0xbd, 0xf7, 0xbd, 0xe7, 0x39, 
	0x7b, 0xdf, 0x00, 0x01, 0x7b, 0xdf, 0xce, 0x73, 
	0xef, 0x7b, 0xf7, 0xbd, 0xf7, 0xbd, 0xf7, 0xbd, 
	0xef, 0x7b, 0xa5, 0x29, 0x5a, 0xd7, 0x63, 0x19, 
	0xd6, 0xb5, 0xf7, 0xbd, 0xef, 0x7d, 0xf7, 0xbd, 
	0xf7, 0xbd, 0xf7, 0xbd, 0xf7, 0xbd, 0xf7, 0xbd, 
	0xf7, 0xbd, 0xf7, 0xbd, 0xf7, 0xbd, 0xf7, 0xbd, 
	0xf7, 0xbd, 0xf7, 0xbd, 0xf7, 0xbd, 0xf7, 0xbd, 
	0xf7, 0xbd, 0xf7, 0xbd, 0xf7, 0xbd, 0xef, 0x7b, 
	0xce, 0x73, 0x63, 0x19, 0x00, 0x01, 0x42, 0x11, 
	0xb5, 0xad, 0xef, 0x7b, 0xef, 0x7b, 0xde, 0xf7, 
	0x84, 0x21, 0x00, 0x01, 0x9c, 0xe7, 0xce, 0x73, 
	0xef, 0x7b, 0xf7, 0xbd, 0xf7, 0xbd, 0xf7, 0xbd, 
	0xf7, 0xbd, 0xf7, 0xbd, 0xf7, 0xbd, 0xf7, 0xbd, 
	0xf7, 0xbd, 0xf7, 0xbd, 0xf7, 0xbd, 0xf7, 0xbd, 
	0xf7, 0xbd, 0xf7, 0xbd, 0xf7, 0xbd, 0xf7, 0xbd, 
	0xf7, 0xbd, 0xf7, 0xbd, 0xf7, 0xbd, 0xf7, 0xbd, 
	0xef, 0x7b, 0xde, 0xf7, 0x94, 0xa5, 0x4a, 0x53, 
	0x52, 0x95, 0x9c, 0xe7, 0xbd, 0xef, 0x6b, 0x5b, 
	0x00, 0x01, 0x6b, 0x5b, 0xde, 0xf7, 0xf7, 0xbd, 
	0xf7, 0xbd, 0xf7, 0xbd, 0xf7, 0xbd, 0xf7, 0xbd, 
	0xf7, 0xbd, 0xf7, 0xbd, 0xf7, 0xbd, 0xf7, 0xbd, 
	0xf7, 0xbd, 0xf7, 0xbd, 0xf7, 0xbd, 0xf7, 0xbd, 
	0xf7, 0xbd, 0xf7, 0xbd, 0xf7, 0xbd, 0xf7, 0xbd, 
	0xf7, 0xbd, 0xf7, 0xbd, 0xf7, 0xbd, 0xf7, 0xbd, 
	0xf7, 0xbd, 0xf7, 0xbd, 0xef, 0x7b, 0xb5, 0xad, 
	0x42, 0x11, 0x00, 0x01, 0x21, 0x09, 0x00, 0x01, 
	0x84, 0x21, 0xde, 0xf7, 0xef, 0x7b, 0xf7, 0xbd, 
	0xf7, 0xbd, 0xf7, 0xbd, 0xf7, 0xbd, 0xf7, 0xbd, 
	0xf7, 0xbd, 0xf7, 0xbd, 0xf7, 0xbd, 0xf7, 0xbd, 
	0xf7, 0xbd, 0xf7, 0xbd, 0xf7, 0xbd, 0xf7, 0xbd, 
	0xf7, 0xbd, 0xf7, 0xbd, 0xf7, 0xbd, 0xf7, 0xbd, 
	0xf7, 0xbd, 0xf7, 0xbd, 0xf7, 0xbd, 0xf7, 0xbd, 
	0xf7, 0xbd, 0xf7, 0xbd, 0xf7, 0xbd, 0xe7, 0x39, 
	0x6b, 0x5b, 0x00, 0x01, 0x00, 0x01, 0x5a, 0xd7, 
	0xe7, 0x39, 0xf7, 0xbd, 0xf7, 0xbd, 0xf7, 0xbd, 
	0xf7, 0xbd, 0xf7, 0xbd, 0xf7, 0xbd, 0xf7, 0xbd, 
	0xf7, 0xbd, 0xf7, 0xbd, 0xf7, 0xbd, 0xf7, 0xbd, 
	0xf7, 0xbd, 0xf7, 0xbd, 0xf7, 0xbd, 0xf7, 0xbd, 
	0xf7, 0xbd, 0xf7, 0xbd, 0xf7, 0xbd, 0xf7, 0xbd, 
	0xf7, 0xbd, 0xf7, 0xbd, 0xf7, 0xbd, 0xf7, 0xbd, 
	0xf7, 0xbd, 0xef, 0x7b, 0xde, 0xf7, 0x7b, 0xdf, 
	0x00, 0x01, 0x52, 0x95, 0x42, 0x11, 0x00, 0x01, 
	0x94, 0xa5, 0xef, 0x7b, 0xf7, 0xbd, 0xf7, 0xbd, 
	0xf7, 0xbd, 0xf7, 0xbd, 0xf7, 0xbd, 0xf7, 0xbd, 
	0xf7, 0xbd, 0xf7, 0xbd, 0xf7, 0xbd, 0xf7, 0xbd, 
	0xf7, 0xbd, 0xf7, 0xbd, 0xf7, 0xbd, 0xf7, 0xbd, 
	0xf7, 0xbd, 0xf7, 0xbd, 0xf7, 0xbd, 0xf7, 0xbd, 
	0xf7, 0xbd, 0xf7, 0xbd, 0xf7, 0xbd, 0xf7, 0xbd, 
	0xef, 0x7b, 0xc6, 0x31, 0x6b, 0x5b, 0x00, 0x01, 
	0x7b, 0xdf, 0xde, 0xf7, 0xce, 0x73, 0x6b, 0x5b, 
	0x00, 0x01, 0xa5, 0x29, 0xef, 0x7b, 0xf7, 0xbd, 
	0xf7, 0xbd, 0xf7, 0xbd, 0xf7, 0xbd, 0xf7, 0xbd, 
	0xf7, 0xbd, 0xf7, 0xbd, 0xf7, 0xbd, 0xf7, 0xbd, 
	0xf7, 0xbd, 0xf7, 0xbd, 0xf7, 0xbd, 0xf7, 0xbd, 
	0xf7, 0xbd, 0xf7, 0xbd, 0xf7, 0xbd, 0xf7, 0xbd, 
	0xf7, 0xbd, 0xf7, 0xbd, 0xf7, 0xbd, 0xef, 0x7b, 
	0x94, 0xa5, 0x42, 0x11, 0x00, 0x01, 0x84, 0x21, 
	0xef, 0x7b, 0xf7, 0xbd, 0xef, 0x7b, 0xc6, 0x31, 
	0x4a, 0x53, 0x5a, 0xd7, 0xa5, 0x29, 0xef, 0x7b, 
	0xf7, 0xbd, 0xf7, 0xbd, 0xf7, 0xbd, 0xf7, 0xbd, 
	0xf7, 0xbd, 0xf7, 0xbd, 0xf7, 0xbd, 0xf7, 0xbd, 
	0xf7, 0xbd, 0xf7, 0xbd, 0xf7, 0xbd, 0xf7, 0xbd, 
	0xf7, 0xbd, 0xf7, 0xbd, 0xf7, 0xbd, 0xf7, 0xbd, 
	0xf7, 0xbd, 0xf7, 0xbd, 0xf7, 0xbd, 0xad, 0x6b, 
	0x00, 0x01, 0x42, 0x11, 0xa5, 0x29, 0xef, 0x7b, 
	0xf7, 0xbd, 0xf7, 0xbd, 0xf7, 0xbd, 0xef, 0x7b, 
	0xce, 0x73, 0x9c, 0xe7, 0x00, 0x01, 0xbd, 0xef, 
	0xf7, 0xbd, 0xf7, 0xbd, 0xf7, 0xbd, 0xf7, 0xbd, 
	0xf7, 0xbd, 0xf7, 0xbd, 0xf7, 0xbd, 0xf7, 0xbd, 
	0xf7, 0xbd, 0xf7, 0xbd, 0xf7, 0xbd, 0xf7, 0xbd, 
	0xf7, 0xbd, 0xf7, 0xbd, 0xf7, 0xbd, 0xf7, 0xbd, 
	0xf7, 0xbd, 0xf7, 0xbd, 0xf7, 0xbd, 0xef, 0x7b, 
	0xad, 0x6b, 0xce, 0x73, 0xef, 0x7b, 0xf7, 0xbd, 
	0xf7, 0xbd, 0xf7, 0xbd, 0xf7, 0xbd, 0xf7, 0xbd, 
	0xf7, 0xbd, 0xde, 0xf7, 0x94, 0xa5, 0xde, 0xf7, 
	0xf7, 0xbd, 0xf7, 0xbd, 0xf7, 0xbd, 0xf7, 0xbd, 
	0xf7, 0xbd, 0xf7, 0xbd, 0xf7, 0xbd, 0xf7, 0xbd, 
	0xf7, 0xbd, 0xf7, 0xbd, 0xf7, 0xbd, 0xf7, 0xbd, 
	0xf7, 0xbd, 0xf7, 0xbd, 0xf7, 0xbd, 0xf7, 0xbd, 
	0xf7, 0xbd, 0xf7, 0xbd, 0xf7, 0xbd, 0xf7, 0xbd, 
	0xf7, 0xbd, 0xf7, 0xbd, 0xf7, 0xbd, 0xf7, 0xbd, 
	0xf7, 0xbd, 0xf7, 0xbd, 0xf7, 0xbd, 0xf7, 0xbd, 
	0xf7, 0xbd, 0xef, 0x7b, 0xe7, 0x39, 0xef, 0x7b, 
	0xf7, 0xbd, 0xf7, 0xbd, 0xf7, 0xbd, 0xf7, 0xbd, 
	0xf7, 0xbd, 0xf7, 0xbd, 0xf7, 0xbd, 0xf7, 0xbd, 
	0xf7, 0xbd, 0xf7, 0xbd, 0xf7, 0xbd, 0xf7, 0xbd, 
	0xf7, 0xbd, 0xf7, 0xbd, 0xf7, 0xbd, 0xf7, 0xbd, 
	0xf7, 0xbd, 0xf7, 0xbd, 0xf7, 0xbd, 0xf7, 0xbd, 
	0xf7, 0xbd, 0xf7, 0xbd, 0xf7, 0xbd, 0xf7, 0xbd, 
	0xf7, 0xbd, 0xf7, 0xbd, 0xf7, 0xbd, 0xf7, 0xbd, 
	0xf7, 0xbd, 0xf7, 0xbd, 0xf7, 0xbd, 0xf7, 0xbd, 
	0xf7, 0xbd, 0xf7, 0xbd, 0xf7, 0xbd, 0xf7, 0xbd, 
	0xf7, 0xbd, 0xf7, 0xbd, 0xf7, 0xbd, 0xf7, 0xbd, 
	0xf7, 0xbd, 0xf7, 0xbd, 0xf7, 0xbd, 0xf7, 0xbd, 
	0xf7, 0xbd, 0xf7, 0xbd, 0xf7, 0xbd, 0xf7, 0xbd, 
	0xf7, 0xbd, 0xf7, 0xbd, 0xf7, 0xbd, 0xf7, 0xbd, 
	0xf7, 0xbd, 0xf7, 0xbd, 0xf7, 0xbd, 0xf7, 0xbd, 
	0xf7, 0xbd, 0xf7, 0xbd, 0xf7, 0xbd, 0xf7, 0xbd, 
	0xf7, 0xbd, 0xf7, 0xbd, 0xf7, 0xbd, 0xf7, 0xbd, 
	0xf7, 0xbd, 0xf7, 0xbd, 0xf7, 0xbd, 0xf7, 0xbd, 
	0xf7, 0xbd, 0xf7, 0xbd, 0xf7, 0xbd, 0xf7, 0xbd, 
	0xf7, 0xbd, 0xf7, 0xbd, 0xf7, 0xbd, 0xf7, 0xbd, 
	0xf7, 0xbd, 0xf7, 0xbd, 0xf7, 0xbd, 0xf7, 0xbd, 
	0xf7, 0xbd, 0xf7, 0xbd, 0xf7, 0xbd, 0xf7, 0xbd, 
	0xf7, 0xbd, 0xf7, 0xbd, 0xf7, 0xbd, 0xf7, 0xbd, 
	0xf7, 0xbd, 0xf7, 0xbd, 0xf7, 0xbd, 0xf7, 0xbd, 
	0xf7, 0xbd, 0xf7, 0xbd, 0xf7, 0xbd, 0xf7, 0xbd, 
	0xf7, 0xbd, 0xf7, 0xbd, 0xf7, 0xbd, 0xf7, 0xbd, 
	0xf7, 0xbd, 0xf7, 0xbd, 0xf7, 0xbd, 0xf7, 0xbd, 
	0xf7, 0xbd, 0xf7, 0xbd, 0xf7, 0xbd, 0xf7, 0xbd, 
	0xf7, 0xbd, 0xf7, 0xbd, 0xf7, 0xbd, 0xf7, 0xbd, 
	0xf7, 0xbd, 0xf7, 0xbd, 0xf7, 0xbd, 0xf7, 0xbd, 
	0xf7, 0xbd, 0xf7, 0xbd, 0xf7, 0xbd, 0xf7, 0xbd, 
	0xf7, 0xbd, 0xf7, 0xbd, 0xf7, 0xbd, 0xf7, 0xbd, 
	0xf7, 0xbd, 0xf7, 0xbd, 0xf7, 0xbd, 0xf7, 0xbd, 
	0xf7, 0xbd, 0xf7, 0xbd, 0xf7, 0xbd, 0xf7, 0xbd, 
	0xf7, 0xbd, 0xf7, 0xbd, 0xf7, 0xbd, 0xf7, 0xbd, 
	0xf7, 0xbd, 0xf7, 0xbd, 0xf7, 0xbd, 0xf7, 0xbd, 
	0xf7, 0xbd, 0xf7, 0xbd, 0xf7, 0xbd, 0xf7, 0xbd, 
	0xf7, 0xbd, 0xf7, 0xbd, 0xf7, 0xbd, 0xf7, 0xbd, 
	0xf7, 0xbd, 0xf7, 0xbd, 0xf7, 0xbd, 0xf7, 0xbd, 
	0xf7, 0xbd, 0xf7, 0xbd, 0xf7, 0xbd, 0xf7, 0xbd, 
	0xf7, 0xbd, 0xf7, 0xbd, 0xf7, 0xbd, 0xf7, 0xbd, 
	0xf7, 0xbd, 0xf7, 0xbd, 0xf7, 0xbd, 0xf7, 0xbd, 
	0xf7, 0xbd, 0xf7, 0xbd, 0xf7, 0xbd, 0xf7, 0xbd, 
	0xf7, 0xbd, 0xf7, 0xbd, 0xf7, 0xbd, 0xf7, 0xbd, 
	0xf7, 0xbd, 0xf7, 0xbd, 0xf7, 0xbd, 0xf7, 0xbd, 
	0xf7, 0xbd, 0xf7, 0xbd, 0xf7, 0xbd, 0xf7, 0xbd, 
	0xf7, 0xbd, 0xf7, 0xbd, 0xf7, 0xbd, 0xf7, 0xbd, 
	0xf7, 0xbd, 0xf7, 0xbd, 0xf7, 0xbd, 0xf7, 0xbd, 
	0xf7, 0xbd, 0xf7, 0xbd, 0xf7, 0xbd, 0xf7, 0xbd, 
	0xf7, 0xbd, 0xf7, 0xbd, 0xf7, 0xbd, 0xf7, 0xbd, 
	0xf7, 0xbd, 0xf7, 0xbd, 0xf7, 0xbd, 0xf7, 0xbd, 
	0xf7, 0xbd, 0xf7, 0xbd, 0xf7, 0xbd, 0xf7, 0xbd, 
	0xf7, 0xbd, 0xf7, 0xbd, 0xf7, 0xbd, 0xf7, 0xbd, 
	0xf7, 0xbd, 0xf7, 0xbd, 0xf7, 0xbd, 0xf7, 0xbd, 
	0xf7, 0xbd, 0xf7, 0xbd, 0xf7, 0xbd, 0xf7, 0xbd, 
	0xf7, 0xbd, 0xf7, 0xbd, 0xf7, 0xbd, 0xf7, 0xbd, 
	0xf7, 0xbd, 0xf7, 0xbd, 0xf7, 0xbd, 0xf7, 0xbd, 
	0xf7, 0xbd, 0xf7, 0xbd, 0xf7, 0xbd, 0xf7, 0xbd, 
	0xf7, 0xbd, 0xf7, 0xbd, 0xf7, 0xbd, 0xf7, 0xbd, 
	0xf7, 0xbd, 0xf7, 0xbd, 0xf7, 0xbd, 0xf7, 0xbd, 
	0xf7, 0xbd, 0xf7, 0xbd, 0xf7, 0xbd, 0xf7, 0xbd, 
	0xf7, 0xbd, 0xf7, 0xbd, 0xf7, 0xbd, 0xf7, 0xbd, 
	0xf7, 0xbd, 0xf7, 0xbd, 0xf7, 0xbd, 0xf7, 0xbd, 
	0xf7, 0xbd, 0xf7, 0xbd, 0xf7, 0xbd, 0xf7, 0xbd, 
	0xf7, 0xbd, 0xf7, 0xbd, 0xf7, 0xbd, 0xf7, 0xbd, 
	0xf7, 0xbd, 0xf7, 0xbd, 0xf7, 0xbd, 0xf7, 0xbd, 
	0xf7, 0xbd, 0xf7, 0xbd, 0xf7, 0xbd, 0xf7, 0xbd, 
	0xf7, 0xbd, 0xf7, 0xbd, 0xf7, 0xbd, 0xf7, 0xbd, 
	0xf7, 0xbd, 0xf7, 0xbd, 0xf7, 0xbd, 0xf7, 0xbd, 
	0xf7, 0xbd, 0xf7, 0xbd, 0xf7, 0xbd, 0xf7, 0xbd, 
	0xf7, 0xbd, 0xf7, 0xbd, 0xf7, 0xbd, 0xf7, 0xbd, 
	0xf7, 0xbd, 0xf7, 0xbd, 0xf7, 0xbd, 0xf7, 0xbd, 
	0xf7, 0xbd, 0xf7, 0xbd, 0xf7, 0xbd, 0xf7, 0xbd, 
	0xf7, 0xbd, 0xf7, 0xbd, 0xf7, 0xbd, 0xf7, 0xbd, 
	0xf7, 0xbd, 0xf7, 0xbd, 0xf7, 0xbd, 0xf7, 0xbd, 
	0xf7, 0xbd, 0xf7, 0xbd, 0xf7, 0xbd, 0xf7, 0xbd, 
	0xf7, 0xbd, 0xf7, 0xbd, 0xf7, 0xbd, 0xf7, 0xbd, 
	0xf7, 0xbd, 0xf7, 0xbd, 0xf7, 0xbd, 0xf7, 0xbd, 
	0xf7, 0xbd, 0xf7, 0xbd, 0xf7, 0xbd, 0xf7, 0xbd, 
	0xf7, 0xbd, 0xf7, 0xbd, 0xf7, 0xbd, 0xf7, 0xbd, 
	0xf7, 0xbd, 0xf7, 0xbd, 0xf7, 0xbd, 0xf7, 0xbd, 
	0xf7, 0xbd, 0xf7, 0xbd, 0xf7, 0xbd, 0xf7, 0xbd, 
	0xf7, 0xbd, 0xf7, 0xbd, 0xf7, 0xbd, 0xf7, 0xbd, 
	0xf7, 0xbd, 0xf7, 0xbd, 0xf7, 0xbd, 0xf7, 0xbd, 
	0xf7, 0xbd, 0xf7, 0xbd, 0xf7, 0xbd, 0xf7, 0xbd, 
	0xf7, 0xbd, 0xf7, 0xbd, 0xf7, 0xbd, 0xf7, 0xbd, 
	0xf7, 0xbd, 0xf7, 0xbd, 0xf7, 0xbd, 0xf7, 0xbd, 
	0xf7, 0xbd, 0xf7, 0xbd, 0xf7, 0xbd, 0xf7, 0xbd, 
	0xf7, 0xbd, 0xf7, 0xbd, 0xf7, 0xbd, 0xf7, 0xbd, 
	0xf7, 0xbd, 0xf7, 0xbd, 0xf7, 0xbd, 0xf7, 0xbd, 
	0xf7, 0xbd, 0xf7, 0xbd, 0xf7, 0xbd, 0xf7, 0xbd, 
	0xf7, 0xbd, 0xf7, 0xbd, 0xf7, 0xbd, 0xf7, 0xbd, 
	0xf7, 0xbd, 0xf7, 0xbd, 0xf7, 0xbd, 0xf7, 0xbd, 
	0xf7, 0xbd, 0xf7, 0xbd, 0xf7, 0xbd, 0xf7, 0xbd, 
	0xf7, 0xbd, 0xf7, 0xbd, 0xf7, 0xbd, 0xf7, 0xbd, 
	0xf7, 0xbd, 0xf7, 0xbd, 0xf7, 0xbd, 0xf7, 0xbd, 
	0xf7, 0xbd, 0xf7, 0xbd, 0xf7, 0xbd, 0xf7, 0xbd, 
	0xf7, 0xbd, 0xf7, 0xbd, 0xf7, 0xbd, 0xf7, 0xbd, 
	0xf7, 0xbd, 0xf7, 0xbd, 0xf7, 0xbd, 0xf7, 0xbd, 
	0xf7, 0xbd, 0xf7, 0xbd, 0xf7, 0xbd, 0xf7, 0xbd, 
	0xf7, 0xbd, 0xf7, 0xbd, 0xf7, 0xbd, 0xf7, 0xbd, 
	0xf7, 0xbd, 0xf7, 0xbd, 0xf7, 0xbd, 0xf7, 0xbd, 
	0xf7, 0xbd, 0xf7, 0xbd, 0xf7, 0xbd, 0xf7, 0xbd, 
	0xf7, 0xbd, 0xf7, 0xbd, 0xf7, 0xbd, 0xf7, 0xbd, 
	0xf7, 0xbd, 0xf7, 0xbd, 0xf7, 0xbd, 0xf7, 0xbd, 
	0xf7, 0xbd, 0xf7, 0xbd, 0xf7, 0xbd, 0xf7, 0xbd, 
	0xf7, 0xbd, 0xf7, 0xbd, 0xf7, 0xbd, 0xf7, 0xbd, 
	0xf7, 0xbd, 0xf7, 0xbd, 0xf7, 0xbd, 0xf7, 0xbd, 
	0xf7, 0xbd, 0xf7, 0xbd, 0xf7, 0xbd, 0xf7, 0xbd, 
	0xf7, 0xbd, 0xf7, 0xbd, 0xf7, 0xbd, 0xf7, 0xbd, 
	0xf7, 0xbd, 0xf7, 0xbd, 0xf7, 0xbd, 0xf7, 0xbd, 
	0xf7, 0xbd, 0xf7, 0xbd, 0xf7, 0xbd, 0xf7, 0xbd, 
	0xf7, 0xbd, 0xf7, 0xbd, 0xf7, 0xbd, 0xf7, 0xbd, 
	0xf7, 0xbd, 0xf7, 0xbd, 0xf7, 0xbd, 0xf7, 0xbd, 
	0xf7, 0xbd, 0xf7, 0xbd, 0xf7, 0xbd, 0xf7, 0xbd, 
	0xf7, 0xbd, 0xf7, 0xbd, 0xf7, 0xbd, 0xf7, 0xbd, 
	0xf7, 0xbd, 0xf7, 0xbd, 0xf7, 0xbd, 0xf7, 0xbd, 
	0xf7, 0xbd, 0xf7, 0xbd, 0xf7, 0xbd, 0xf7, 0xbd, 
	0xf7, 0xbd, 0xf7, 0xbd, 0xf7, 0xbd, 0xf7, 0xbd, 
	0xf7, 0xbd, 0xf7, 0xbd, 0xf7, 0xbd, 0xf7, 0xbd, 
	0xf7, 0xbd, 0xf7, 0xbd, 0xf7, 0xbd, 0xf7, 0xbd, 
	0xf7, 0xbd, 0xf7, 0xbd, 0xf7, 0xbd, 0xf7, 0xbd, 
	0xf7, 0xbd, 0xf7, 0xbd, 0xf7, 0xbd, 0xf7, 0xbd, 
	0xf7, 0xbd, 0xf7, 0xbd, 0xf7, 0xbd, 0xf7, 0xbd, 
	0xf7, 0xbd, 0xf7, 0xbd, 0xf7, 0xbd, 0xf7, 0xbd, 
	0xf7, 0xbd, 0xf7, 0xbd, 0xf7, 0xbd, 0xf7, 0xbd, 
	0xf7, 0xbd, 0xf7, 0xbd, 0xf7, 0xbd, 0xf7, 0xbd, 
	0xf7, 0xbd, 0xf7, 0xbd, 0xf7, 0xbd, 0xf7, 0xbd, 
	0xf7, 0xbd, 0xf7, 0xbd, 0xf7, 0xbd, 0xf7, 0xbd, 
	0xf7, 0xbd, 0xf7, 0xbd, 0xf7, 0xbd, 0xf7, 0xbd, 
	0xf7, 0xbd, 0xf7, 0xbd, 0xf7, 0xbd, 0xf7, 0xbd, 
	0xf7, 0xbd, 0xf7, 0xbd, 0xf7, 0xbd, 0xf7, 0xbd, 
	0xf7, 0xbd, 0xf7, 0xbd, 0xf7, 0xbd, 0xf7, 0xbd, 
	0xf7, 0xbd, 0xf7, 0xbd, 0xf7, 0xbd, 0xf7, 0xbd, 
	0xf7, 0xbd, 0xf7, 0xbd, 0xf7, 0xbd, 0xf7, 0xbd, 
	0xf7, 0xbd, 0xf7, 0xbd, 0xf7, 0xbd, 0xf7, 0xbd, 
	0xf7, 0xbd, 0xf7, 0xbd, 0xf7, 0xbd, 0xf7, 0xbd, 
	0xf7, 0xbd, 0xf7, 0xbd, 0xf7, 0xbd, 0xf7, 0xbd, 
	0xf7, 0xbd, 0xf7, 0xbd, 0xf7, 0xbd, 0xf7, 0xbd, 
	0xf7, 0xbd, 0xf7, 0xbd, 0xf7, 0xbd, 0xf7, 0xbd, 
	0xf7, 0xbd, 0xf7, 0xbd, 0xf7, 0xbd, 0xf7, 0xbd, 
	0xf7, 0xbd, 0xf7, 0xbd, 0xf7, 0xbd, 0xf7, 0xbd, 
	0xf7, 0xbd, 0xf7, 0xbd, 0xf7, 0xbd, 0xf7, 0xbd, 
	0xf7, 0xbd, 0xf7, 0xbd, 0xf7, 0xbd, 0xf7, 0xbd, 
	0xf7, 0xbd, 0xf7, 0xbd, 0xf7, 0xbd, 0xf7, 0xbd, 
	0xf7, 0xbd, 0xf7, 0xbd, 0xf7, 0xbd, 0xf7, 0xbd, 
	0xf7, 0xbd, 0xf7, 0xbd, 0xf7, 0xbd, 0xf7, 0xbd, 
	
};

Gfx mario_sonic_new2_rgba16_aligner[] = {gsSPEndDisplayList()};
u8 mario_sonic_new2_rgba16[] = {
	0x10, 0x3f, 0x10, 0x3f, 0x10, 0x3f, 0x00, 0x01, 
	0x00, 0x01, 0x00, 0x01, 0x00, 0x01, 0x00, 0x01, 
	0x00, 0x01, 0x00, 0x01, 0xff, 0x81, 0xff, 0x81, 
	0x84, 0x21, 0x84, 0x21, 0x84, 0x21, 0x84, 0x21, 
	0x84, 0x21, 0x00, 0x01, 0x00, 0x01, 0x00, 0x01, 
	0x00, 0x01, 0xb5, 0xad, 0xb5, 0xad, 0xb5, 0xad, 
	0xb5, 0xad, 0xb5, 0xad, 0xb5, 0xad, 0xb5, 0xad, 
	0xb5, 0xad, 0xb5, 0xad, 0xbd, 0xef, 0x31, 0x8d, 
	0x10, 0x3f, 0x10, 0x3f, 0x10, 0x3f, 0x00, 0x01, 
	0x03, 0xcf, 0xbd, 0xef, 0x75, 0xdd, 0x00, 0x01, 
	0x00, 0x01, 0x00, 0x01, 0xff, 0x81, 0xff, 0x81, 
	0xb5, 0xad, 0xb5, 0xad, 0xb5, 0xad, 0xb5, 0xad, 
	0xb5, 0xad, 0x00, 0x01, 0x00, 0x01, 0x00, 0x01, 
	0x00, 0x01, 0xb5, 0xad, 0xb5, 0xad, 0xb5, 0xad, 
	0xb5, 0xad, 0xb5, 0xad, 0xb5, 0xad, 0xb5, 0xad, 
	0xb5, 0xad, 0xb5, 0xad, 0xbd, 0xef, 0x31, 0x8d, 
	0x10, 0x3f, 0x10, 0x3f, 0x00, 0x01, 0x29, 0x4b, 
	0x0d, 0x13, 0x0d, 0x13, 0x06, 0x17, 0x75, 0xdd, 
	0x00, 0x01, 0x00, 0x01, 0x00, 0x01, 0x08, 0x43, 
	0x31, 0x8d, 0x31, 0x8d, 0x31, 0x8d, 0x31, 0x8d, 
	0x31, 0x8d, 0x00, 0x01, 0x00, 0x01, 0x00, 0x01, 
	0x00, 0x01, 0xb5, 0xad, 0xb5, 0xad, 0xb5, 0xad, 
	0xb5, 0xad, 0xb5, 0xad, 0xb5, 0xad, 0xb5, 0xad, 
	0xb5, 0xad, 0xb5, 0xad, 0xbd, 0xef, 0x31, 0x8d, 
	0x00, 0x01, 0x00, 0x01, 0x00, 0x01, 0x06, 0x17, 
	0x06, 0x17, 0x06, 0x17, 0x06, 0x17, 0x06, 0x17, 
	0x00, 0x01, 0x00, 0x01, 0x00, 0x01, 0x08, 0x43, 
	0x84, 0x21, 0x84, 0x21, 0x84, 0x21, 0x84, 0x21, 
	0x84, 0x21, 0x00, 0x01, 0x00, 0x01, 0x00, 0x01, 
	0x00, 0x01, 0xb5, 0xad, 0xb5, 0xad, 0xb5, 0xad, 
	0xb5, 0xad, 0xb5, 0xad, 0xb5, 0xad, 0xb5, 0xad, 
	0xb5, 0xad, 0xb5, 0xad, 0xbd, 0xef, 0x29, 0x4b, 
	0x00, 0x01, 0x00, 0x01, 0x29, 0x4b, 0x0d, 0x13, 
	0x06, 0x17, 0x06, 0x17, 0x06, 0x17, 0x06, 0x17, 
	0x75, 0xdd, 0x00, 0x01, 0x00, 0x01, 0x08, 0x43, 
	0x84, 0x21, 0x84, 0x21, 0x84, 0x21, 0x84, 0x21, 
	0x84, 0x21, 0x00, 0x01, 0x00, 0x01, 0x00, 0x01, 
	0x00, 0x01, 0xb5, 0xad, 0xb5, 0xad, 0xb5, 0xad, 
	0xb5, 0xad, 0xb5, 0xad, 0xb5, 0xad, 0xb5, 0xad, 
	0xb5, 0xad, 0xb5, 0xad, 0xbd, 0xef, 0x29, 0x4b, 
	0x00, 0x01, 0x00, 0x01, 0x0d, 0x13, 0x06, 0x17, 
	0x06, 0x17, 0x06, 0x17, 0x06, 0x17, 0x06, 0x17, 
	0x06, 0x17, 0x00, 0x01, 0x00, 0x01, 0x08, 0x43, 
	0xb5, 0xad, 0xb5, 0xad, 0xb5, 0xad, 0xb5, 0xad, 
	0xb5, 0xad, 0x00, 0x01, 0x00, 0x01, 0x00, 0x01, 
	0x00, 0x01, 0xb5, 0xad, 0xb5, 0xad, 0xb5, 0xad, 
	0xb5, 0xad, 0xb5, 0xad, 0xb5, 0xad, 0xb5, 0xad, 
	0xb5, 0xad, 0xb5, 0xad, 0xbd, 0xef, 0x29, 0x4b, 
	0x00, 0x01, 0x00, 0x01, 0x06, 0x17, 0x06, 0x17, 
	0x06, 0x17, 0x06, 0x17, 0x06, 0x17, 0x06, 0x17, 
	0x06, 0x17, 0x00, 0x01, 0x00, 0x01, 0x08, 0x43, 
	0x31, 0x8d, 0x31, 0x8d, 0x31, 0x8d, 0x31, 0x8d, 
	0x31, 0x8d, 0x00, 0x01, 0x00, 0x01, 0x00, 0x01, 
	0x00, 0x01, 0xb5, 0xad, 0xb5, 0xad, 0xb5, 0xad, 
	0xb5, 0xad, 0xb5, 0xad, 0xb5, 0xad, 0xb5, 0xad, 
	0xb5, 0xad, 0xb5, 0xad, 0xbd, 0xef, 0x29, 0x4b, 
	0x00, 0x01, 0x00, 0x01, 0x06, 0x17, 0x06, 0x17, 
	0x0d, 0x13, 0xff, 0xff, 0x00, 0x01, 0x06, 0x17, 
	0x06, 0x17, 0x31, 0x8d, 0x00, 0x01, 0x08, 0x43, 
	0x84, 0x21, 0x84, 0x21, 0x84, 0x21, 0x84, 0x21, 
	0x84, 0x21, 0x00, 0x01, 0x00, 0x01, 0x00, 0x01, 
	0x00, 0x01, 0xb5, 0xad, 0xb5, 0xad, 0xb5, 0xad, 
	0xb5, 0xad, 0xb5, 0xad, 0xb5, 0xad, 0xb5, 0xad, 
	0xb5, 0xad, 0xb5, 0xad, 0xbd, 0xef, 0x29, 0x4b, 
	0x00, 0x01, 0x31, 0x8d, 0x06, 0x17, 0x06, 0x17, 
	0x31, 0x8d, 0xff, 0xff, 0xff, 0xff, 0x06, 0x17, 
	0x06, 0x17, 0x03, 0xcf, 0x00, 0x01, 0x08, 0x43, 
	0x84, 0x21, 0x84, 0x21, 0x84, 0x21, 0x84, 0x21, 
	0x84, 0x21, 0x00, 0x01, 0x00, 0x01, 0x00, 0x01, 
	0x00, 0x01, 0xb5, 0xad, 0xb5, 0xad, 0xb5, 0xad, 
	0xb5, 0xad, 0xb5, 0xad, 0xb5, 0xad, 0xb5, 0xad, 
	0xb5, 0xad, 0xb5, 0xad, 0xbd, 0xef, 0x31, 0x8d, 
	0x00, 0x01, 0x29, 0x4b, 0x06, 0x17, 0x06, 0x17, 
	0xe7, 0x39, 0xff, 0xff, 0xff, 0xff, 0x03, 0xcf, 
	0x06, 0x17, 0x06, 0x17, 0x00, 0x01, 0x08, 0x43, 
	0xb5, 0xad, 0xb5, 0xad, 0xb5, 0xad, 0xb5, 0xad, 
	0xb5, 0xad, 0x00, 0x01, 0x00, 0x01, 0x00, 0x01, 
	0x00, 0x01, 0xb5, 0xad, 0xb5, 0xad, 0xb5, 0xad, 
	0xb5, 0xad, 0xb5, 0xad, 0xb5, 0xad, 0xb5, 0xad, 
	0xb5, 0xad, 0xb5, 0xad, 0xbd, 0xef, 0x31, 0x8d, 
	0x00, 0x01, 0x03, 0xcf, 0x0d, 0x13, 0x03, 0xcf, 
	0xff, 0xff, 0xff, 0xff, 0xff, 0xff, 0x00, 0x01, 
	0x06, 0x17, 0x06, 0x17, 0x00, 0x01, 0x08, 0x43, 
	0x31, 0x8d, 0x31, 0x8d, 0x31, 0x8d, 0x31, 0x8d, 
	0x31, 0x8d, 0x00, 0x01, 0x00, 0x01, 0x00, 0x01, 
	0x00, 0x01, 0xb5, 0xad, 0xb5, 0xad, 0xb5, 0xad, 
	0xb5, 0xad, 0xb5, 0xad, 0xb5, 0xad, 0xb5, 0xad, 
	0xb5, 0xad, 0xb5, 0xad, 0xbd, 0xef, 0x31, 0x8d, 
	0x00, 0x01, 0x0d, 0x13, 0x0d, 0x13, 0x29, 0x4b, 
	0xff, 0xff, 0xff, 0xff, 0xff, 0xff, 0x08, 0x43, 
	0x06, 0x17, 0x0d, 0x13, 0x08, 0x43, 0x08, 0x43, 
	0x84, 0x21, 0x84, 0x21, 0x84, 0x21, 0x84, 0x21, 
	0x84, 0x21, 0x00, 0x01, 0x00, 0x01, 0x00, 0x01, 
	0x00, 0x01, 0xb5, 0xad, 0xb5, 0xad, 0xb5, 0xad, 
	0xb5, 0xad, 0xb5, 0xad, 0xb5, 0xad, 0xb5, 0xad, 
	0xb5, 0xad, 0xb5, 0xad, 0xbd, 0xef, 0x31, 0x8d, 
	0x00, 0x01, 0x0d, 0x13, 0x0d, 0x13, 0x00, 0x01, 
	0xb5, 0xad, 0xff, 0xff, 0xff, 0xff, 0x00, 0x01, 
	0x0d, 0x13, 0x0d, 0x13, 0x00, 0x01, 0x08, 0x43, 
	0x84, 0x21, 0x84, 0x21, 0x84, 0x21, 0x84, 0x21, 
	0x84, 0x21, 0x00, 0x01, 0x00, 0x01, 0x00, 0x01, 
	0x00, 0x01, 0xb5, 0xad, 0xb5, 0xad, 0xb5, 0xad, 
	0xb5, 0xad, 0xb5, 0xad, 0xb5, 0xad, 0xb5, 0xad, 
	0xb5, 0xad, 0xb5, 0xad, 0xbd, 0xef, 0x31, 0x8d, 
	0x00, 0x01, 0x0d, 0x13, 0x0d, 0x13, 0x00, 0x01, 
	0x00, 0x01, 0xff, 0xff, 0xb5, 0xad, 0x00, 0x01, 
	0x0d, 0x13, 0x0d, 0x13, 0x08, 0x43, 0x08, 0x43, 
	0xb5, 0xad, 0xb5, 0xad, 0xb5, 0xad, 0xb5, 0xad, 
	0xb5, 0xad, 0x00, 0x01, 0x00, 0x01, 0x00, 0x01, 
	0x00, 0x01, 0xb5, 0xad, 0xb5, 0xad, 0xb5, 0xad, 
	0xb5, 0xad, 0xb5, 0xad, 0xb5, 0xad, 0xb5, 0xad, 
	0xb5, 0xad, 0xb5, 0xad, 0xbd, 0xef, 0x31, 0x8d, 
	0x00, 0x01, 0x03, 0xcf, 0x0d, 0x13, 0x00, 0x01, 
	0x00, 0x01, 0xbd, 0xef, 0x00, 0x01, 0x00, 0x01, 
	0x0d, 0x13, 0x0d, 0x13, 0x00, 0x01, 0x08, 0x43, 
	0x31, 0x8d, 0x31, 0x8d, 0x31, 0x8d, 0x31, 0x8d, 
	0x31, 0x8d, 0x29, 0x4b, 0x29, 0x4b, 0x29, 0x4b, 
	0x29, 0x4b, 0xb5, 0xad, 0xb5, 0xad, 0xb5, 0xad, 
	0xb5, 0xad, 0xb5, 0xad, 0xb5, 0xad, 0xb5, 0xad, 
	0xb5, 0xad, 0xb5, 0xad, 0xbd, 0xef, 0x31, 0x8d, 
	0x00, 0x01, 0x03, 0xcf, 0x03, 0xcf, 0x00, 0x01, 
	0x00, 0x01, 0x00, 0x01, 0x00, 0x01, 0x00, 0x01, 
	0x0d, 0x13, 0x03, 0xcf, 0x00, 0x01, 0x08, 0x43, 
	0x84, 0x21, 0x84, 0x21, 0x84, 0x21, 0x84, 0x21, 
	0x84, 0x21, 0x84, 0x21, 0x31, 0x8d, 0x84, 0x21, 
	0x84, 0x21, 0xb5, 0xad, 0xb5, 0xad, 0xb5, 0xad, 
	0xb5, 0xad, 0xb5, 0xad, 0xb5, 0xad, 0xb5, 0xad, 
	0xb5, 0xad, 0xb5, 0xad, 0xbd, 0xef, 0x31, 0x8d, 
	0x00, 0x01, 0x0d, 0x13, 0x03, 0xcf, 0x08, 0x43, 
	0x00, 0x01, 0x00, 0x01, 0x00, 0x01, 0x08, 0x43, 
	0x03, 0xcf, 0x03, 0xcf, 0x00, 0x01, 0x08, 0x43, 
	0x84, 0x21, 0x84, 0x21, 0x84, 0x21, 0x84, 0x21, 
	0x84, 0x21, 0xb5, 0xad, 0xbd, 0xef, 0x84, 0x21, 
	0xb5, 0xad, 0xb5, 0xad, 0xb5, 0xad, 0xb5, 0xad, 
	0xb5, 0xad, 0xb5, 0xad, 0xb5, 0xad, 0xb5, 0xad, 
	0xb5, 0xad, 0xb5, 0xad, 0xb5, 0xad, 0x31, 0x8d, 
	0x00, 0x01, 0x03, 0xcf, 0x03, 0xcf, 0x29, 0x4b, 
	0x00, 0x01, 0x00, 0x01, 0x00, 0x01, 0x08, 0x43, 
	0x0d, 0x13, 0x03, 0xcf, 0x08, 0x43, 0x08, 0x43, 
	0xb5, 0xad, 0xb5, 0xad, 0xb5, 0xad, 0xb5, 0xad, 
	0xb5, 0xad, 0xe7, 0x39, 0xe7, 0x39, 0xe7, 0x39, 
	0xe7, 0x39, 0xb5, 0xad, 0xb5, 0xad, 0xb5, 0xad, 
	0xb5, 0xad, 0xb5, 0xad, 0xb5, 0xad, 0xb5, 0xad, 
	0xb5, 0xad, 0xb5, 0xad, 0xbd, 0xef, 0x31, 0x8d, 
	0x00, 0x01, 0x03, 0xcf, 0x03, 0xcf, 0x31, 0x8d, 
	0x08, 0x43, 0x00, 0x01, 0x00, 0x01, 0x29, 0x4b, 
	0x03, 0xcf, 0x03, 0xcf, 0x00, 0x01, 0x08, 0x43, 
	0x31, 0x8d, 0x31, 0x8d, 0x31, 0x8d, 0x31, 0x8d, 
	0x31, 0x8d, 0xb5, 0xad, 0xb5, 0xad, 0xb5, 0xad, 
	0xb5, 0xad, 0xb5, 0xad, 0xb5, 0xad, 0xb5, 0xad, 
	0xb5, 0xad, 0xb5, 0xad, 0x84, 0x21, 0x84, 0x21, 
	0x84, 0x21, 0xb5, 0xad, 0xb5, 0xad, 0x31, 0x8d, 
	0x00, 0x01, 0x03, 0xcf, 0x03, 0xcf, 0x31, 0x8d, 
	0x29, 0x4b, 0x29, 0x4b, 0x29, 0x4b, 0x31, 0x8d, 
	0x03, 0xcf, 0x03, 0xcf, 0x00, 0x01, 0x08, 0x43, 
	0x84, 0x21, 0x84, 0x21, 0x84, 0x21, 0x84, 0x21, 
	0x84, 0x21, 0xb5, 0xad, 0xb5, 0xad, 0xb5, 0xad, 
	0xb5, 0xad, 0xb5, 0xad, 0xb5, 0xad, 0xb5, 0xad, 
	0xb5, 0xad, 0x84, 0x21, 0xbd, 0xef, 0xb5, 0xad, 
	0x31, 0x8d, 0x84, 0x21, 0xbd, 0xef, 0x31, 0x8d, 
	0x00, 0x01, 0x03, 0xcf, 0x03, 0xcf, 0x03, 0xcf, 
	0x29, 0x4b, 0x29, 0x4b, 0x29, 0x4b, 0x29, 0x4b, 
	0x03, 0xcf, 0x03, 0xcf, 0x00, 0x01, 0x08, 0x43, 
	0x84, 0x21, 0x84, 0x21, 0x84, 0x21, 0x84, 0x21, 
	0x84, 0x21, 0xb5, 0xad, 0xb5, 0xad, 0xb5, 0xad, 
	0xb5, 0xad, 0xb5, 0xad, 0xb5, 0xad, 0xb5, 0xad, 
	0xb5, 0xad, 0x31, 0x8d, 0xff, 0xff, 0xb5, 0xad, 
	0x31, 0x8d, 0x84, 0x21, 0xbd, 0xef, 0x31, 0x8d, 
	0x00, 0x01, 0x31, 0x8d, 0x03, 0xcf, 0x03, 0xcf, 
	0x29, 0x4b, 0x29, 0x4b, 0x29, 0x4b, 0x31, 0x8d, 
	0x03, 0xcf, 0x03, 0xcf, 0x00, 0x01, 0x08, 0x43, 
	0xb5, 0xad, 0xb5, 0xad, 0xb5, 0xad, 0xb5, 0xad, 
	0xb5, 0xad, 0xb5, 0xad, 0xb5, 0xad, 0xb5, 0xad, 
	0xb5, 0xad, 0xb5, 0xad, 0xb5, 0xad, 0xb5, 0xad, 
	0xb5, 0xad, 0x31, 0x8d, 0xe7, 0x39, 0xbd, 0xef, 
	0x31, 0x8d, 0x84, 0x21, 0xbd, 0xef, 0x29, 0x4b, 
	0x00, 0x01, 0x31, 0x8d, 0x03, 0xcf, 0x03, 0xcf, 
	0x31, 0x8d, 0x29, 0x4b, 0x31, 0x8d, 0x03, 0xcf, 
	0x03, 0xcf, 0x03, 0xcf, 0x00, 0x01, 0x08, 0x43, 
	0x31, 0x8d, 0x31, 0x8d, 0x31, 0x8d, 0x31, 0x8d, 
	0x31, 0x8d, 0xb5, 0xad, 0xb5, 0xad, 0xb5, 0xad, 
	0xb5, 0xad, 0xb5, 0xad, 0xb5, 0xad, 0xb5, 0xad, 
	0xb5, 0xad, 0x31, 0x8d, 0xff, 0xff, 0xbd, 0xef, 
	0x31, 0x8d, 0x84, 0x21, 0xb5, 0xad, 0x31, 0x8d, 
	0x00, 0x01, 0x29, 0x4b, 0x03, 0xcf, 0x03, 0xcf, 
	0x31, 0x8d, 0x84, 0x21, 0x31, 0x8d, 0x03, 0xcf, 
	0x03, 0xcf, 0x03, 0xcf, 0x00, 0x01, 0x08, 0x43, 
	0x84, 0x21, 0x84, 0x21, 0x84, 0x21, 0x84, 0x21, 
	0x84, 0x21, 0xb5, 0xad, 0xb5, 0xad, 0xb5, 0xad, 
	0xb5, 0xad, 0xb5, 0xad, 0xb5, 0xad, 0xb5, 0xad, 
	0xb5, 0xad, 0x31, 0x8d, 0xff, 0xff, 0xbd, 0xef, 
	0x31, 0x8d, 0x84, 0x21, 0xbd, 0xef, 0x29, 0x4b, 
	0x00, 0x01, 0x00, 0x01, 0x03, 0xcf, 0x03, 0xcf, 
	0x03, 0xcf, 0x29, 0x4b, 0x03, 0xcf, 0x03, 0xcf, 
	0x03, 0xcf, 0x31, 0x8d, 0x00, 0x01, 0x08, 0x43, 
	0x84, 0x21, 0x84, 0x21, 0x84, 0x21, 0x84, 0x21, 
	0x84, 0x21, 0xb5, 0xad, 0xb5, 0xad, 0xb5, 0xad, 
	0xb5, 0xad, 0xb5, 0xad, 0xb5, 0xad, 0xb5, 0xad, 
	0xb5, 0xad, 0x31, 0x8d, 0xff, 0xff, 0xb5, 0xad, 
	0x31, 0x8d, 0x84, 0x21, 0xbd, 0xef, 0x29, 0x4b, 
	0x00, 0x01, 0x00, 0x01, 0x03, 0xcf, 0x03, 0xcf, 
	0x03, 0xcf, 0x03, 0xcf, 0x03, 0xcf, 0x03, 0xcf, 
	0x03, 0xcf, 0x00, 0x01, 0x00, 0x01, 0x08, 0x43, 
	0xb5, 0xad, 0xb5, 0xad, 0xb5, 0xad, 0xb5, 0xad, 
	0xb5, 0xad, 0xb5, 0xad, 0xb5, 0xad, 0xb5, 0xad, 
	0xb5, 0xad, 0xb5, 0xad, 0xb5, 0xad, 0xb5, 0xad, 
	0xb5, 0xad, 0x31, 0x8d, 0xff, 0xff, 0xb5, 0xad, 
	0x31, 0x8d, 0x84, 0x21, 0xbd, 0xef, 0x29, 0x4b, 
	0x00, 0x01, 0x00, 0x01, 0x75, 0xdd, 0x03, 0xcf, 
	0x03, 0xcf, 0x03, 0xcf, 0x03, 0xcf, 0x03, 0xcf, 
	0x0d, 0x13, 0x00, 0x01, 0x00, 0x01, 0x08, 0x43, 
	0x31, 0x8d, 0x31, 0x8d, 0x31, 0x8d, 0x31, 0x8d, 
	0x31, 0x8d, 0xb5, 0xad, 0xb5, 0xad, 0xb5, 0xad, 
	0xb5, 0xad, 0xb5, 0xad, 0xb5, 0xad, 0xb5, 0xad, 
	0xb5, 0xad, 0x31, 0x8d, 0xff, 0xff, 0xb5, 0xad, 
	0x31, 0x8d, 0x84, 0x21, 0xb5, 0xad, 0x31, 0x8d, 
	0x00, 0x01, 0x00, 0x01, 0x00, 0x01, 0x03, 0xcf, 
	0x03, 0xcf, 0x03, 0xcf, 0x03, 0xcf, 0x03, 0xcf, 
	0x31, 0x8d, 0x00, 0x01, 0x00, 0x01, 0x08, 0x43, 
	0x84, 0x21, 0x84, 0x21, 0x84, 0x21, 0x84, 0x21, 
	0x84, 0x21, 0xb5, 0xad, 0xb5, 0xad, 0xb5, 0xad, 
	0xb5, 0xad, 0xb5, 0xad, 0xb5, 0xad, 0xb5, 0xad, 
	0xb5, 0xad, 0x84, 0x21, 0xe7, 0x39, 0xbd, 0xef, 
	0x31, 0x8d, 0xb5, 0xad, 0xb5, 0xad, 0x31, 0x8d, 
	0x00, 0x01, 0x00, 0x01, 0x00, 0x01, 0x75, 0xdd, 
	0x03, 0xcf, 0x03, 0xcf, 0x03, 0xcf, 0x75, 0xdd, 
	0x00, 0x01, 0x00, 0x01, 0x00, 0x01, 0x08, 0x43, 
	0x84, 0x21, 0x84, 0x21, 0x84, 0x21, 0x84, 0x21, 
	0x84, 0x21, 0xb5, 0xad, 0xb5, 0xad, 0xb5, 0xad, 
	0xb5, 0xad, 0xb5, 0xad, 0xb5, 0xad, 0xb5, 0xad, 
	0xb5, 0xad, 0xb5, 0xad, 0x84, 0x21, 0x84, 0x21, 
	0x84, 0x21, 0xb5, 0xad, 0xb5, 0xad, 0x31, 0x8d, 
	0xf8, 0x01, 0xf8, 0x01, 0x00, 0x01, 0x08, 0x43, 
	0x75, 0xdd, 0x75, 0xdd, 0x75, 0xdd, 0x29, 0x4b, 
	0x00, 0x01, 0x00, 0x01, 0x00, 0x01, 0x08, 0x43, 
	0xb5, 0xad, 0xb5, 0xad, 0xb5, 0xad, 0xb5, 0xad, 
	0xb5, 0xad, 0xb5, 0xad, 0xb5, 0xad, 0xb5, 0xad, 
	0xb5, 0xad, 0xb5, 0xad, 0xb5, 0xad, 0xb5, 0xad, 
	0xb5, 0xad, 0xb5, 0xad, 0xb5, 0xad, 0xb5, 0xad, 
	0xb5, 0xad, 0xb5, 0xad, 0xb5, 0xad, 0x31, 0x8d, 
	0xf8, 0x01, 0xf8, 0x01, 0x00, 0x01, 0x00, 0x01, 
	0x08, 0x43, 0x75, 0xdd, 0x29, 0x4b, 0x00, 0x01, 
	0x00, 0x01, 0x00, 0x01, 0x00, 0x01, 0x08, 0x43, 
	0x31, 0x8d, 0x31, 0x8d, 0x31, 0x8d, 0x31, 0x8d, 
	0x31, 0x8d, 0xb5, 0xad, 0xb5, 0xad, 0xb5, 0xad, 
	0xb5, 0xad, 0xb5, 0xad, 0xb5, 0xad, 0xb5, 0xad, 
	0xb5, 0xad, 0xb5, 0xad, 0xb5, 0xad, 0xb5, 0xad, 
	0xb5, 0xad, 0xb5, 0xad, 0xbd, 0xef, 0x31, 0x8d, 
	0xf8, 0x01, 0xf8, 0x01, 0xf8, 0x01, 0x00, 0x01, 
	0x00, 0x01, 0x00, 0x01, 0x00, 0x01, 0x00, 0x01, 
	0x00, 0x01, 0x00, 0x01, 0x00, 0x01, 0x08, 0x43, 
	0x84, 0x21, 0x84, 0x21, 0x84, 0x21, 0x84, 0x21, 
	0x84, 0x21, 0xb5, 0xad, 0xb5, 0xad, 0xb5, 0xad, 
	0xb5, 0xad, 0xb5, 0xad, 0xb5, 0xad, 0xb5, 0xad, 
	0xb5, 0xad, 0xb5, 0xad, 0xb5, 0xad, 0xb5, 0xad, 
	0xb5, 0xad, 0xb5, 0xad, 0xbd, 0xef, 0x31, 0x8d, 
	
};

Gfx mario_wing_2_rgba16_aligner[] = {gsSPEndDisplayList()};
u8 mario_wing_2_rgba16[] = {
	0x00, 0x00, 0x00, 0x00, 0x00, 0x00, 0x00, 0x00, 
	0x00, 0x00, 0x00, 0x00, 0x00, 0x00, 0x00, 0x00, 
	0x00, 0x00, 0x00, 0x00, 0x00, 0x00, 0x00, 0x00, 
	0x00, 0x00, 0x00, 0x00, 0x00, 0x00, 0x00, 0x00, 
	0x00, 0x00, 0x00, 0x00, 0x00, 0x00, 0x00, 0x00, 
	0x00, 0x00, 0x00, 0x00, 0x00, 0x00, 0x00, 0x00, 
	0x00, 0x00, 0x00, 0x00, 0x00, 0x00, 0x00, 0x00, 
	0x00, 0x00, 0x00, 0x00, 0x00, 0x00, 0x00, 0x00, 
	0x00, 0x00, 0x00, 0x00, 0x00, 0x00, 0x00, 0x00, 
	0x00, 0x00, 0x00, 0x00, 0x00, 0x00, 0x00, 0x00, 
	0x00, 0x00, 0x00, 0x00, 0x00, 0x00, 0x00, 0x00, 
	0x00, 0x00, 0x00, 0x00, 0x00, 0x00, 0x00, 0x00, 
	0x00, 0x00, 0x00, 0x00, 0x00, 0x00, 0x00, 0x00, 
	0x00, 0x00, 0x00, 0x00, 0x00, 0x00, 0x00, 0x00, 
	0x00, 0x00, 0x00, 0x00, 0x00, 0x00, 0x00, 0x00, 
	0x00, 0x00, 0x00, 0x00, 0x00, 0x00, 0x00, 0x00, 
	0x00, 0x00, 0x00, 0x00, 0x00, 0x00, 0x00, 0x00, 
	0x00, 0x00, 0x00, 0x00, 0x00, 0x00, 0x00, 0x00, 
	0x00, 0x00, 0x00, 0x00, 0x00, 0x00, 0x00, 0x00, 
	0x00, 0x00, 0x00, 0x00, 0x00, 0x00, 0x00, 0x00, 
	0x00, 0x00, 0x00, 0x00, 0x00, 0x00, 0x00, 0x00, 
	0x00, 0x00, 0x00, 0x00, 0x00, 0x00, 0x00, 0x00, 
	0x00, 0x00, 0x00, 0x00, 0x00, 0x00, 0x00, 0x00, 
	0x00, 0x00, 0x00, 0x00, 0x00, 0x00, 0x00, 0x00, 
	0x00, 0x00, 0x00, 0x00, 0x00, 0x00, 0x00, 0x00, 
	0x00, 0x00, 0x00, 0x00, 0x00, 0x00, 0x00, 0x00, 
	0x00, 0x00, 0x00, 0x00, 0x00, 0x00, 0x00, 0x00, 
	0x00, 0x00, 0x00, 0x00, 0x00, 0x00, 0x00, 0x00, 
	0x00, 0x00, 0x00, 0x00, 0x00, 0x00, 0x94, 0xa5, 
	0x00, 0x00, 0x00, 0x00, 0x00, 0x00, 0x00, 0x00, 
	0x00, 0x00, 0x00, 0x00, 0x00, 0x00, 0x00, 0x00, 
	0x00, 0x00, 0x00, 0x00, 0x00, 0x00, 0x00, 0x00, 
	0x00, 0x00, 0x00, 0x00, 0x00, 0x00, 0x00, 0x00, 
	0x00, 0x00, 0x00, 0x00, 0x00, 0x00, 0x00, 0x00, 
	0x00, 0x00, 0x00, 0x00, 0x00, 0x00, 0x00, 0x00, 
	0x00, 0x00, 0x00, 0x00, 0x00, 0x00, 0x00, 0x00, 
	0x00, 0x00, 0x00, 0x00, 0x8c, 0x63, 0xbd, 0xef, 
	0x00, 0x00, 0x00, 0x00, 0x00, 0x00, 0x00, 0x00, 
	0x00, 0x00, 0x00, 0x00, 0x00, 0x00, 0x00, 0x00, 
	0x00, 0x00, 0x00, 0x00, 0x00, 0x00, 0x00, 0x00, 
	0x00, 0x00, 0x00, 0x00, 0x00, 0x00, 0x00, 0x00, 
	0x00, 0x00, 0x00, 0x00, 0x00, 0x00, 0x00, 0x00, 
	0x00, 0x00, 0x00, 0x00, 0x00, 0x00, 0x00, 0x00, 
	0x00, 0x00, 0x00, 0x00, 0x00, 0x00, 0x00, 0x00, 
	0xad, 0x6b, 0xa5, 0x29, 0xb5, 0xad, 0xde, 0xf7, 
	0x00, 0x00, 0x00, 0x00, 0x00, 0x00, 0x00, 0x00, 
	0x00, 0x00, 0x00, 0x00, 0x00, 0x00, 0x00, 0x00, 
	0x00, 0x00, 0x00, 0x00, 0x00, 0x00, 0x00, 0x00, 
	0xb5, 0xad, 0xb5, 0xad, 0xbd, 0xef, 0xbd, 0xef, 
	0xbd, 0xef, 0xbd, 0xef, 0xbd, 0xef, 0xbd, 0xef, 
	0xbd, 0xef, 0xbd, 0xef, 0xbd, 0xef, 0xbd, 0xef, 
	0xc6, 0x31, 0xc6, 0x31, 0xc6, 0x31, 0xc6, 0x31, 
	0xc6, 0x31, 0xce, 0x73, 0xef, 0x7b, 0xce, 0x73, 
	0x00, 0x00, 0x00, 0x00, 0x00, 0x00, 0x00, 0x00, 
	0x00, 0x00, 0x00, 0x00, 0x00, 0x00, 0x00, 0x00, 
	0x00, 0x00, 0x00, 0x00, 0x00, 0x00, 0x00, 0x00, 
	0xc6, 0x31, 0xce, 0x73, 0xd6, 0xb5, 0xd6, 0xb5, 
	0xd6, 0xb5, 0xde, 0xf7, 0xde, 0xf7, 0xde, 0xf7, 
	0xde, 0xf7, 0xde, 0xf7, 0xde, 0xf7, 0xde, 0xf7, 
	0xde, 0xf7, 0xde, 0xf7, 0xde, 0xf7, 0xde, 0xf7, 
	0xde, 0xf7, 0xf7, 0xbd, 0xef, 0x7b, 0xbd, 0xef, 
	0x00, 0x00, 0x00, 0x00, 0x00, 0x00, 0x00, 0x00, 
	0x00, 0x00, 0x00, 0x00, 0x00, 0x00, 0x00, 0x00, 
	0x00, 0x00, 0x00, 0x00, 0x00, 0x00, 0x00, 0x00, 
	0xd6, 0xb5, 0xd6, 0xb5, 0xde, 0xf7, 0xe7, 0x39, 
	0xe7, 0x39, 0xef, 0x7b, 0xef, 0x7b, 0xef, 0x7b, 
	0xef, 0x7b, 0xef, 0x7b, 0xef, 0x7b, 0xef, 0x7b, 
	0xef, 0x7b, 0xef, 0x7b, 0xf7, 0xbd, 0xf7, 0xbd, 
	0xf7, 0xbd, 0xf7, 0xbd, 0xd6, 0xb5, 0xad, 0x6b, 
	0x00, 0x00, 0x00, 0x00, 0x00, 0x00, 0x00, 0x00, 
	0x00, 0x00, 0x00, 0x00, 0x00, 0x00, 0x00, 0x00, 
	0x00, 0x00, 0x00, 0x00, 0x00, 0x00, 0x00, 0x00, 
	0xde, 0xf7, 0xe7, 0x39, 0xef, 0x7b, 0xef, 0x7b, 
	0xf7, 0xbd, 0xf7, 0xbd, 0xf7, 0xbd, 0xf7, 0xbd, 
	0xf7, 0xbd, 0xf7, 0xbd, 0xf7, 0xbd, 0xf7, 0xbd, 
	0xf7, 0xbd, 0xf7, 0xbd, 0xf7, 0xbd, 0xf7, 0xbd, 
	0xf7, 0xbd, 0xe7, 0x39, 0xc6, 0x31, 0x9c, 0xe7, 
	0x00, 0x00, 0x00, 0x00, 0x00, 0x00, 0x00, 0x00, 
	0x00, 0x00, 0x00, 0x00, 0x00, 0x00, 0x00, 0x00, 
	0x00, 0x00, 0x00, 0x00, 0x00, 0x00, 0x00, 0x00, 
	0xe7, 0x39, 0xef, 0x7b, 0xf7, 0xbd, 0xf7, 0xbd, 
	0xf7, 0xbd, 0xf7, 0xbd, 0xf7, 0xbd, 0xf7, 0xbd, 
	0xf7, 0xbd, 0xf7, 0xbd, 0xf7, 0xbd, 0xf7, 0xbd, 
	0xf7, 0xbd, 0xf7, 0xbd, 0xf7, 0xbd, 0xf7, 0xbd, 
	0xef, 0x7b, 0xce, 0x73, 0xb5, 0xad, 0x00, 0x00, 
	0x00, 0x00, 0x00, 0x00, 0x00, 0x00, 0x00, 0x00, 
	0x00, 0x00, 0x00, 0x00, 0x00, 0x00, 0x00, 0x00, 
	0x00, 0x00, 0x00, 0x00, 0x00, 0x00, 0x00, 0x00, 
	0xef, 0x7b, 0xf7, 0xbd, 0xf7, 0xbd, 0xf7, 0xbd, 
	0xf7, 0xbd, 0xf7, 0xbd, 0xf7, 0xbd, 0xf7, 0xbd, 
	0xf7, 0xbd, 0xf7, 0xbd, 0xf7, 0xbd, 0xf7, 0xbd, 
	0xf7, 0xbd, 0xf7, 0xbd, 0xf7, 0xbd, 0xe7, 0x39, 
	0xd6, 0xb5, 0xbd, 0xef, 0x9c, 0xe7, 0x00, 0x00, 
	0x00, 0x00, 0x00, 0x00, 0x00, 0x00, 0x00, 0x00, 
	0x00, 0x00, 0x00, 0x00, 0x00, 0x00, 0x00, 0x00, 
	0x00, 0x00, 0x00, 0x00, 0x00, 0x00, 0x00, 0x00, 
	0xef, 0x7b, 0xef, 0x7b, 0xf7, 0xbd, 0xf7, 0xbd, 
	0xf7, 0xbd, 0xf7, 0xbd, 0xf7, 0xbd, 0xf7, 0xbd, 
	0xf7, 0xbd, 0xf7, 0xbd, 0xf7, 0xbd, 0xf7, 0xbd, 
	0xf7, 0xbd, 0xe7, 0x39, 0xde, 0xf7, 0xce, 0x73, 
	0xbd, 0xef, 0xbd, 0xef, 0x94, 0xa5, 0x00, 0x00, 
	0x00, 0x00, 0x00, 0x00, 0x00, 0x00, 0x00, 0x00, 
	0x00, 0x00, 0x00, 0x00, 0x00, 0x00, 0x00, 0x00, 
	0x00, 0x00, 0x00, 0x00, 0x00, 0x00, 0x00, 0x00, 
	0xde, 0xf7, 0xde, 0xf7, 0xde, 0xf7, 0xde, 0xf7, 
	0xde, 0xf7, 0xde, 0xf7, 0xde, 0xf7, 0xde, 0xf7, 
	0xde, 0xf7, 0xde, 0xf7, 0xde, 0xf7, 0xde, 0xf7, 
	0xd6, 0xb5, 0xce, 0x73, 0xc6, 0x31, 0xb5, 0xad, 
	0xb5, 0xad, 0xbd, 0xef, 0x00, 0x00, 0x00, 0x00, 
	0x00, 0x00, 0x00, 0x00, 0x00, 0x00, 0x00, 0x00, 
	0x00, 0x00, 0x00, 0x00, 0x00, 0x00, 0x00, 0x00, 
	0x00, 0x00, 0x00, 0x00, 0x00, 0x00, 0x00, 0x00, 
	0xc6, 0x31, 0xc6, 0x31, 0xc6, 0x31, 0xc6, 0x31, 
	0xc6, 0x31, 0xc6, 0x31, 0xc6, 0x31, 0xc6, 0x31, 
	0xc6, 0x31, 0xc6, 0x31, 0xbd, 0xef, 0xbd, 0xef, 
	0xbd, 0xef, 0xb5, 0xad, 0xc6, 0x31, 0xd6, 0xb5, 
	0xde, 0xf7, 0xe7, 0x39, 0xd6, 0xb5, 0xce, 0x73, 
	0x00, 0x00, 0x00, 0x00, 0x00, 0x00, 0x00, 0x00, 
	0x00, 0x00, 0x00, 0x00, 0x00, 0x00, 0x00, 0x00, 
	0xbd, 0xef, 0x00, 0x00, 0x00, 0x00, 0x00, 0x00, 
	0xb5, 0xad, 0xb5, 0xad, 0xb5, 0xad, 0xad, 0x6b, 
	0xad, 0x6b, 0xad, 0x6b, 0xad, 0x6b, 0xbd, 0xef, 
	0xc6, 0x31, 0xde, 0xf7, 0xe7, 0x39, 0xe7, 0x39, 
	0xe7, 0x39, 0xef, 0x7b, 0xf7, 0xbd, 0xf7, 0xbd, 
	0xf7, 0xbd, 0xef, 0x7b, 0xef, 0x7b, 0xef, 0x7b, 
	0xe7, 0x39, 0xe7, 0x39, 0xe7, 0x39, 0xde, 0xf7, 
	0xde, 0xf7, 0xde, 0xf7, 0xd6, 0xb5, 0xde, 0xf7, 
	0xd6, 0xb5, 0x00, 0x00, 0x00, 0x00, 0x00, 0x00, 
	0xa5, 0x29, 0xa5, 0x29, 0xa5, 0x29, 0xbd, 0xef, 
	0xc6, 0x31, 0xde, 0xf7, 0xef, 0x7b, 0xf7, 0xbd, 
	0xf7, 0xbd, 0xf7, 0xbd, 0xf7, 0xbd, 0xf7, 0xbd, 
	0xf7, 0xbd, 0xf7, 0xbd, 0xf7, 0xbd, 0xf7, 0xbd, 
	0xf7, 0xbd, 0xf7, 0xbd, 0xf7, 0xbd, 0xf7, 0xbd, 
	0xf7, 0xbd, 0xf7, 0xbd, 0xf7, 0xbd, 0xf7, 0xbd, 
	0xf7, 0xbd, 0xf7, 0xbd, 0xf7, 0xbd, 0xef, 0x7b, 
	0xad, 0x6b, 0x00, 0x00, 0x00, 0x00, 0x00, 0x00, 
	0xb5, 0xad, 0xc6, 0x31, 0xde, 0xf7, 0xe7, 0x39, 
	0xef, 0x7b, 0xef, 0x7b, 0xf7, 0xbd, 0xf7, 0xbd, 
	0xf7, 0xbd, 0xf7, 0xbd, 0xf7, 0xbd, 0xf7, 0xbd, 
	0xf7, 0xbd, 0xf7, 0xbd, 0xf7, 0xbd, 0xf7, 0xbd, 
	0xf7, 0xbd, 0xf7, 0xbd, 0xf7, 0xbd, 0xf7, 0xbd, 
	0xf7, 0xbd, 0xf7, 0xbd, 0xf7, 0xbd, 0xf7, 0xbd, 
	0xf7, 0xbd, 0xf7, 0xbd, 0xef, 0x7b, 0xc6, 0x31, 
	0x00, 0x00, 0x00, 0x00, 0x00, 0x00, 0x00, 0x00, 
	0xd6, 0xb5, 0xd6, 0xb5, 0xde, 0xf7, 0xde, 0xf7, 
	0xe7, 0x39, 0xe7, 0x39, 0xef, 0x7b, 0xef, 0x7b, 
	0xf7, 0xbd, 0xf7, 0xbd, 0xf7, 0xbd, 0xf7, 0xbd, 
	0xf7, 0xbd, 0xf7, 0xbd, 0xf7, 0xbd, 0xf7, 0xbd, 
	0xf7, 0xbd, 0xf7, 0xbd, 0xf7, 0xbd, 0xf7, 0xbd, 
	0xf7, 0xbd, 0xf7, 0xbd, 0xf7, 0xbd, 0xf7, 0xbd, 
	0xf7, 0xbd, 0xef, 0x7b, 0xce, 0x73, 0x9c, 0xe7, 
	0x00, 0x00, 0x00, 0x00, 0x00, 0x00, 0x00, 0x00, 
	0xce, 0x73, 0xd6, 0xb5, 0xd6, 0xb5, 0xd6, 0xb5, 
	0xd6, 0xb5, 0xd6, 0xb5, 0xd6, 0xb5, 0xd6, 0xb5, 
	0xd6, 0xb5, 0xde, 0xf7, 0xde, 0xf7, 0xe7, 0x39, 
	0xef, 0x7b, 0xef, 0x7b, 0xf7, 0xbd, 0xf7, 0xbd, 
	0xf7, 0xbd, 0xf7, 0xbd, 0xf7, 0xbd, 0xf7, 0xbd, 
	0xf7, 0xbd, 0xf7, 0xbd, 0xf7, 0xbd, 0xf7, 0xbd, 
	0xe7, 0x39, 0xc6, 0x31, 0xad, 0x6b, 0x8c, 0x63, 
	0x00, 0x00, 0x00, 0x00, 0x00, 0x00, 0x00, 0x00, 
	0xc6, 0x31, 0xc6, 0x31, 0xc6, 0x31, 0xc6, 0x31, 
	0xc6, 0x31, 0xc6, 0x31, 0xbd, 0xef, 0xc6, 0x31, 
	0xbd, 0xef, 0xc6, 0x31, 0xc6, 0x31, 0xc6, 0x31, 
	0xce, 0x73, 0xce, 0x73, 0xd6, 0xb5, 0xd6, 0xb5, 
	0xde, 0xf7, 0xe7, 0x39, 0xe7, 0x39, 0xef, 0x7b, 
	0xe7, 0x39, 0xe7, 0x39, 0xde, 0xf7, 0xce, 0x73, 
	0xbd, 0xef, 0xad, 0x6b, 0x94, 0xa5, 0x00, 0x00, 
	0x00, 0x00, 0x00, 0x00, 0x00, 0x00, 0x00, 0x00, 
	0xbd, 0xef, 0xb5, 0xad, 0xb5, 0xad, 0xb5, 0xad, 
	0xad, 0x6b, 0xad, 0x6b, 0xad, 0x6b, 0xad, 0x6b, 
	0xad, 0x6b, 0xad, 0x6b, 0xad, 0x6b, 0xad, 0x6b, 
	0xad, 0x6b, 0xb5, 0xad, 0xb5, 0xad, 0xbd, 0xef, 
	0xbd, 0xef, 0xbd, 0xef, 0xc6, 0x31, 0xc6, 0x31, 
	0xc6, 0x31, 0xbd, 0xef, 0xb5, 0xad, 0xad, 0x6b, 
	0xa5, 0x29, 0x94, 0xa5, 0x7b, 0xdf, 0x00, 0x00, 
	0x00, 0x00, 0x00, 0x00, 0x00, 0x00, 0x00, 0x00, 
	0xad, 0x6b, 0xad, 0x6b, 0xa5, 0x29, 0xa5, 0x29, 
	0x9c, 0xe7, 0x9c, 0xe7, 0x9c, 0xe7, 0x94, 0xa5, 
	0x94, 0xa5, 0x94, 0xa5, 0x94, 0xa5, 0x94, 0xa5, 
	0x94, 0xa5, 0x94, 0xa5, 0x9c, 0xe7, 0x9c, 0xe7, 
	0x9c, 0xe7, 0xa5, 0x29, 0xa5, 0x29, 0xa5, 0x29, 
	0xa5, 0x29, 0xa5, 0x29, 0x9c, 0xe7, 0x94, 0xa5, 
	0x94, 0xa5, 0x7b, 0xdf, 0x00, 0x00, 0x00, 0x00, 
	0x00, 0x00, 0x00, 0x00, 0x00, 0x00, 0x00, 0x00, 
	0xa5, 0x29, 0x9c, 0xe7, 0x94, 0xa5, 0x94, 0xa5, 
	0x94, 0xa5, 0x94, 0xa5, 0x8c, 0x63, 0x8c, 0x63, 
	0x8c, 0x63, 0x8c, 0x63, 0x84, 0x21, 0x84, 0x21, 
	0x84, 0x21, 0x8c, 0x63, 0x8c, 0x63, 0x8c, 0x63, 
	0x8c, 0x63, 0x94, 0xa5, 0x94, 0xa5, 0x94, 0xa5, 
	0x94, 0xa5, 0x94, 0xa5, 0x8c, 0x63, 0x84, 0x21, 
	0x73, 0x9d, 0x52, 0x95, 0x00, 0x00, 0x00, 0x00, 
	0x00, 0x00, 0x00, 0x00, 0x00, 0x00, 0x00, 0x00, 
	0x94, 0xa5, 0x94, 0xa5, 0x94, 0xa5, 0x8c, 0x63, 
	0x84, 0x21, 0x84, 0x21, 0x7b, 0xdf, 0x7b, 0xdf, 
	0x73, 0x9d, 0x73, 0x9d, 0x73, 0x9d, 0x73, 0x9d, 
	0x73, 0x9d, 0x73, 0x9d, 0x73, 0x9d, 0x73, 0x9d, 
	0x73, 0x9d, 0x7b, 0xdf, 0x7b, 0xdf, 0x7b, 0xdf, 
	0x7b, 0xdf, 0x7b, 0xdf, 0x73, 0x9d, 0x63, 0x19, 
	0x4a, 0x53, 0x00, 0x00, 0x00, 0x00, 0x00, 0x00, 
	0x00, 0x00, 0x00, 0x00, 0x00, 0x00, 0x00, 0x00, 
	0x94, 0xa5, 0x8c, 0x63, 0x84, 0x21, 0x7b, 0xdf, 
	0x73, 0x9d, 0x73, 0x9d, 0x6b, 0x5b, 0x63, 0x19, 
	0x63, 0x19, 0x5a, 0xd7, 0x5a, 0xd7, 0x52, 0x95, 
	0x52, 0x95, 0x52, 0x95, 0x52, 0x95, 0x5a, 0xd7, 
	0x5a, 0xd7, 0x5a, 0xd7, 0x5a, 0xd7, 0x5a, 0xd7, 
	0x5a, 0xd7, 0x5a, 0xd7, 0x42, 0x11, 0x39, 0xcf, 
	0x00, 0x00, 0x00, 0x00, 0x00, 0x00, 0x00, 0x00, 
	0x00, 0x00, 0x00, 0x00, 0x00, 0x00, 0x00, 0x00, 
	0x84, 0x21, 0x7b, 0xdf, 0x73, 0x9d, 0x6b, 0x5b, 
	0x63, 0x19, 0x5a, 0xd7, 0x4a, 0x53, 0x5a, 0xd7, 
	0x52, 0x95, 0x5a, 0xd7, 0x5a, 0xd7, 0x5a, 0xd7, 
	0x5a, 0xd7, 0x5a, 0xd7, 0x5a, 0xd7, 0x5a, 0xd7, 
	0x5a, 0xd7, 0x5a, 0xd7, 0x52, 0x95, 0x39, 0xcf, 
	0x39, 0xcf, 0x31, 0x8d, 0x00, 0x00, 0x00, 0x00, 
	0x00, 0x00, 0x00, 0x00, 0x00, 0x00, 0x00, 0x00, 
	0x00, 0x00, 0x00, 0x00, 0x00, 0x00, 0x00, 0x00, 
	0x73, 0x9d, 0x6b, 0x5b, 0x5a, 0xd7, 0x63, 0x19, 
	0x5a, 0xd7, 0x63, 0x19, 0x6b, 0x5b, 0x6b, 0x5b, 
	0x63, 0x19, 0x63, 0x19, 0x63, 0x19, 0x63, 0x19, 
	0x63, 0x19, 0x63, 0x19, 0x63, 0x19, 0x5a, 0xd7, 
	0x5a, 0xd7, 0x5a, 0xd7, 0x42, 0x11, 0x00, 0x00, 
	0x00, 0x00, 0x00, 0x00, 0x00, 0x00, 0x00, 0x00, 
	0x00, 0x00, 0x00, 0x00, 0x00, 0x00, 0x00, 0x00, 
	0x00, 0x00, 0x00, 0x00, 0x00, 0x00, 0x00, 0x00, 
	0x63, 0x19, 0x6b, 0x5b, 0x63, 0x19, 0x63, 0x19, 
	0x5a, 0xd7, 0x7b, 0xdf, 0x84, 0x21, 0x8c, 0x63, 
	0x9c, 0xe7, 0xa5, 0x29, 0xa5, 0x29, 0xad, 0x6b, 
	0xad, 0x6b, 0xad, 0x6b, 0xad, 0x6b, 0xad, 0x6b, 
	0xa5, 0x29, 0xbd, 0xef, 0x00, 0x00, 0x00, 0x00, 
	0x00, 0x00, 0x00, 0x00, 0x00, 0x00, 0x00, 0x00, 
	0x00, 0x00, 0x00, 0x00, 0x00, 0x00, 0x00, 0x00, 
	0x00, 0x00, 0x00, 0x00, 0x00, 0x00, 0x00, 0x00, 
	0x63, 0x19, 0x84, 0x21, 0xa5, 0x29, 0xbd, 0xef, 
	0xe7, 0x39, 0xef, 0x7b, 0xef, 0x7b, 0xef, 0x7b, 
	0xef, 0x7b, 0xf7, 0xbd, 0xf7, 0xbd, 0xf7, 0xbd, 
	0xf7, 0xbd, 0xf7, 0xbd, 0xf7, 0xbd, 0xf7, 0xbd, 
	0xf7, 0xbd, 0xf7, 0xbd, 0xf7, 0xbd, 0x00, 0x00, 
	0x00, 0x00, 0x00, 0x00, 0x00, 0x00, 0x00, 0x00, 
	0x00, 0x00, 0x00, 0x00, 0x00, 0x00, 0x00, 0x00, 
	0x00, 0x00, 0x00, 0x00, 0x00, 0x00, 0x00, 0x00, 
	0xc6, 0x31, 0xd6, 0xb5, 0xde, 0xf7, 0xde, 0xf7, 
	0xde, 0xf7, 0xde, 0xf7, 0xde, 0xf7, 0xe7, 0x39, 
	0xe7, 0x39, 0xe7, 0x39, 0xef, 0x7b, 0xef, 0x7b, 
	0xef, 0x7b, 0xf7, 0xbd, 0xf7, 0xbd, 0xf7, 0xbd, 
	0xf7, 0xbd, 0xf7, 0xbd, 0xf7, 0xbd, 0xf7, 0xbd, 
	0x00, 0x00, 0x00, 0x00, 0x00, 0x00, 0x00, 0x00, 
	0x00, 0x00, 0x00, 0x00, 0x00, 0x00, 0x00, 0x00, 
	0x00, 0x00, 0x00, 0x00, 0x00, 0x00, 0x00, 0x00, 
	0xce, 0x73, 0xce, 0x73, 0xce, 0x73, 0xd6, 0xb5, 
	0xd6, 0xb5, 0xd6, 0xb5, 0xd6, 0xb5, 0xd6, 0xb5, 
	0xde, 0xf7, 0xde, 0xf7, 0xde, 0xf7, 0xde, 0xf7, 
	0xe7, 0x39, 0xe7, 0x39, 0xe7, 0x39, 0xef, 0x7b, 
	0xef, 0x7b, 0xf7, 0xbd, 0xf7, 0xbd, 0xf7, 0xbd, 
	0xe7, 0x39, 0x00, 0x00, 0x00, 0x00, 0x00, 0x00, 
	0x00, 0x00, 0x00, 0x00, 0x00, 0x00, 0x00, 0x00, 
	0x00, 0x00, 0x00, 0x00, 0x00, 0x00, 0x00, 0x00, 
	0xc6, 0x31, 0xc6, 0x31, 0xc6, 0x31, 0xce, 0x73, 
	0xce, 0x73, 0xce, 0x73, 0xce, 0x73, 0xce, 0x73, 
	0xce, 0x73, 0xce, 0x73, 0xd6, 0xb5, 0xd6, 0xb5, 
	0xd6, 0xb5, 0xd6, 0xb5, 0xd6, 0xb5, 0xde, 0xf7, 
	0xde, 0xf7, 0xde, 0xf7, 0xe7, 0x39, 0xe7, 0x39, 
	0xce, 0x73, 0x00, 0x00, 0x00, 0x00, 0x00, 0x00, 
	0x00, 0x00, 0x00, 0x00, 0x00, 0x00, 0x00, 0x00, 
	0x00, 0x00, 0x00, 0x00, 0x00, 0x00, 0x00, 0x00, 
	0xbd, 0xef, 0xbd, 0xef, 0xbd, 0xef, 0xbd, 0xef, 
	0xbd, 0xef, 0xc6, 0x31, 0xc6, 0x31, 0xc6, 0x31, 
	0xc6, 0x31, 0xc6, 0x31, 0xc6, 0x31, 0xc6, 0x31, 
	0xc6, 0x31, 0xc6, 0x31, 0xce, 0x73, 0xce, 0x73, 
	0xce, 0x73, 0xce, 0x73, 0xce, 0x73, 0xc6, 0x31, 
	0xa5, 0x29, 0x00, 0x00, 0x00, 0x00, 0x00, 0x00, 
	0x00, 0x00, 0x00, 0x00, 0x00, 0x00, 0x00, 0x00, 
	0x00, 0x00, 0x00, 0x00, 0x00, 0x00, 0x00, 0x00, 
	0xad, 0x6b, 0xb5, 0xad, 0xb5, 0xad, 0xb5, 0xad, 
	0xb5, 0xad, 0xb5, 0xad, 0xb5, 0xad, 0xbd, 0xef, 
	0xbd, 0xef, 0xbd, 0xef, 0xbd, 0xef, 0xbd, 0xef, 
	0xbd, 0xef, 0xbd, 0xef, 0xbd, 0xef, 0xbd, 0xef, 
	0xb5, 0xad, 0xb5, 0xad, 0xad, 0x6b, 0x94, 0xa5, 
	0x00, 0x00, 0x00, 0x00, 0x00, 0x00, 0x00, 0x00, 
	0x00, 0x00, 0x00, 0x00, 0x00, 0x00, 0x00, 0x00, 
	0x00, 0x00, 0x00, 0x00, 0x00, 0x00, 0x00, 0x00, 
	0xa5, 0x29, 0xa5, 0x29, 0xa5, 0x29, 0xa5, 0x29, 
	0xad, 0x6b, 0xad, 0x6b, 0xad, 0x6b, 0xad, 0x6b, 
	0xad, 0x6b, 0xad, 0x6b, 0xad, 0x6b, 0xad, 0x6b, 
	0xad, 0x6b, 0xad, 0x6b, 0xa5, 0x29, 0xa5, 0x29, 
	0xa5, 0x29, 0x94, 0xa5, 0x84, 0x21, 0x00, 0x00, 
	0x00, 0x00, 0x00, 0x00, 0x00, 0x00, 0x00, 0x00, 
	0x00, 0x00, 0x00, 0x00, 0x00, 0x00, 0x00, 0x00, 
	0x00, 0x00, 0x00, 0x00, 0x00, 0x00, 0x00, 0x00, 
	0x94, 0xa5, 0x94, 0xa5, 0x94, 0xa5, 0x94, 0xa5, 
	0x9c, 0xe7, 0x9c, 0xe7, 0x9c, 0xe7, 0x9c, 0xe7, 
	0x9c, 0xe7, 0x9c, 0xe7, 0x9c, 0xe7, 0x9c, 0xe7, 
	0x94, 0xa5, 0x94, 0xa5, 0x94, 0xa5, 0x8c, 0x63, 
	0x73, 0x9d, 0x52, 0x95, 0x00, 0x00, 0x00, 0x00, 
	0x00, 0x00, 0x00, 0x00, 0x00, 0x00, 0x00, 0x00, 
	0x00, 0x00, 0x00, 0x00, 0x00, 0x00, 0x00, 0x00, 
	0x00, 0x00, 0x00, 0x00, 0x00, 0x00, 0x00, 0x00, 
	0x73, 0x9d, 0x7b, 0xdf, 0x84, 0x21, 0x84, 0x21, 
	0x84, 0x21, 0x8c, 0x63, 0x8c, 0x63, 0x8c, 0x63, 
	0x8c, 0x63, 0x84, 0x21, 0x84, 0x21, 0x84, 0x21, 
	0x7b, 0xdf, 0x6b, 0x5b, 0x5a, 0xd7, 0x52, 0x95, 
	0x00, 0x00, 0x00, 0x00, 0x00, 0x00, 0x00, 0x00, 
	0x00, 0x00, 0x00, 0x00, 0x00, 0x00, 0x00, 0x00, 
	0x00, 0x00, 0x00, 0x00, 0x00, 0x00, 0x00, 0x00, 
	0x00, 0x00, 0x00, 0x00, 0x00, 0x00, 0x00, 0x00, 
	0x84, 0x21, 0x73, 0x9d, 0x63, 0x19, 0x5a, 0xd7, 
	0x5a, 0xd7, 0x5a, 0xd7, 0x5a, 0xd7, 0x5a, 0xd7, 
	0x5a, 0xd7, 0x52, 0x95, 0x5a, 0xd7, 0x4a, 0x53, 
	0x39, 0xcf, 0x00, 0x00, 0x00, 0x00, 0x00, 0x00, 
	0x00, 0x00, 0x00, 0x00, 0x00, 0x00, 0x00, 0x00, 
	0x00, 0x00, 0x00, 0x00, 0x00, 0x00, 0x00, 0x00, 
	0x00, 0x00, 0x00, 0x00, 0x00, 0x00, 0x00, 0x00, 
	0x00, 0x00, 0x00, 0x00, 0x00, 0x00, 0x00, 0x00, 
	0xe7, 0x39, 0xe7, 0x39, 0xe7, 0x39, 0xde, 0xf7, 
	0xce, 0x73, 0xc6, 0x31, 0xad, 0x6b, 0x9c, 0xe7, 
	0x9c, 0xe7, 0x84, 0x21, 0x7b, 0xdf, 0x6b, 0x5b, 
	0x00, 0x00, 0x00, 0x00, 0x00, 0x00, 0x00, 0x00, 
	0x00, 0x00, 0x00, 0x00, 0x00, 0x00, 0x00, 0x00, 
	0x00, 0x00, 0x00, 0x00, 0x00, 0x00, 0x00, 0x00, 
	0x00, 0x00, 0x00, 0x00, 0x00, 0x00, 0x00, 0x00, 
	0x00, 0x00, 0x00, 0x00, 0x00, 0x00, 0x00, 0x00, 
	0xd6, 0xb5, 0xd6, 0xb5, 0xde, 0xf7, 0xde, 0xf7, 
	0xde, 0xf7, 0xe7, 0x39, 0xe7, 0x39, 0xef, 0x7b, 
	0xef, 0x7b, 0xf7, 0xbd, 0xf7, 0xbd, 0xf7, 0xbd, 
	0xbd, 0xef, 0x00, 0x00, 0x00, 0x00, 0x00, 0x00, 
	0x00, 0x00, 0x00, 0x00, 0x00, 0x00, 0x00, 0x00, 
	0x00, 0x00, 0x00, 0x00, 0x00, 0x00, 0x00, 0x00, 
	0x00, 0x00, 0x00, 0x00, 0x00, 0x00, 0x00, 0x00, 
	0x00, 0x00, 0x00, 0x00, 0x00, 0x00, 0x00, 0x00, 
	0xc6, 0x31, 0xc6, 0x31, 0xce, 0x73, 0xce, 0x73, 
	0xce, 0x73, 0xce, 0x73, 0xd6, 0xb5, 0xd6, 0xb5, 
	0xd6, 0xb5, 0xd6, 0xb5, 0xd6, 0xb5, 0xd6, 0xb5, 
	0xb5, 0xad, 0x00, 0x00, 0x00, 0x00, 0x00, 0x00, 
	0x00, 0x00, 0x00, 0x00, 0x00, 0x00, 0x00, 0x00, 
	0x00, 0x00, 0x00, 0x00, 0x00, 0x00, 0x00, 0x00, 
	0x00, 0x00, 0x00, 0x00, 0x00, 0x00, 0x00, 0x00, 
	0x00, 0x00, 0x00, 0x00, 0x00, 0x00, 0x00, 0x00, 
	0xb5, 0xad, 0xb5, 0xad, 0xbd, 0xef, 0xbd, 0xef, 
	0xbd, 0xef, 0xbd, 0xef, 0xbd, 0xef, 0xbd, 0xef, 
	0xbd, 0xef, 0xbd, 0xef, 0xb5, 0xad, 0x9c, 0xe7, 
	0x00, 0x00, 0x00, 0x00, 0x00, 0x00, 0x00, 0x00, 
	0x00, 0x00, 0x00, 0x00, 0x00, 0x00, 0x00, 0x00, 
	0x00, 0x00, 0x00, 0x00, 0x00, 0x00, 0x00, 0x00, 
	0x00, 0x00, 0x00, 0x00, 0x00, 0x00, 0x00, 0x00, 
	0x00, 0x00, 0x00, 0x00, 0x00, 0x00, 0x00, 0x00, 
	0xa5, 0x29, 0xa5, 0x29, 0xa5, 0x29, 0xa5, 0x29, 
	0xa5, 0x29, 0xa5, 0x29, 0xa5, 0x29, 0xa5, 0x29, 
	0x9c, 0xe7, 0x94, 0xa5, 0x84, 0x21, 0x00, 0x00, 
	0x00, 0x00, 0x00, 0x00, 0x00, 0x00, 0x00, 0x00, 
	0x00, 0x00, 0x00, 0x00, 0x00, 0x00, 0x00, 0x00, 
	0x00, 0x00, 0x00, 0x00, 0x00, 0x00, 0x00, 0x00, 
	0x00, 0x00, 0x00, 0x00, 0x00, 0x00, 0x00, 0x00, 
	0x00, 0x00, 0x00, 0x00, 0x00, 0x00, 0x00, 0x00, 
	0x94, 0xa5, 0x94, 0xa5, 0x94, 0xa5, 0x94, 0xa5, 
	0x94, 0xa5, 0x8c, 0x63, 0x8c, 0x63, 0x84, 0x21, 
	0x73, 0x9d, 0x5a, 0xd7, 0x00, 0x00, 0x00, 0x00, 
	0x00, 0x00, 0x00, 0x00, 0x00, 0x00, 0x00, 0x00, 
	0x00, 0x00, 0x00, 0x00, 0x00, 0x00, 0x00, 0x00, 
	0x00, 0x00, 0x00, 0x00, 0x00, 0x00, 0x00, 0x00, 
	0x00, 0x00, 0x00, 0x00, 0x00, 0x00, 0x00, 0x00, 
	0x00, 0x00, 0x00, 0x00, 0x00, 0x00, 0x00, 0x00, 
	0x73, 0x9d, 0x73, 0x9d, 0x6b, 0x5b, 0x6b, 0x5b, 
	0x63, 0x19, 0x5a, 0xd7, 0x4a, 0x53, 0x42, 0x11, 
	0x00, 0x00, 0x00, 0x00, 0x00, 0x00, 0x00, 0x00, 
	0x00, 0x00, 0x00, 0x00, 0x00, 0x00, 0x00, 0x00, 
	0x00, 0x00, 0x00, 0x00, 0x00, 0x00, 0x00, 0x00, 
	0x00, 0x00, 0x00, 0x00, 0x00, 0x00, 0x00, 0x00, 
	0x00, 0x00, 0x00, 0x00, 0x00, 0x00, 0x00, 0x00, 
	0x00, 0x00, 0x00, 0x00, 0x00, 0x00, 0x00, 0x00, 
	0x4a, 0x53, 0x42, 0x11, 0x42, 0x11, 0x42, 0x11, 
	0x42, 0x11, 0x42, 0x11, 0x00, 0x00, 0x00, 0x00, 
	0x00, 0x00, 0x00, 0x00, 0x00, 0x00, 0x00, 0x00, 
	0x00, 0x00, 0x00, 0x00, 0x00, 0x00, 0x00, 0x00, 
	0x00, 0x00, 0x00, 0x00, 0x00, 0x00, 0x00, 0x00, 
	0x00, 0x00, 0x00, 0x00, 0x00, 0x00, 0x00, 0x00, 
	0x00, 0x00, 0x00, 0x00, 0x00, 0x00, 0x00, 0x00, 
	0x00, 0x00, 0x00, 0x00, 0x00, 0x00, 0x00, 0x00, 
	0x6b, 0x5b, 0x6b, 0x5b, 0x6b, 0x5b, 0x73, 0x9d, 
	0x73, 0x9d, 0x7b, 0xdf, 0x00, 0x00, 0x00, 0x00, 
	0x00, 0x00, 0x00, 0x00, 0x00, 0x00, 0x00, 0x00, 
	0x00, 0x00, 0x00, 0x00, 0x00, 0x00, 0x00, 0x00, 
	0x00, 0x00, 0x00, 0x00, 0x00, 0x00, 0x00, 0x00, 
	0x00, 0x00, 0x00, 0x00, 0x00, 0x00, 0x00, 0x00, 
	0x00, 0x00, 0x00, 0x00, 0x00, 0x00, 0x00, 0x00, 
	0x00, 0x00, 0x00, 0x00, 0x00, 0x00, 0x00, 0x00, 
	0xc6, 0x31, 0xc6, 0x31, 0xc6, 0x31, 0xc6, 0x31, 
	0xc6, 0x31, 0xad, 0x6b, 0x00, 0x00, 0x00, 0x00, 
	0x00, 0x00, 0x00, 0x00, 0x00, 0x00, 0x00, 0x00, 
	0x00, 0x00, 0x00, 0x00, 0x00, 0x00, 0x00, 0x00, 
	0x00, 0x00, 0x00, 0x00, 0x00, 0x00, 0x00, 0x00, 
	0x00, 0x00, 0x00, 0x00, 0x00, 0x00, 0x00, 0x00, 
	0x00, 0x00, 0x00, 0x00, 0x00, 0x00, 0x00, 0x00, 
	0x00, 0x00, 0x00, 0x00, 0x00, 0x00, 0x00, 0x00, 
	0xad, 0x6b, 0xad, 0x6b, 0xad, 0x6b, 0xa5, 0x29, 
	0x94, 0xa5, 0x73, 0x9d, 0x00, 0x00, 0x00, 0x00, 
	0x00, 0x00, 0x00, 0x00, 0x00, 0x00, 0x00, 0x00, 
	0x00, 0x00, 0x00, 0x00, 0x00, 0x00, 0x00, 0x00, 
	0x00, 0x00, 0x00, 0x00, 0x00, 0x00, 0x00, 0x00, 
	0x00, 0x00, 0x00, 0x00, 0x00, 0x00, 0x00, 0x00, 
	0x00, 0x00, 0x00, 0x00, 0x00, 0x00, 0x00, 0x00, 
	0x00, 0x00, 0x00, 0x00, 0x00, 0x00, 0x00, 0x00, 
	0x94, 0xa5, 0x94, 0xa5, 0x8c, 0x63, 0x73, 0x9d, 
	0x00, 0x00, 0x00, 0x00, 0x00, 0x00, 0x00, 0x00, 
	0x00, 0x00, 0x00, 0x00, 0x00, 0x00, 0x00, 0x00, 
	0x00, 0x00, 0x00, 0x00, 0x00, 0x00, 0x00, 0x00, 
	0x00, 0x00, 0x00, 0x00, 0x00, 0x00, 0x00, 0x00, 
	0x00, 0x00, 0x00, 0x00, 0x00, 0x00, 0x00, 0x00, 
	0x00, 0x00, 0x00, 0x00, 0x00, 0x00, 0x00, 0x00, 
	0x00, 0x00, 0x00, 0x00, 0x00, 0x00, 0x00, 0x00, 
	0x63, 0x19, 0x52, 0x95, 0x42, 0x11, 0x00, 0x00, 
	0x00, 0x00, 0x00, 0x00, 0x00, 0x00, 0x00, 0x00, 
	0x00, 0x00, 0x00, 0x00, 0x00, 0x00, 0x00, 0x00, 
	0x00, 0x00, 0x00, 0x00, 0x00, 0x00, 0x00, 0x00, 
	0x00, 0x00, 0x00, 0x00, 0x00, 0x00, 0x00, 0x00, 
	0x00, 0x00, 0x00, 0x00, 0x00, 0x00, 0x00, 0x00, 
	0x00, 0x00, 0x00, 0x00, 0x00, 0x00, 0x00, 0x00, 
	0x00, 0x00, 0x00, 0x00, 0x00, 0x00, 0x00, 0x00, 
	0x00, 0x00, 0x00, 0x00, 0x00, 0x00, 0x00, 0x00, 
	0x00, 0x00, 0x00, 0x00, 0x00, 0x00, 0x00, 0x00, 
	0x00, 0x00, 0x00, 0x00, 0x00, 0x00, 0x00, 0x00, 
	0x00, 0x00, 0x00, 0x00, 0x00, 0x00, 0x00, 0x00, 
	0x00, 0x00, 0x00, 0x00, 0x00, 0x00, 0x00, 0x00, 
	0x00, 0x00, 0x00, 0x00, 0x00, 0x00, 0x00, 0x00, 
	0x00, 0x00, 0x00, 0x00, 0x00, 0x00, 0x00, 0x00, 
	0x00, 0x00, 0x00, 0x00, 0x00, 0x00, 0x00, 0x00, 
	0x00, 0x00, 0x00, 0x00, 0x00, 0x00, 0x00, 0x00, 
	0x00, 0x00, 0x00, 0x00, 0x00, 0x00, 0x00, 0x00, 
	0x00, 0x00, 0x00, 0x00, 0x00, 0x00, 0x00, 0x00, 
	0x00, 0x00, 0x00, 0x00, 0x00, 0x00, 0x00, 0x00, 
	0x00, 0x00, 0x00, 0x00, 0x00, 0x00, 0x00, 0x00, 
	0x00, 0x00, 0x00, 0x00, 0x00, 0x00, 0x00, 0x00, 
	0x00, 0x00, 0x00, 0x00, 0x00, 0x00, 0x00, 0x00, 
	0x00, 0x00, 0x00, 0x00, 0x00, 0x00, 0x00, 0x00, 
	0x00, 0x00, 0x00, 0x00, 0x00, 0x00, 0x00, 0x00, 
	0x00, 0x00, 0x00, 0x00, 0x00, 0x00, 0x00, 0x00, 
	0x00, 0x00, 0x00, 0x00, 0x00, 0x00, 0x00, 0x00, 
	0x00, 0x00, 0x00, 0x00, 0x00, 0x00, 0x00, 0x00, 
	0x00, 0x00, 0x00, 0x00, 0x00, 0x00, 0x00, 0x00, 
	0x00, 0x00, 0x00, 0x00, 0x00, 0x00, 0x00, 0x00, 
	0x00, 0x00, 0x00, 0x00, 0x00, 0x00, 0x00, 0x00, 
	0x00, 0x00, 0x00, 0x00, 0x00, 0x00, 0x00, 0x00, 
	0x00, 0x00, 0x00, 0x00, 0x00, 0x00, 0x00, 0x00, 
	0x00, 0x00, 0x00, 0x00, 0x00, 0x00, 0x00, 0x00, 
	0x00, 0x00, 0x00, 0x00, 0x00, 0x00, 0x00, 0x00, 
	0x00, 0x00, 0x00, 0x00, 0x00, 0x00, 0x00, 0x00, 
	0x00, 0x00, 0x00, 0x00, 0x00, 0x00, 0x00, 0x00, 
	0x00, 0x00, 0x00, 0x00, 0x00, 0x00, 0x00, 0x00, 
	0x00, 0x00, 0x00, 0x00, 0x00, 0x00, 0x00, 0x00, 
	0x00, 0x00, 0x00, 0x00, 0x00, 0x00, 0x00, 0x00, 
	0x00, 0x00, 0x00, 0x00, 0x00, 0x00, 0x00, 0x00, 
	0x00, 0x00, 0x00, 0x00, 0x00, 0x00, 0x00, 0x00, 
	0x00, 0x00, 0x00, 0x00, 0x00, 0x00, 0x00, 0x00, 
	0x00, 0x00, 0x00, 0x00, 0x00, 0x00, 0x00, 0x00, 
	0x00, 0x00, 0x00, 0x00, 0x00, 0x00, 0x00, 0x00, 
	0x00, 0x00, 0x00, 0x00, 0x00, 0x00, 0x00, 0x00, 
	0x00, 0x00, 0x00, 0x00, 0x00, 0x00, 0x00, 0x00, 
	0x00, 0x00, 0x00, 0x00, 0x00, 0x00, 0x00, 0x00, 
	0x00, 0x00, 0x00, 0x00, 0x00, 0x00, 0x00, 0x00, 
	0x00, 0x00, 0x00, 0x00, 0x00, 0x00, 0x00, 0x00, 
	0x00, 0x00, 0x00, 0x00, 0x00, 0x00, 0x00, 0x00, 
	0x00, 0x00, 0x00, 0x00, 0x00, 0x00, 0x00, 0x00, 
	0x00, 0x00, 0x00, 0x00, 0x00, 0x00, 0x00, 0x00, 
	0x00, 0x00, 0x00, 0x00, 0x00, 0x00, 0x00, 0x00, 
	0x00, 0x00, 0x00, 0x00, 0x00, 0x00, 0x00, 0x00, 
	0x00, 0x00, 0x00, 0x00, 0x00, 0x00, 0x00, 0x00, 
	0x00, 0x00, 0x00, 0x00, 0x00, 0x00, 0x00, 0x00, 
	0x00, 0x00, 0x00, 0x00, 0x00, 0x00, 0x00, 0x00, 
	0x00, 0x00, 0x00, 0x00, 0x00, 0x00, 0x00, 0x00, 
	0x00, 0x00, 0x00, 0x00, 0x00, 0x00, 0x00, 0x00, 
	0x00, 0x00, 0x00, 0x00, 0x00, 0x00, 0x00, 0x00, 
	0x00, 0x00, 0x00, 0x00, 0x00, 0x00, 0x00, 0x00, 
	0x00, 0x00, 0x00, 0x00, 0x00, 0x00, 0x00, 0x00, 
	0x00, 0x00, 0x00, 0x00, 0x00, 0x00, 0x00, 0x00, 
	0x00, 0x00, 0x00, 0x00, 0x00, 0x00, 0x00, 0x00, 
	0x00, 0x00, 0x00, 0x00, 0x00, 0x00, 0x00, 0x00, 
	0x00, 0x00, 0x00, 0x00, 0x00, 0x00, 0x00, 0x00, 
	0x00, 0x00, 0x00, 0x00, 0x00, 0x00, 0x00, 0x00, 
	0x00, 0x00, 0x00, 0x00, 0x00, 0x00, 0x00, 0x00, 
	0x00, 0x00, 0x00, 0x00, 0x00, 0x00, 0x00, 0x00, 
	0x00, 0x00, 0x00, 0x00, 0x00, 0x00, 0x00, 0x00, 
	0x00, 0x00, 0x00, 0x00, 0x00, 0x00, 0x00, 0x00, 
	0x00, 0x00, 0x00, 0x00, 0x00, 0x00, 0x00, 0x00, 
	0x00, 0x00, 0x00, 0x00, 0x00, 0x00, 0x00, 0x00, 
	0x00, 0x00, 0x00, 0x00, 0x00, 0x00, 0x00, 0x00, 
	0x00, 0x00, 0x00, 0x00, 0x00, 0x00, 0x00, 0x00, 
	0x00, 0x00, 0x00, 0x00, 0x00, 0x00, 0x00, 0x00, 
	0x00, 0x00, 0x00, 0x00, 0x00, 0x00, 0x00, 0x00, 
	0x00, 0x00, 0x00, 0x00, 0x00, 0x00, 0x00, 0x00, 
	0x00, 0x00, 0x00, 0x00, 0x00, 0x00, 0x00, 0x00, 
	0x00, 0x00, 0x00, 0x00, 0x00, 0x00, 0x00, 0x00, 
	0x00, 0x00, 0x00, 0x00, 0x00, 0x00, 0x00, 0x00, 
	0x00, 0x00, 0x00, 0x00, 0x00, 0x00, 0x00, 0x00, 
	0x00, 0x00, 0x00, 0x00, 0x00, 0x00, 0x00, 0x00, 
	0x00, 0x00, 0x00, 0x00, 0x00, 0x00, 0x00, 0x00, 
	0x00, 0x00, 0x00, 0x00, 0x00, 0x00, 0x00, 0x00, 
	0x00, 0x00, 0x00, 0x00, 0x00, 0x00, 0x00, 0x00, 
	0x00, 0x00, 0x00, 0x00, 0x00, 0x00, 0x00, 0x00, 
	0x00, 0x00, 0x00, 0x00, 0x00, 0x00, 0x00, 0x00, 
	0x00, 0x00, 0x00, 0x00, 0x00, 0x00, 0x00, 0x00, 
	0x00, 0x00, 0x00, 0x00, 0x00, 0x00, 0x00, 0x00, 
	0x00, 0x00, 0x00, 0x00, 0x00, 0x00, 0x00, 0x00, 
	0x00, 0x00, 0x00, 0x00, 0x00, 0x00, 0x00, 0x00, 
	0x00, 0x00, 0x00, 0x00, 0x00, 0x00, 0x00, 0x00, 
	0x00, 0x00, 0x00, 0x00, 0x00, 0x00, 0x00, 0x00, 
	0x00, 0x00, 0x00, 0x00, 0x00, 0x00, 0x00, 0x00, 
	0x00, 0x00, 0x00, 0x00, 0x00, 0x00, 0x00, 0x00, 
	0x00, 0x00, 0x00, 0x00, 0x00, 0x00, 0x00, 0x00, 
	0x00, 0x00, 0x00, 0x00, 0x00, 0x00, 0x00, 0x00, 
	0x00, 0x00, 0x00, 0x00, 0x00, 0x00, 0x00, 0x00, 
	0x00, 0x00, 0x00, 0x00, 0x00, 0x00, 0x00, 0x00, 
	0x00, 0x00, 0x00, 0x00, 0x00, 0x00, 0x00, 0x00, 
	0x00, 0x00, 0x00, 0x00, 0x00, 0x00, 0x00, 0x00, 
	0x00, 0x00, 0x00, 0x00, 0x00, 0x00, 0x00, 0x00, 
	
};

Gfx mario_wing1_rgba16_aligner[] = {gsSPEndDisplayList()};
u8 mario_wing1_rgba16[] = {
	0x00, 0x00, 0x00, 0x00, 0x00, 0x00, 0x00, 0x00, 
	0x00, 0x00, 0x00, 0x00, 0x00, 0x00, 0x00, 0x00, 
	0x00, 0x00, 0x00, 0x00, 0x00, 0x00, 0x00, 0x00, 
	0x00, 0x00, 0x00, 0x00, 0x00, 0x00, 0x00, 0x00, 
	0x00, 0x00, 0x00, 0x00, 0x00, 0x00, 0x00, 0x00, 
	0x00, 0x00, 0x00, 0x00, 0x00, 0x00, 0x00, 0x00, 
	0x00, 0x00, 0x00, 0x00, 0x00, 0x00, 0x00, 0x00, 
	0x00, 0x00, 0x00, 0x00, 0x00, 0x00, 0x00, 0x00, 
	0x00, 0x00, 0x00, 0x00, 0x00, 0x00, 0x00, 0x00, 
	0x00, 0x00, 0x00, 0x00, 0x00, 0x00, 0x00, 0x00, 
	0x00, 0x00, 0x00, 0x00, 0x00, 0x00, 0x00, 0x00, 
	0x00, 0x00, 0x00, 0x00, 0x00, 0x00, 0x00, 0x00, 
	0x00, 0x00, 0x00, 0x00, 0x00, 0x00, 0x00, 0x00, 
	0x00, 0x00, 0x00, 0x00, 0x00, 0x00, 0x00, 0x00, 
	0x00, 0x00, 0x00, 0x00, 0x00, 0x00, 0x00, 0x00, 
	0x00, 0x00, 0x00, 0x00, 0x00, 0x00, 0x00, 0x00, 
	0x00, 0x00, 0x00, 0x00, 0x00, 0x00, 0x00, 0x00, 
	0x00, 0x00, 0x00, 0x00, 0x00, 0x00, 0x00, 0x00, 
	0x00, 0x00, 0x00, 0x00, 0x00, 0x00, 0x00, 0x00, 
	0x00, 0x00, 0x00, 0x00, 0x00, 0x00, 0x00, 0x00, 
	0x00, 0x00, 0x00, 0x00, 0x00, 0x00, 0x00, 0x00, 
	0x00, 0x00, 0x00, 0x00, 0x00, 0x00, 0x00, 0x00, 
	0x00, 0x00, 0x00, 0x00, 0x00, 0x00, 0x00, 0x00, 
	0x00, 0x00, 0x00, 0x00, 0x00, 0x00, 0x00, 0x00, 
	0x00, 0x00, 0x00, 0x00, 0x00, 0x00, 0x00, 0x00, 
	0x00, 0x00, 0x00, 0x00, 0x00, 0x00, 0x00, 0x00, 
	0x00, 0x00, 0x00, 0x00, 0x00, 0x00, 0x00, 0x00, 
	0x00, 0x00, 0x00, 0x00, 0x00, 0x00, 0x00, 0x00, 
	0x00, 0x00, 0x00, 0x00, 0x00, 0x00, 0x00, 0x00, 
	0x00, 0x00, 0x00, 0x00, 0x00, 0x00, 0x00, 0x00, 
	0x00, 0x00, 0x00, 0x00, 0x00, 0x00, 0x00, 0x00, 
	0x00, 0x00, 0x00, 0x00, 0x00, 0x00, 0x00, 0x00, 
	0x00, 0x00, 0x00, 0x00, 0x00, 0x00, 0x00, 0x00, 
	0x00, 0x00, 0x00, 0x00, 0x00, 0x00, 0x00, 0x00, 
	0x00, 0x00, 0x00, 0x00, 0x00, 0x00, 0x00, 0x00, 
	0x00, 0x00, 0x00, 0x00, 0x00, 0x00, 0x00, 0x00, 
	0x00, 0x00, 0x00, 0x00, 0x00, 0x00, 0x00, 0x00, 
	0x00, 0x00, 0x00, 0x00, 0x00, 0x00, 0x00, 0x00, 
	0x00, 0x00, 0x00, 0x00, 0x00, 0x00, 0x00, 0x00, 
	0x00, 0x00, 0x00, 0x00, 0x00, 0x00, 0x00, 0x00, 
	0x00, 0x00, 0x00, 0x00, 0x00, 0x00, 0x00, 0x00, 
	0x00, 0x00, 0x00, 0x00, 0x00, 0x00, 0x00, 0x00, 
	0x00, 0x00, 0x00, 0x00, 0x00, 0x00, 0x00, 0x00, 
	0x00, 0x00, 0x00, 0x00, 0x00, 0x00, 0x00, 0x00, 
	0x00, 0x00, 0x00, 0x00, 0x00, 0x00, 0x00, 0x00, 
	0x00, 0x00, 0x00, 0x00, 0x00, 0x00, 0x00, 0x00, 
	0x00, 0x00, 0x00, 0x00, 0x00, 0x00, 0x00, 0x00, 
	0x00, 0x00, 0x00, 0x00, 0x00, 0x00, 0x00, 0x00, 
	0x00, 0x00, 0x00, 0x00, 0x00, 0x00, 0x00, 0x00, 
	0x00, 0x00, 0x00, 0x00, 0x00, 0x00, 0x00, 0x00, 
	0x00, 0x00, 0x00, 0x00, 0x00, 0x00, 0x00, 0x00, 
	0x00, 0x00, 0x00, 0x00, 0x00, 0x00, 0x00, 0x00, 
	0x00, 0x00, 0x00, 0x00, 0x00, 0x00, 0x00, 0x00, 
	0x00, 0x00, 0x00, 0x00, 0x00, 0x00, 0x00, 0x00, 
	0x00, 0x00, 0x00, 0x00, 0x00, 0x00, 0x9c, 0xe7, 
	0xa5, 0x29, 0xa5, 0x29, 0xad, 0x6b, 0xb5, 0xad, 
	0x00, 0x00, 0x00, 0x00, 0x00, 0x00, 0x00, 0x00, 
	0x00, 0x00, 0x00, 0x00, 0x00, 0x00, 0x00, 0x00, 
	0x00, 0x00, 0x00, 0x00, 0x00, 0x00, 0x00, 0x00, 
	0x00, 0x00, 0x00, 0x00, 0x00, 0x00, 0x00, 0x00, 
	0x00, 0x00, 0x00, 0x00, 0x00, 0x00, 0x00, 0x00, 
	0x00, 0x00, 0x00, 0x00, 0x00, 0x00, 0x8c, 0x63, 
	0x94, 0xa5, 0x94, 0xa5, 0xa5, 0x29, 0xad, 0x6b, 
	0xb5, 0xad, 0xbd, 0xef, 0xc6, 0x31, 0xc6, 0x31, 
	0x00, 0x00, 0x00, 0x00, 0x00, 0x00, 0x00, 0x00, 
	0x00, 0x00, 0x00, 0x00, 0x00, 0x00, 0x00, 0x00, 
	0x00, 0x00, 0x00, 0x00, 0x00, 0x00, 0x00, 0x00, 
	0x00, 0x00, 0x00, 0x00, 0x00, 0x00, 0x00, 0x00, 
	0x00, 0x00, 0x00, 0x00, 0x00, 0x00, 0x00, 0x00, 
	0x00, 0x00, 0x84, 0x21, 0x8c, 0x63, 0x94, 0xa5, 
	0x9c, 0xe7, 0xa5, 0x29, 0xad, 0x6b, 0xb5, 0xad, 
	0xbd, 0xef, 0xc6, 0x31, 0xce, 0x73, 0xd6, 0xb5, 
	0x00, 0x00, 0x00, 0x00, 0x00, 0x00, 0x00, 0x00, 
	0x00, 0x00, 0x00, 0x00, 0x00, 0x00, 0x00, 0x00, 
	0x00, 0x00, 0x00, 0x00, 0x00, 0x00, 0x00, 0x00, 
	0x00, 0x00, 0x00, 0x00, 0x00, 0x00, 0x00, 0x00, 
	0x00, 0x00, 0x00, 0x00, 0x00, 0x00, 0x7b, 0xdf, 
	0x84, 0x21, 0x8c, 0x63, 0x94, 0xa5, 0x94, 0xa5, 
	0xa5, 0x29, 0xad, 0x6b, 0xb5, 0xad, 0xbd, 0xef, 
	0xc6, 0x31, 0xce, 0x73, 0xd6, 0xb5, 0xde, 0xf7, 
	0x00, 0x00, 0x00, 0x00, 0x00, 0x00, 0x00, 0x00, 
	0x00, 0x00, 0x00, 0x00, 0x00, 0x00, 0x00, 0x00, 
	0x00, 0x00, 0x00, 0x00, 0x00, 0x00, 0x00, 0x00, 
	0x00, 0x00, 0x00, 0x00, 0x00, 0x00, 0x00, 0x00, 
	0x00, 0x00, 0x00, 0x00, 0x7b, 0xdf, 0x7b, 0xdf, 
	0x84, 0x21, 0x8c, 0x63, 0x94, 0xa5, 0x9c, 0xe7, 
	0xa5, 0x29, 0xb5, 0xad, 0xbd, 0xef, 0xc6, 0x31, 
	0xce, 0x73, 0xd6, 0xb5, 0xde, 0xf7, 0xe7, 0x39, 
	0x00, 0x00, 0x00, 0x00, 0x00, 0x00, 0x00, 0x00, 
	0x00, 0x00, 0x00, 0x00, 0x00, 0x00, 0x00, 0x00, 
	0x00, 0x00, 0x00, 0x00, 0x00, 0x00, 0x00, 0x00, 
	0x00, 0x00, 0x00, 0x00, 0x00, 0x00, 0x00, 0x00, 
	0x73, 0x9d, 0x73, 0x9d, 0x73, 0x9d, 0x84, 0x21, 
	0x8c, 0x63, 0x94, 0xa5, 0x9c, 0xe7, 0xa5, 0x29, 
	0xad, 0x6b, 0xbd, 0xef, 0xc6, 0x31, 0xce, 0x73, 
	0xd6, 0xb5, 0xde, 0xf7, 0xe7, 0x39, 0xef, 0x7b, 
	0x00, 0x00, 0x00, 0x00, 0x00, 0x00, 0x00, 0x00, 
	0x00, 0x00, 0x00, 0x00, 0x00, 0x00, 0x00, 0x00, 
	0x00, 0x00, 0x00, 0x00, 0x00, 0x00, 0x00, 0x00, 
	0x00, 0x00, 0x00, 0x00, 0x00, 0x00, 0x6b, 0x5b, 
	0x6b, 0x5b, 0x73, 0x9d, 0x7b, 0xdf, 0x84, 0x21, 
	0x8c, 0x63, 0x94, 0xa5, 0xa5, 0x29, 0xad, 0x6b, 
	0xb5, 0xad, 0xbd, 0xef, 0xce, 0x73, 0xd6, 0xb5, 
	0xde, 0xf7, 0xde, 0xf7, 0xe7, 0x39, 0xef, 0x7b, 
	0x00, 0x00, 0x00, 0x00, 0x00, 0x00, 0x00, 0x00, 
	0x00, 0x00, 0x00, 0x00, 0x00, 0x00, 0x00, 0x00, 
	0x00, 0x00, 0x00, 0x00, 0x00, 0x00, 0x00, 0x00, 
	0x00, 0x00, 0x00, 0x00, 0x63, 0x19, 0x63, 0x19, 
	0x6b, 0x5b, 0x73, 0x9d, 0x7b, 0xdf, 0x8c, 0x63, 
	0x94, 0xa5, 0x9c, 0xe7, 0xad, 0x6b, 0xb5, 0xad, 
	0xbd, 0xef, 0xc6, 0x31, 0xce, 0x73, 0xd6, 0xb5, 
	0xd6, 0xb5, 0xd6, 0xb5, 0xde, 0xf7, 0xde, 0xf7, 
	0x00, 0x00, 0x00, 0x00, 0x00, 0x00, 0x00, 0x00, 
	0x00, 0x00, 0x00, 0x00, 0x00, 0x00, 0x00, 0x00, 
	0x00, 0x00, 0x00, 0x00, 0x00, 0x00, 0x00, 0x00, 
	0x00, 0x00, 0x00, 0x00, 0x5a, 0xd7, 0x63, 0x19, 
	0x6b, 0x5b, 0x7b, 0xdf, 0x84, 0x21, 0x94, 0xa5, 
	0x9c, 0xe7, 0xa5, 0x29, 0xb5, 0xad, 0xbd, 0xef, 
	0xc6, 0x31, 0xc6, 0x31, 0xce, 0x73, 0xce, 0x73, 
	0xce, 0x73, 0xce, 0x73, 0xce, 0x73, 0xc6, 0x31, 
	0x00, 0x00, 0x00, 0x00, 0x00, 0x00, 0x00, 0x00, 
	0x00, 0x00, 0x00, 0x00, 0x00, 0x00, 0x00, 0x00, 
	0x00, 0x00, 0x00, 0x00, 0x00, 0x00, 0x00, 0x00, 
	0x00, 0x00, 0x52, 0x95, 0x5a, 0xd7, 0x6b, 0x5b, 
	0x73, 0x9d, 0x84, 0x21, 0x8c, 0x63, 0x94, 0xa5, 
	0xa5, 0x29, 0xad, 0x6b, 0xb5, 0xad, 0xbd, 0xef, 
	0xc6, 0x31, 0xc6, 0x31, 0xc6, 0x31, 0xc6, 0x31, 
	0xbd, 0xef, 0xbd, 0xef, 0xbd, 0xef, 0xb5, 0xad, 
	0x00, 0x00, 0x00, 0x00, 0x00, 0x00, 0x00, 0x00, 
	0x00, 0x00, 0x00, 0x00, 0x00, 0x00, 0x00, 0x00, 
	0x00, 0x00, 0x00, 0x00, 0x00, 0x00, 0x00, 0x00, 
	0x4a, 0x53, 0x52, 0x95, 0x63, 0x19, 0x6b, 0x5b, 
	0x7b, 0xdf, 0x8c, 0x63, 0x94, 0xa5, 0x9c, 0xe7, 
	0xad, 0x6b, 0xb5, 0xad, 0xbd, 0xef, 0xbd, 0xef, 
	0xbd, 0xef, 0xbd, 0xef, 0xbd, 0xef, 0xb5, 0xad, 
	0xb5, 0xad, 0xad, 0x6b, 0xad, 0x6b, 0xa5, 0x29, 
	0x00, 0x00, 0x00, 0x00, 0x00, 0x00, 0x00, 0x00, 
	0x00, 0x00, 0x00, 0x00, 0x00, 0x00, 0x00, 0x00, 
	0x00, 0x00, 0x00, 0x00, 0x00, 0x00, 0x00, 0x00, 
	0x42, 0x11, 0x5a, 0xd7, 0x63, 0x19, 0x73, 0x9d, 
	0x84, 0x21, 0x94, 0xa5, 0x9c, 0xe7, 0xa5, 0x29, 
	0xb5, 0xad, 0xb5, 0xad, 0xbd, 0xef, 0xbd, 0xef, 
	0xb5, 0xad, 0xb5, 0xad, 0xad, 0x6b, 0xad, 0x6b, 
	0xa5, 0x29, 0xa5, 0x29, 0x9c, 0xe7, 0xb5, 0xad, 
	0x00, 0x00, 0x00, 0x00, 0x00, 0x00, 0x00, 0x00, 
	0x00, 0x00, 0x00, 0x00, 0x00, 0x00, 0x00, 0x00, 
	0x00, 0x00, 0x00, 0x00, 0x00, 0x00, 0x39, 0xcf, 
	0x4a, 0x53, 0x5a, 0xd7, 0x6b, 0x5b, 0x7b, 0xdf, 
	0x8c, 0x63, 0x94, 0xa5, 0xa5, 0x29, 0xad, 0x6b, 
	0xb5, 0xad, 0xb5, 0xad, 0xb5, 0xad, 0xb5, 0xad, 
	0xad, 0x6b, 0xad, 0x6b, 0xa5, 0x29, 0x9c, 0xe7, 
	0xa5, 0x29, 0xb5, 0xad, 0xc6, 0x31, 0xd6, 0xb5, 
	0x00, 0x00, 0x00, 0x00, 0x00, 0x00, 0x00, 0x00, 
	0x00, 0x00, 0x00, 0x00, 0x00, 0x00, 0x00, 0x00, 
	0x00, 0x00, 0x00, 0x00, 0x21, 0x09, 0x42, 0x11, 
	0x52, 0x95, 0x63, 0x19, 0x73, 0x9d, 0x84, 0x21, 
	0x94, 0xa5, 0x9c, 0xe7, 0xad, 0x6b, 0xb5, 0xad, 
	0xb5, 0xad, 0xb5, 0xad, 0xad, 0x6b, 0xad, 0x6b, 
	0xa5, 0x29, 0xa5, 0x29, 0xa5, 0x29, 0xad, 0x6b, 
	0xc6, 0x31, 0xc6, 0x31, 0xce, 0x73, 0xce, 0x73, 
	0x00, 0x00, 0x00, 0x00, 0x00, 0x00, 0x00, 0x00, 
	0x00, 0x00, 0x00, 0x00, 0x00, 0x00, 0x00, 0x00, 
	0x00, 0x00, 0x00, 0x00, 0x31, 0x8d, 0x42, 0x11, 
	0x5a, 0xd7, 0x6b, 0x5b, 0x7b, 0xdf, 0x8c, 0x63, 
	0x94, 0xa5, 0xa5, 0x29, 0xad, 0x6b, 0xb5, 0xad, 
	0xb5, 0xad, 0xad, 0x6b, 0xad, 0x6b, 0xa5, 0x29, 
	0x9c, 0xe7, 0xad, 0x6b, 0xb5, 0xad, 0xbd, 0xef, 
	0xc6, 0x31, 0xc6, 0x31, 0xc6, 0x31, 0xc6, 0x31, 
	0x00, 0x00, 0x00, 0x00, 0x00, 0x00, 0x00, 0x00, 
	0x00, 0x00, 0x00, 0x00, 0x00, 0x00, 0x00, 0x00, 
	0x00, 0x00, 0x21, 0x09, 0x39, 0xcf, 0x52, 0x95, 
	0x63, 0x19, 0x73, 0x9d, 0x84, 0x21, 0x94, 0xa5, 
	0xa5, 0x29, 0xad, 0x6b, 0xb5, 0xad, 0xb5, 0xad, 
	0xb5, 0xad, 0xad, 0x6b, 0xa5, 0x29, 0xa5, 0x29, 
	0xa5, 0x29, 0xb5, 0xad, 0xbd, 0xef, 0xc6, 0x31, 
	0xc6, 0x31, 0xbd, 0xef, 0xbd, 0xef, 0xbd, 0xef, 
	0x00, 0x00, 0x00, 0x00, 0x00, 0x00, 0x00, 0x00, 
	0x00, 0x00, 0x00, 0x00, 0x00, 0x00, 0x00, 0x00, 
	0x00, 0x00, 0x29, 0x4b, 0x4a, 0x53, 0x5a, 0xd7, 
	0x6b, 0x5b, 0x84, 0x21, 0x94, 0xa5, 0x9c, 0xe7, 
	0xa5, 0x29, 0xb5, 0xad, 0xb5, 0xad, 0xb5, 0xad, 
	0xad, 0x6b, 0xa5, 0x29, 0xa5, 0x29, 0xa5, 0x29, 
	0xb5, 0xad, 0xbd, 0xef, 0xbd, 0xef, 0xbd, 0xef, 
	0xbd, 0xef, 0xb5, 0xad, 0xb5, 0xad, 0xad, 0x6b, 
	0x00, 0x00, 0x00, 0x00, 0x00, 0x00, 0x00, 0x00, 
	0x00, 0x00, 0x00, 0x00, 0x00, 0x00, 0x00, 0x00, 
	0x18, 0xc7, 0x39, 0xcf, 0x52, 0x95, 0x63, 0x19, 
	0x73, 0x9d, 0x8c, 0x63, 0x94, 0xa5, 0xa5, 0x29, 
	0xad, 0x6b, 0xb5, 0xad, 0xb5, 0xad, 0xb5, 0xad, 
	0xad, 0x6b, 0xa5, 0x29, 0xad, 0x6b, 0xad, 0x6b, 
	0xb5, 0xad, 0xbd, 0xef, 0xbd, 0xef, 0xb5, 0xad, 
	0xb5, 0xad, 0xad, 0x6b, 0xa5, 0x29, 0xa5, 0x29, 
	0x00, 0x00, 0x00, 0x00, 0x00, 0x00, 0x00, 0x00, 
	0x00, 0x00, 0x00, 0x00, 0x00, 0x00, 0x00, 0x00, 
	0x21, 0x09, 0x42, 0x11, 0x5a, 0xd7, 0x6b, 0x5b, 
	0x7b, 0xdf, 0x94, 0xa5, 0x9c, 0xe7, 0xad, 0x6b, 
	0xb5, 0xad, 0xb5, 0xad, 0xb5, 0xad, 0xad, 0x6b, 
	0xa5, 0x29, 0xa5, 0x29, 0xad, 0x6b, 0xb5, 0xad, 
	0xb5, 0xad, 0xb5, 0xad, 0xb5, 0xad, 0xad, 0x6b, 
	0xa5, 0x29, 0xa5, 0x29, 0x9c, 0xe7, 0x94, 0xa5, 
	0x00, 0x00, 0x00, 0x00, 0x00, 0x00, 0x00, 0x00, 
	0x00, 0x00, 0x00, 0x00, 0x00, 0x00, 0x00, 0x00, 
	0x31, 0x8d, 0x52, 0x95, 0x63, 0x19, 0x73, 0x9d, 
	0x84, 0x21, 0x94, 0xa5, 0xa5, 0x29, 0xad, 0x6b, 
	0xb5, 0xad, 0xb5, 0xad, 0xb5, 0xad, 0xad, 0x6b, 
	0x9c, 0xe7, 0xad, 0x6b, 0xb5, 0xad, 0xb5, 0xad, 
	0xb5, 0xad, 0xb5, 0xad, 0xad, 0x6b, 0xa5, 0x29, 
	0x9c, 0xe7, 0x94, 0xa5, 0x94, 0xa5, 0x94, 0xa5, 
	0x00, 0x00, 0x00, 0x00, 0x00, 0x00, 0x00, 0x00, 
	0x00, 0x00, 0x00, 0x00, 0x00, 0x00, 0x21, 0x09, 
	0x42, 0x11, 0x5a, 0xd7, 0x6b, 0x5b, 0x7b, 0xdf, 
	0x8c, 0x63, 0x9c, 0xe7, 0xa5, 0x29, 0xb5, 0xad, 
	0xb5, 0xad, 0xb5, 0xad, 0xad, 0x6b, 0x9c, 0xe7, 
	0xa5, 0x29, 0xad, 0x6b, 0xb5, 0xad, 0xb5, 0xad, 
	0xb5, 0xad, 0xad, 0x6b, 0xa5, 0x29, 0x9c, 0xe7, 
	0x94, 0xa5, 0x94, 0xa5, 0x8c, 0x63, 0x84, 0x21, 
	0x00, 0x00, 0x00, 0x00, 0x00, 0x00, 0x00, 0x00, 
	0x00, 0x00, 0x00, 0x00, 0x00, 0x00, 0x29, 0x4b, 
	0x4a, 0x53, 0x63, 0x19, 0x73, 0x9d, 0x84, 0x21, 
	0x94, 0xa5, 0x9c, 0xe7, 0xad, 0x6b, 0xb5, 0xad, 
	0xb5, 0xad, 0xad, 0x6b, 0x9c, 0xe7, 0xa5, 0x29, 
	0xad, 0x6b, 0xb5, 0xad, 0xb5, 0xad, 0xad, 0x6b, 
	0xad, 0x6b, 0xa5, 0x29, 0x9c, 0xe7, 0x94, 0xa5, 
	0x94, 0xa5, 0x8c, 0x63, 0x7b, 0xdf, 0x73, 0x9d, 
	0x00, 0x00, 0x00, 0x00, 0x00, 0x00, 0x00, 0x00, 
	0x00, 0x00, 0x00, 0x00, 0x18, 0xc7, 0x39, 0xcf, 
	0x52, 0x95, 0x6b, 0x5b, 0x7b, 0xdf, 0x8c, 0x63, 
	0x94, 0xa5, 0xa5, 0x29, 0xb5, 0xad, 0xb5, 0xad, 
	0xb5, 0xad, 0x94, 0xa5, 0x9c, 0xe7, 0xa5, 0x29, 
	0xad, 0x6b, 0xb5, 0xad, 0xb5, 0xad, 0xad, 0x6b, 
	0xa5, 0x29, 0x9c, 0xe7, 0x94, 0xa5, 0x94, 0xa5, 
	0x84, 0x21, 0x7b, 0xdf, 0x6b, 0x5b, 0x63, 0x19, 
	0x00, 0x00, 0x00, 0x00, 0x00, 0x00, 0x00, 0x00, 
	0x00, 0x00, 0x00, 0x00, 0x21, 0x09, 0x4a, 0x53, 
	0x5a, 0xd7, 0x73, 0x9d, 0x84, 0x21, 0x94, 0xa5, 
	0x9c, 0xe7, 0xad, 0x6b, 0xb5, 0xad, 0xb5, 0xad, 
	0xad, 0x6b, 0x94, 0xa5, 0xa5, 0x29, 0xad, 0x6b, 
	0xb5, 0xad, 0xb5, 0xad, 0xad, 0x6b, 0xa5, 0x29, 
	0x9c, 0xe7, 0x94, 0xa5, 0x94, 0xa5, 0x84, 0x21, 
	0x73, 0x9d, 0x63, 0x19, 0x73, 0x9d, 0x63, 0x19, 
	0x00, 0x00, 0x00, 0x00, 0x00, 0x00, 0x00, 0x00, 
	0x00, 0x00, 0x00, 0x00, 0x31, 0x8d, 0x52, 0x95, 
	0x63, 0x19, 0x7b, 0xdf, 0x8c, 0x63, 0x94, 0xa5, 
	0xa5, 0x29, 0xb5, 0xad, 0xb5, 0xad, 0xad, 0x6b, 
	0x9c, 0xe7, 0x9c, 0xe7, 0xa5, 0x29, 0xad, 0x6b, 
	0xad, 0x6b, 0xad, 0x6b, 0xa5, 0x29, 0x9c, 0xe7, 
	0x94, 0xa5, 0x94, 0xa5, 0x84, 0x21, 0x73, 0x9d, 
	0x7b, 0xdf, 0x73, 0x9d, 0x94, 0xa5, 0xc6, 0x31, 
	0x00, 0x00, 0x00, 0x00, 0x00, 0x00, 0x00, 0x00, 
	0x00, 0x00, 0x18, 0xc7, 0x39, 0xcf, 0x5a, 0xd7, 
	0x6b, 0x5b, 0x7b, 0xdf, 0x8c, 0x63, 0x9c, 0xe7, 
	0xad, 0x6b, 0xb5, 0xad, 0xbd, 0xef, 0x9c, 0xe7, 
	0x94, 0xa5, 0xa5, 0x29, 0xad, 0x6b, 0xad, 0x6b, 
	0xad, 0x6b, 0xad, 0x6b, 0xa5, 0x29, 0x94, 0xa5, 
	0x94, 0xa5, 0x84, 0x21, 0x84, 0x21, 0x73, 0x9d, 
	0x94, 0xa5, 0xc6, 0x31, 0xce, 0x73, 0xce, 0x73, 
	0x00, 0x00, 0x00, 0x00, 0x00, 0x00, 0x00, 0x00, 
	0x00, 0x00, 0x21, 0x09, 0x42, 0x11, 0x63, 0x19, 
	0x73, 0x9d, 0x84, 0x21, 0x94, 0xa5, 0x9c, 0xe7, 
	0xad, 0x6b, 0xb5, 0xad, 0xad, 0x6b, 0x94, 0xa5, 
	0x9c, 0xe7, 0xa5, 0x29, 0xad, 0x6b, 0xad, 0x6b, 
	0xad, 0x6b, 0xa5, 0x29, 0x9c, 0xe7, 0x94, 0xa5, 
	0x8c, 0x63, 0x84, 0x21, 0x73, 0x9d, 0xad, 0x6b, 
	0xbd, 0xef, 0xbd, 0xef, 0xc6, 0x31, 0xc6, 0x31, 
	0x00, 0x00, 0x00, 0x00, 0x00, 0x00, 0x00, 0x00, 
	0x00, 0x00, 0x29, 0x4b, 0x52, 0x95, 0x63, 0x19, 
	0x7b, 0xdf, 0x8c, 0x63, 0x94, 0xa5, 0xa5, 0x29, 
	0xb5, 0xad, 0xbd, 0xef, 0x94, 0xa5, 0x9c, 0xe7, 
	0xa5, 0x29, 0xad, 0x6b, 0xad, 0x6b, 0xad, 0x6b, 
	0xa5, 0x29, 0x9c, 0xe7, 0x94, 0xa5, 0x94, 0xa5, 
	0x84, 0x21, 0x94, 0xa5, 0xad, 0x6b, 0xad, 0x6b, 
	0xb5, 0xad, 0xb5, 0xad, 0xb5, 0xad, 0xbd, 0xef, 
	0x00, 0x00, 0x00, 0x00, 0x00, 0x00, 0x00, 0x00, 
	0x18, 0xc7, 0x39, 0xcf, 0x5a, 0xd7, 0x6b, 0x5b, 
	0x7b, 0xdf, 0x94, 0xa5, 0x9c, 0xe7, 0xad, 0x6b, 
	0xb5, 0xad, 0xa5, 0x29, 0x94, 0xa5, 0x9c, 0xe7, 
	0xa5, 0x29, 0xad, 0x6b, 0xad, 0x6b, 0xa5, 0x29, 
	0x9c, 0xe7, 0x94, 0xa5, 0x9c, 0xe7, 0x94, 0xa5, 
	0x84, 0x21, 0x94, 0xa5, 0x9c, 0xe7, 0x9c, 0xe7, 
	0xa5, 0x29, 0xad, 0x6b, 0xad, 0x6b, 0xad, 0x6b, 
	0x00, 0x00, 0x00, 0x00, 0x00, 0x00, 0x00, 0x00, 
	0x21, 0x09, 0x42, 0x11, 0x5a, 0xd7, 0x73, 0x9d, 
	0x84, 0x21, 0x94, 0xa5, 0x9c, 0xe7, 0xad, 0x6b, 
	0xb5, 0xad, 0x94, 0xa5, 0x94, 0xa5, 0xa5, 0x29, 
	0xad, 0x6b, 0xad, 0x6b, 0xad, 0x6b, 0xa5, 0x29, 
	0x9c, 0xe7, 0xad, 0x6b, 0xce, 0x73, 0xef, 0x7b, 
	0xe7, 0x39, 0xd6, 0xb5, 0xc6, 0x31, 0xa5, 0x29, 
	0x9c, 0xe7, 0x9c, 0xe7, 0x9c, 0xe7, 0xa5, 0x29, 
	0x00, 0x00, 0x00, 0x00, 0x00, 0x00, 0x00, 0x00, 
	0x29, 0x4b, 0x4a, 0x53, 0x63, 0x19, 0x7b, 0xdf, 
	0x8c, 0x63, 0x94, 0xa5, 0xa5, 0x29, 0xb5, 0xad, 
	0xad, 0x6b, 0x94, 0xa5, 0x9c, 0xe7, 0xa5, 0x29, 
	0xad, 0x6b, 0xad, 0x6b, 0xa5, 0x29, 0x9c, 0xe7, 
	0xad, 0x6b, 0xe7, 0x39, 0xf7, 0xbd, 0xf7, 0xbd, 
	0xf7, 0xbd, 0xf7, 0xbd, 0xf7, 0xbd, 0xef, 0x7b, 
	0xbd, 0xef, 0x94, 0xa5, 0x8c, 0x63, 0x94, 0xa5, 
	0x00, 0x00, 0x00, 0x00, 0x00, 0x00, 0x00, 0x00, 
	0x29, 0x4b, 0x52, 0x95, 0x6b, 0x5b, 0x7b, 0xdf, 
	0x8c, 0x63, 0x94, 0xa5, 0xa5, 0x29, 0xb5, 0xad, 
	0x94, 0xa5, 0x94, 0xa5, 0xa5, 0x29, 0xa5, 0x29, 
	0xad, 0x6b, 0xad, 0x6b, 0x9c, 0xe7, 0xa5, 0x29, 
	0xd6, 0xb5, 0xde, 0xf7, 0xe7, 0x39, 0xef, 0x7b, 
	0xef, 0x7b, 0xf7, 0xbd, 0xf7, 0xbd, 0xf7, 0xbd, 
	0xf7, 0xbd, 0xb5, 0xad, 0x73, 0x9d, 0x73, 0x9d, 
	0x00, 0x00, 0x00, 0x00, 0x00, 0x00, 0x00, 0x00, 
	0x39, 0xcf, 0x5a, 0xd7, 0x73, 0x9d, 0x84, 0x21, 
	0x94, 0xa5, 0x9c, 0xe7, 0xad, 0x6b, 0xad, 0x6b, 
	0x94, 0xa5, 0x9c, 0xe7, 0xa5, 0x29, 0xad, 0x6b, 
	0xad, 0x6b, 0xa5, 0x29, 0x9c, 0xe7, 0xc6, 0x31, 
	0xce, 0x73, 0xce, 0x73, 0xd6, 0xb5, 0xd6, 0xb5, 
	0xde, 0xf7, 0xe7, 0x39, 0xe7, 0x39, 0xef, 0x7b, 
	0xf7, 0xbd, 0xf7, 0xbd, 0x9c, 0xe7, 0x84, 0x21, 
	0x00, 0x00, 0x00, 0x00, 0x00, 0x00, 0x21, 0x09, 
	0x42, 0x11, 0x63, 0x19, 0x73, 0x9d, 0x84, 0x21, 
	0x94, 0xa5, 0xa5, 0x29, 0xad, 0x6b, 0x9c, 0xe7, 
	0x94, 0xa5, 0x9c, 0xe7, 0xa5, 0x29, 0xad, 0x6b, 
	0xa5, 0x29, 0xa5, 0x29, 0xb5, 0xad, 0xb5, 0xad, 
	0xbd, 0xef, 0xbd, 0xef, 0xc6, 0x31, 0xc6, 0x31, 
	0xce, 0x73, 0xce, 0x73, 0xd6, 0xb5, 0xd6, 0xb5, 
	0xde, 0xf7, 0xde, 0xf7, 0xde, 0xf7, 0xe7, 0x39, 
	0x00, 0x00, 0x00, 0x00, 0x00, 0x00, 0x21, 0x09, 
	0x4a, 0x53, 0x63, 0x19, 0x7b, 0xdf, 0x8c, 0x63, 
	0x94, 0xa5, 0xa5, 0x29, 0xa5, 0x29, 0x94, 0xa5, 
	0x9c, 0xe7, 0xa5, 0x29, 0xa5, 0x29, 0xad, 0x6b, 
	0xa5, 0x29, 0xa5, 0x29, 0xa5, 0x29, 0xa5, 0x29, 
	0xad, 0x6b, 0xad, 0x6b, 0xb5, 0xad, 0xb5, 0xad, 
	0xbd, 0xef, 0xbd, 0xef, 0xbd, 0xef, 0xbd, 0xef, 
	0xbd, 0xef, 0xa5, 0x29, 0xd6, 0xb5, 0xd6, 0xb5, 
	0x00, 0x00, 0x00, 0x00, 0x00, 0x00, 0x29, 0x4b, 
	0x52, 0x95, 0x6b, 0x5b, 0x7b, 0xdf, 0x94, 0xa5, 
	0x94, 0xa5, 0xa5, 0x29, 0xa5, 0x29, 0x94, 0xa5, 
	0x9c, 0xe7, 0xa5, 0x29, 0xad, 0x6b, 0xa5, 0x29, 
	0x9c, 0xe7, 0x7b, 0xdf, 0x8c, 0x63, 0x94, 0xa5, 
	0x94, 0xa5, 0x9c, 0xe7, 0x9c, 0xe7, 0x9c, 0xe7, 
	0x9c, 0xe7, 0x9c, 0xe7, 0x9c, 0xe7, 0x94, 0xa5, 
	0x7b, 0xdf, 0xb5, 0xad, 0xc6, 0x31, 0xc6, 0x31, 
	0x00, 0x00, 0x00, 0x00, 0x00, 0x00, 0x31, 0x8d, 
	0x52, 0x95, 0x73, 0x9d, 0x84, 0x21, 0x94, 0xa5, 
	0x9c, 0xe7, 0xad, 0x6b, 0x94, 0xa5, 0x94, 0xa5, 
	0x9c, 0xe7, 0xa5, 0x29, 0xad, 0x6b, 0xa5, 0x29, 
	0x8c, 0x63, 0x4a, 0x53, 0x5a, 0xd7, 0x63, 0x19, 
	0x6b, 0x5b, 0x73, 0x9d, 0x73, 0x9d, 0x73, 0x9d, 
	0x6b, 0x5b, 0x63, 0x19, 0x5a, 0xd7, 0x5a, 0xd7, 
	0xad, 0x6b, 0xb5, 0xad, 0xb5, 0xad, 0xb5, 0xad, 
	0x00, 0x00, 0x00, 0x00, 0x00, 0x00, 0x31, 0x8d, 
	0x5a, 0xd7, 0x73, 0x9d, 0x84, 0x21, 0x94, 0xa5, 
	0x9c, 0xe7, 0xa5, 0x29, 0x94, 0xa5, 0x9c, 0xe7, 
	0xa5, 0x29, 0xa5, 0x29, 0xa5, 0x29, 0xa5, 0x29, 
	0x7b, 0xdf, 0x52, 0x95, 0x4a, 0x53, 0x4a, 0x53, 
	0x4a, 0x53, 0x4a, 0x53, 0x42, 0x11, 0x42, 0x11, 
	0x42, 0x11, 0x42, 0x11, 0x6b, 0x5b, 0x94, 0xa5, 
	0x9c, 0xe7, 0x9c, 0xe7, 0xa5, 0x29, 0xa5, 0x29, 
	0x00, 0x00, 0x00, 0x00, 0x18, 0xc7, 0x39, 0xcf, 
	0x63, 0x19, 0x7b, 0xdf, 0x8c, 0x63, 0x94, 0xa5, 
	0xa5, 0x29, 0x94, 0xa5, 0x94, 0xa5, 0x9c, 0xe7, 
	0xa5, 0x29, 0xa5, 0x29, 0xa5, 0x29, 0xb5, 0xad, 
	0x94, 0xa5, 0x84, 0x21, 0x73, 0x9d, 0x6b, 0x5b, 
	0x5a, 0xd7, 0x4a, 0x53, 0x4a, 0x53, 0x4a, 0x53, 
	0x4a, 0x53, 0x7b, 0xdf, 0x84, 0x21, 0x8c, 0x63, 
	0x8c, 0x63, 0x8c, 0x63, 0x94, 0xa5, 0x94, 0xa5, 
	0x00, 0x00, 0x00, 0x00, 0x21, 0x09, 0x42, 0x11, 
	0x63, 0x19, 0x7b, 0xdf, 0x8c, 0x63, 0x94, 0xa5, 
	0xa5, 0x29, 0x94, 0xa5, 0x94, 0xa5, 0x9c, 0xe7, 
	0xa5, 0x29, 0xa5, 0x29, 0xad, 0x6b, 0xd6, 0xb5, 
	0xd6, 0xb5, 0xde, 0xf7, 0xe7, 0x39, 0xef, 0x7b, 
	0xf7, 0xbd, 0xef, 0x7b, 0xd6, 0xb5, 0x8c, 0x63, 
	0x4a, 0x53, 0x5a, 0xd7, 0x63, 0x19, 0x63, 0x19, 
	0x6b, 0x5b, 0x6b, 0x5b, 0x73, 0x9d, 0x73, 0x9d, 
	0x00, 0x00, 0x00, 0x00, 0x21, 0x09, 0x4a, 0x53, 
	0x6b, 0x5b, 0x7b, 0xdf, 0x94, 0xa5, 0x94, 0xa5, 
	0x94, 0xa5, 0x94, 0xa5, 0x9c, 0xe7, 0xa5, 0x29, 
	0xa5, 0x29, 0xa5, 0x29, 0xa5, 0x29, 0xbd, 0xef, 
	0xc6, 0x31, 0xce, 0x73, 0xce, 0x73, 0xd6, 0xb5, 
	0xde, 0xf7, 0xef, 0x7b, 0xf7, 0xbd, 0xce, 0x73, 
	0x42, 0x11, 0x42, 0x11, 0x39, 0xcf, 0x42, 0x11, 
	0x42, 0x11, 0x4a, 0x53, 0x4a, 0x53, 0x4a, 0x53, 
	0x00, 0x00, 0x00, 0x00, 0x29, 0x4b, 0x52, 0x95, 
	0x6b, 0x5b, 0x84, 0x21, 0x94, 0xa5, 0x9c, 0xe7, 
	0x94, 0xa5, 0x94, 0xa5, 0x9c, 0xe7, 0xa5, 0x29, 
	0xa5, 0x29, 0xa5, 0x29, 0xa5, 0x29, 0xad, 0x6b, 
	0xb5, 0xad, 0xb5, 0xad, 0xbd, 0xef, 0xc6, 0x31, 
	0xce, 0x73, 0xce, 0x73, 0xd6, 0xb5, 0xce, 0x73, 
	0xbd, 0xef, 0xad, 0x6b, 0x9c, 0xe7, 0x8c, 0x63, 
	0x8c, 0x63, 0x7b, 0xdf, 0x73, 0x9d, 0x6b, 0x5b, 
	0x00, 0x00, 0x00, 0x00, 0x29, 0x4b, 0x52, 0x95, 
	0x73, 0x9d, 0x84, 0x21, 0x94, 0xa5, 0x94, 0xa5, 
	0x94, 0xa5, 0x94, 0xa5, 0x9c, 0xe7, 0xa5, 0x29, 
	0xa5, 0x29, 0x94, 0xa5, 0x8c, 0x63, 0x94, 0xa5, 
	0x9c, 0xe7, 0xa5, 0x29, 0xad, 0x6b, 0xad, 0x6b, 
	0xb5, 0xad, 0xb5, 0xad, 0xad, 0x6b, 0xb5, 0xad, 
	0xb5, 0xad, 0xbd, 0xef, 0xbd, 0xef, 0xbd, 0xef, 
	0xbd, 0xef, 0xc6, 0x31, 0xc6, 0x31, 0xc6, 0x31, 
	0x00, 0x00, 0x00, 0x00, 0x29, 0x4b, 0x5a, 0xd7, 
	0x73, 0x9d, 0x84, 0x21, 0x94, 0xa5, 0x94, 0xa5, 
	0x94, 0xa5, 0x94, 0xa5, 0x9c, 0xe7, 0xa5, 0x29, 
	0xa5, 0x29, 0x52, 0x95, 0x5a, 0xd7, 0x73, 0x9d, 
	0x84, 0x21, 0x8c, 0x63, 0x94, 0xa5, 0x94, 0xa5, 
	0x94, 0xa5, 0x7b, 0xdf, 0x9c, 0xe7, 0xa5, 0x29, 
	0xa5, 0x29, 0xa5, 0x29, 0xad, 0x6b, 0xad, 0x6b, 
	0xad, 0x6b, 0xad, 0x6b, 0xad, 0x6b, 0xad, 0x6b, 
	0x00, 0x00, 0x00, 0x00, 0x29, 0x4b, 0x5a, 0xd7, 
	0x73, 0x9d, 0x8c, 0x63, 0x94, 0xa5, 0x94, 0xa5, 
	0x94, 0xa5, 0x9c, 0xe7, 0xa5, 0x29, 0xa5, 0x29, 
	0x8c, 0x63, 0x4a, 0x53, 0x4a, 0x53, 0x42, 0x11, 
	0x42, 0x11, 0x4a, 0x53, 0x4a, 0x53, 0x52, 0x95, 
	0x42, 0x11, 0x52, 0x95, 0x94, 0xa5, 0x94, 0xa5, 
	0x94, 0xa5, 0x94, 0xa5, 0x94, 0xa5, 0x94, 0xa5, 
	0x94, 0xa5, 0x94, 0xa5, 0x94, 0xa5, 0x94, 0xa5, 
	0x00, 0x00, 0x00, 0x00, 0x31, 0x8d, 0x5a, 0xd7, 
	0x7b, 0xdf, 0x8c, 0x63, 0x94, 0xa5, 0x94, 0xa5, 
	0x94, 0xa5, 0x9c, 0xe7, 0xa5, 0x29, 0xa5, 0x29, 
	0x52, 0x95, 0x4a, 0x53, 0x4a, 0x53, 0x4a, 0x53, 
	0x4a, 0x53, 0x39, 0xcf, 0x39, 0xcf, 0x39, 0xcf, 
	0x42, 0x11, 0x73, 0x9d, 0x73, 0x9d, 0x73, 0x9d, 
	0x7b, 0xdf, 0x7b, 0xdf, 0x7b, 0xdf, 0x7b, 0xdf, 
	0x7b, 0xdf, 0x7b, 0xdf, 0x73, 0x9d, 0x63, 0x19, 
	0x00, 0x00, 0x00, 0x00, 0x31, 0x8d, 0x5a, 0xd7, 
	0x7b, 0xdf, 0x8c, 0x63, 0x94, 0xa5, 0x94, 0xa5, 
	0x94, 0xa5, 0x9c, 0xe7, 0xa5, 0x29, 0xad, 0x6b, 
	0xa5, 0x29, 0x73, 0x9d, 0x63, 0x19, 0x4a, 0x53, 
	0x4a, 0x53, 0x42, 0x11, 0x42, 0x11, 0x39, 0xcf, 
	0x42, 0x11, 0x42, 0x11, 0x42, 0x11, 0x42, 0x11, 
	0x4a, 0x53, 0x4a, 0x53, 0x42, 0x11, 0x42, 0x11, 
	0x39, 0xcf, 0x39, 0xcf, 0x31, 0x8d, 0x00, 0x00, 
	0x00, 0x00, 0x00, 0x00, 0x31, 0x8d, 0x63, 0x19, 
	0x7b, 0xdf, 0x8c, 0x63, 0x94, 0xa5, 0x94, 0xa5, 
	0x94, 0xa5, 0x9c, 0xe7, 0xa5, 0x29, 0xa5, 0x29, 
	0xb5, 0xad, 0xb5, 0xad, 0xb5, 0xad, 0xad, 0x6b, 
	0x9c, 0xe7, 0x7b, 0xdf, 0x73, 0x9d, 0x73, 0x9d, 
	0x5a, 0xd7, 0x52, 0x95, 0x42, 0x11, 0x4a, 0x53, 
	0x42, 0x11, 0x42, 0x11, 0x4a, 0x53, 0x4a, 0x53, 
	0x00, 0x00, 0x00, 0x00, 0x00, 0x00, 0x00, 0x00, 
	0x00, 0x00, 0x00, 0x00, 0x31, 0x8d, 0x63, 0x19, 
	0x7b, 0xdf, 0x8c, 0x63, 0x8c, 0x63, 0x94, 0xa5, 
	0x94, 0xa5, 0x9c, 0xe7, 0x94, 0xa5, 0x94, 0xa5, 
	0x94, 0xa5, 0x9c, 0xe7, 0x9c, 0xe7, 0x9c, 0xe7, 
	0x94, 0xa5, 0xbd, 0xef, 0xc6, 0x31, 0xce, 0x73, 
	0xce, 0x73, 0xce, 0x73, 0xbd, 0xef, 0xad, 0x6b, 
	0xa5, 0x29, 0x94, 0xa5, 0x94, 0xa5, 0x73, 0x9d, 
	0x00, 0x00, 0x00, 0x00, 0x00, 0x00, 0x00, 0x00, 
	0x00, 0x00, 0x00, 0x00, 0x31, 0x8d, 0x63, 0x19, 
	0x7b, 0xdf, 0x8c, 0x63, 0x8c, 0x63, 0x94, 0xa5, 
	0x9c, 0xe7, 0x9c, 0xe7, 0x5a, 0xd7, 0x63, 0x19, 
	0x63, 0x19, 0x63, 0x19, 0x5a, 0xd7, 0x5a, 0xd7, 
	0x9c, 0xe7, 0xad, 0x6b, 0xad, 0x6b, 0xb5, 0xad, 
	0xb5, 0xad, 0xbd, 0xef, 0xbd, 0xef, 0xbd, 0xef, 
	0xbd, 0xef, 0xbd, 0xef, 0xbd, 0xef, 0xad, 0x6b, 
	0x00, 0x00, 0x00, 0x00, 0x00, 0x00, 0x00, 0x00, 
	0x00, 0x00, 0x00, 0x00, 0x31, 0x8d, 0x63, 0x19, 
	0x7b, 0xdf, 0x8c, 0x63, 0x94, 0xa5, 0x94, 0xa5, 
	0x9c, 0xe7, 0x6b, 0x5b, 0x31, 0x8d, 0x31, 0x8d, 
	0x39, 0xcf, 0x39, 0xcf, 0x52, 0x95, 0x8c, 0x63, 
	0x94, 0xa5, 0x94, 0xa5, 0x94, 0xa5, 0x94, 0xa5, 
	0x9c, 0xe7, 0x9c, 0xe7, 0x9c, 0xe7, 0x9c, 0xe7, 
	0x9c, 0xe7, 0x94, 0xa5, 0x8c, 0x63, 0x00, 0x00, 
	0x00, 0x00, 0x00, 0x00, 0x00, 0x00, 0x00, 0x00, 
	0x00, 0x00, 0x00, 0x00, 0x29, 0x4b, 0x5a, 0xd7, 
	0x7b, 0xdf, 0x8c, 0x63, 0x94, 0xa5, 0x94, 0xa5, 
	0x94, 0xa5, 0x39, 0xcf, 0x21, 0x09, 0x29, 0x4b, 
	0x31, 0x8d, 0x39, 0xcf, 0x63, 0x19, 0x6b, 0x5b, 
	0x73, 0x9d, 0x73, 0x9d, 0x7b, 0xdf, 0x7b, 0xdf, 
	0x7b, 0xdf, 0x7b, 0xdf, 0x7b, 0xdf, 0x73, 0x9d, 
	0x63, 0x19, 0x4a, 0x53, 0x00, 0x00, 0x00, 0x00, 
	0x00, 0x00, 0x00, 0x00, 0x00, 0x00, 0x00, 0x00, 
	0x00, 0x00, 0x00, 0x00, 0x00, 0x00, 0x5a, 0xd7, 
	0x7b, 0xdf, 0x8c, 0x63, 0x94, 0xa5, 0x94, 0xa5, 
	0x84, 0x21, 0x00, 0x00, 0x00, 0x00, 0x00, 0x00, 
	0x21, 0x09, 0x21, 0x09, 0x31, 0x8d, 0x31, 0x8d, 
	0x39, 0xcf, 0x39, 0xcf, 0x39, 0xcf, 0x42, 0x11, 
	0x39, 0xcf, 0x39, 0xcf, 0x39, 0xcf, 0x29, 0x4b, 
	0x00, 0x00, 0x00, 0x00, 0x00, 0x00, 0x00, 0x00, 
	0x00, 0x00, 0x00, 0x00, 0x00, 0x00, 0x00, 0x00, 
	0x00, 0x00, 0x00, 0x00, 0x00, 0x00, 0x5a, 0xd7, 
	0x7b, 0xdf, 0x8c, 0x63, 0x94, 0xa5, 0x8c, 0x63, 
	0x00, 0x00, 0x00, 0x00, 0x00, 0x00, 0x00, 0x00, 
	0x00, 0x00, 0x00, 0x00, 0x00, 0x00, 0x00, 0x00, 
	0x00, 0x00, 0x00, 0x00, 0x00, 0x00, 0x00, 0x00, 
	0x00, 0x00, 0x00, 0x00, 0x00, 0x00, 0x00, 0x00, 
	0x00, 0x00, 0x00, 0x00, 0x00, 0x00, 0x00, 0x00, 
	0x00, 0x00, 0x00, 0x00, 0x00, 0x00, 0x00, 0x00, 
	0x00, 0x00, 0x00, 0x00, 0x00, 0x00, 0x5a, 0xd7, 
	0x84, 0x21, 0x8c, 0x63, 0x84, 0x21, 0x00, 0x00, 
	0x00, 0x00, 0x00, 0x00, 0x00, 0x00, 0x00, 0x00, 
	0x00, 0x00, 0x00, 0x00, 0x00, 0x00, 0x00, 0x00, 
	0x00, 0x00, 0x00, 0x00, 0x00, 0x00, 0x00, 0x00, 
	0x00, 0x00, 0x00, 0x00, 0x00, 0x00, 0x00, 0x00, 
	0x00, 0x00, 0x00, 0x00, 0x00, 0x00, 0x00, 0x00, 
	0x00, 0x00, 0x00, 0x00, 0x00, 0x00, 0x00, 0x00, 
	0x00, 0x00, 0x00, 0x00, 0x00, 0x00, 0x00, 0x00, 
	0x84, 0x21, 0x7b, 0xdf, 0x00, 0x00, 0x00, 0x00, 
	0x00, 0x00, 0x00, 0x00, 0x00, 0x00, 0x00, 0x00, 
	0x00, 0x00, 0x00, 0x00, 0x00, 0x00, 0x00, 0x00, 
	0x00, 0x00, 0x00, 0x00, 0x00, 0x00, 0x00, 0x00, 
	0x00, 0x00, 0x00, 0x00, 0x00, 0x00, 0x00, 0x00, 
	0x00, 0x00, 0x00, 0x00, 0x00, 0x00, 0x00, 0x00, 
	0x00, 0x00, 0x00, 0x00, 0x00, 0x00, 0x00, 0x00, 
	0x00, 0x00, 0x00, 0x00, 0x00, 0x00, 0x00, 0x00, 
	0x00, 0x00, 0x00, 0x00, 0x00, 0x00, 0x00, 0x00, 
	0x00, 0x00, 0x00, 0x00, 0x00, 0x00, 0x00, 0x00, 
	0x00, 0x00, 0x00, 0x00, 0x00, 0x00, 0x00, 0x00, 
	0x00, 0x00, 0x00, 0x00, 0x00, 0x00, 0x00, 0x00, 
	0x00, 0x00, 0x00, 0x00, 0x00, 0x00, 0x00, 0x00, 
	0x00, 0x00, 0x00, 0x00, 0x00, 0x00, 0x00, 0x00, 
	0x00, 0x00, 0x00, 0x00, 0x00, 0x00, 0x00, 0x00, 
	0x00, 0x00, 0x00, 0x00, 0x00, 0x00, 0x00, 0x00, 
	0x00, 0x00, 0x00, 0x00, 0x00, 0x00, 0x00, 0x00, 
	0x00, 0x00, 0x00, 0x00, 0x00, 0x00, 0x00, 0x00, 
	0x00, 0x00, 0x00, 0x00, 0x00, 0x00, 0x00, 0x00, 
	0x00, 0x00, 0x00, 0x00, 0x00, 0x00, 0x00, 0x00, 
	0x00, 0x00, 0x00, 0x00, 0x00, 0x00, 0x00, 0x00, 
	0x00, 0x00, 0x00, 0x00, 0x00, 0x00, 0x00, 0x00, 
	0x00, 0x00, 0x00, 0x00, 0x00, 0x00, 0x00, 0x00, 
	
};

Vtx mario_000_offset_mesh_layer_1_vtx_0[28] = {
	{{{50, 16, 51},0, {298, 509},{0xC3, 0x47, 0x56, 0xFF}}},
	{{{52, 30, 26},0, {393, 476},{0xBA, 0x68, 0x16, 0xFF}}},
	{{{45, 28, 13},0, {442, 479},{0xB4, 0x66, 0x5, 0xFF}}},
	{{{19, -6, 0},0, {491, 560},{0x88, 0x2A, 0x0, 0xFF}}},
	{{{43, 27, 0},0, {491, 483},{0xB6, 0x67, 0x0, 0xFF}}},
	{{{45, 28, -13},0, {542, 479},{0xB4, 0x66, 0xFB, 0xFF}}},
	{{{52, 30, -26},0, {589, 476},{0xBA, 0x68, 0xEA, 0xFF}}},
	{{{50, 16, -51},0, {686, 509},{0xC3, 0x47, 0xAA, 0xFF}}},
	{{{58, -31, 18},0, {426, 616},{0xDA, 0x8A, 0x1D, 0xFF}}},
	{{{35, -33, 13},0, {442, 620},{0x10, 0xB3, 0x64, 0xFF}}},
	{{{51, -36, 0},0, {491, 627},{0x11, 0x82, 0x0, 0xFF}}},
	{{{27, -57, 0},0, {491, 674},{0x68, 0xB8, 0xF5, 0xFF}}},
	{{{18, -51, 12},0, {447, 662},{0xDD, 0xD8, 0x73, 0xFF}}},
	{{{21, -77, 0},0, {491, 723},{0x79, 0xE3, 0xE7, 0xFF}}},
	{{{17, -76, 4},0, {475, 718},{0xFD, 0xE3, 0x7C, 0xFF}}},
	{{{13, -74, 0},0, {491, 713},{0x93, 0xF8, 0x41, 0xFF}}},
	{{{12, -47, 0},0, {491, 653},{0x84, 0x4, 0x1A, 0xFF}}},
	{{{13, -74, 0},0, {491, 713},{0x93, 0xF8, 0x41, 0xFF}}},
	{{{18, -51, 12},0, {447, 662},{0xDD, 0xD8, 0x73, 0xFF}}},
	{{{11, -51, -12},0, {537, 662},{0xB2, 0xE0, 0xA1, 0xFF}}},
	{{{11, -76, -4},0, {510, 718},{0x9D, 0xDE, 0xB8, 0xFF}}},
	{{{21, -77, 0},0, {491, 723},{0x79, 0xE3, 0xE7, 0xFF}}},
	{{{27, -57, 0},0, {491, 674},{0x68, 0xB8, 0xF5, 0xFF}}},
	{{{35, -33, -13},0, {542, 620},{0xD, 0xB2, 0x9C, 0xFF}}},
	{{{51, -36, 0},0, {491, 627},{0x11, 0x82, 0x0, 0xFF}}},
	{{{58, -31, -18},0, {558, 616},{0xDA, 0x8A, 0xE3, 0xFF}}},
	{{{19, -108, 0},0, {491, 792},{0x9, 0x81, 0x0, 0xFF}}},
	{{{17, -76, 4},0, {475, 718},{0xFD, 0xE3, 0x7C, 0xFF}}},
};

Gfx mario_000_offset_mesh_layer_1_tri_0[] = {
	gsSPVertex(mario_000_offset_mesh_layer_1_vtx_0 + 0, 16, 0),
	gsSP1Triangle(0, 1, 2, 0),
	gsSP1Triangle(3, 2, 4, 0),
	gsSP1Triangle(5, 6, 7, 0),
	gsSP1Triangle(8, 9, 10, 0),
	gsSP1Triangle(9, 11, 10, 0),
	gsSP1Triangle(9, 12, 11, 0),
	gsSP1Triangle(12, 13, 11, 0),
	gsSP1Triangle(14, 13, 12, 0),
	gsSP1Triangle(12, 15, 14, 0),
	gsSPVertex(mario_000_offset_mesh_layer_1_vtx_0 + 16, 12, 0),
	gsSP1Triangle(0, 1, 2, 0),
	gsSP1Triangle(0, 3, 1, 0),
	gsSP1Triangle(3, 4, 1, 0),
	gsSP1Triangle(4, 3, 5, 0),
	gsSP1Triangle(3, 6, 5, 0),
	gsSP1Triangle(7, 6, 3, 0),
	gsSP1Triangle(7, 8, 6, 0),
	gsSP1Triangle(9, 8, 7, 0),
	gsSP1Triangle(4, 5, 10, 0),
	gsSP1Triangle(11, 10, 5, 0),
	gsSP1Triangle(1, 10, 11, 0),
	gsSP1Triangle(1, 4, 10, 0),
	gsSPEndDisplayList(),
};

Vtx mario_000_offset_mesh_layer_1_vtx_1[5] = {
	{{{43, 27, 0},0, {-16, -16},{0xB6, 0x67, 0x0, 0xFF}}},
	{{{45, 28, 13},0, {-16, -16},{0xB4, 0x66, 0x5, 0xFF}}},
	{{{52, 30, 26},0, {-16, -16},{0xBA, 0x68, 0x16, 0xFF}}},
	{{{52, 30, -26},0, {-16, -16},{0xBA, 0x68, 0xEA, 0xFF}}},
	{{{45, 28, -13},0, {-16, -16},{0xB4, 0x66, 0xFB, 0xFF}}},
};

Gfx mario_000_offset_mesh_layer_1_tri_1[] = {
	gsSPVertex(mario_000_offset_mesh_layer_1_vtx_1 + 0, 5, 0),
	gsSP1Triangle(0, 1, 2, 0),
	gsSP1Triangle(0, 2, 3, 0),
	gsSP1Triangle(3, 4, 0, 0),
	gsSPEndDisplayList(),
};

Vtx mario_000_offset_001_skinned_mesh_layer_1_vtx_0[11] = {
	{{{52, -3, 54},0, {289, 551},{0xDC, 0xEB, 0x78, 0xFF}}},
	{{{50, 16, 51},0, {298, 509},{0xC3, 0x47, 0x56, 0xFF}}},
	{{{56, -27, 45},0, {324, 604},{0xC2, 0xA4, 0x3F, 0xFF}}},
	{{{52, 30, 26},0, {393, 476},{0xBA, 0x68, 0x16, 0xFF}}},
	{{{58, -31, 18},0, {426, 616},{0xDA, 0x8A, 0x1D, 0xFF}}},
	{{{51, -36, 0},0, {491, 627},{0x11, 0x82, 0x0, 0xFF}}},
	{{{58, -31, -18},0, {558, 616},{0xDA, 0x8A, 0xE3, 0xFF}}},
	{{{56, -27, -45},0, {661, 604},{0xC2, 0xA4, 0xC1, 0xFF}}},
	{{{52, 30, -26},0, {589, 476},{0xBA, 0x68, 0xEA, 0xFF}}},
	{{{50, 16, -51},0, {686, 509},{0xC3, 0x47, 0xAA, 0xFF}}},
	{{{52, -3, -54},0, {695, 551},{0xDC, 0xEB, 0x88, 0xFF}}},
};

Gfx mario_000_offset_001_skinned_mesh_layer_1_tri_0[] = {
	gsSPVertex(mario_000_offset_001_skinned_mesh_layer_1_vtx_0 + 0, 11, 0),
	gsSPEndDisplayList(),
};

Vtx mario_000_offset_001_skinned_mesh_layer_1_vtx_1[2] = {
	{{{52, 30, 26},0, {-16, -16},{0xBA, 0x68, 0x16, 0xFF}}},
	{{{52, 30, -26},0, {-16, -16},{0xBA, 0x68, 0xEA, 0xFF}}},
};

Gfx mario_000_offset_001_skinned_mesh_layer_1_tri_1[] = {
	gsSPVertex(mario_000_offset_001_skinned_mesh_layer_1_vtx_1 + 0, 2, 11),
	gsSPEndDisplayList(),
};

Vtx mario_000_offset_001_mesh_layer_1_vtx_0[12] = {
	{{{10, 35, 40},0, {342, 465},{0xE2, 0x68, 0x42, 0xFF}}},
	{{{16, -4, 65},0, {247, 553},{0xE0, 0x12, 0x7A, 0xFF}}},
	{{{19, -34, 59},0, {270, 623},{0xAB, 0xF1, 0x5D, 0xFF}}},
	{{{10, -42, 24},0, {403, 639},{0x9C, 0xB2, 0xF4, 0xFF}}},
	{{{19, -34, 59},0, {270, 623},{0xAB, 0xF1, 0x5D, 0xFF}}},
	{{{12, -39, 0},0, {491, 634},{0xDD, 0x86, 0x0, 0xFF}}},
	{{{10, -42, -24},0, {582, 639},{0x9C, 0xB2, 0xC, 0xFF}}},
	{{{12, -39, 0},0, {491, 634},{0xDD, 0x86, 0x0, 0xFF}}},
	{{{19, -34, -59},0, {714, 623},{0xAB, 0xF1, 0xA3, 0xFF}}},
	{{{16, -4, -65},0, {737, 553},{0xE0, 0x12, 0x86, 0xFF}}},
	{{{19, -34, -59},0, {714, 623},{0xAB, 0xF1, 0xA3, 0xFF}}},
	{{{10, 35, -40},0, {642, 465},{0xE2, 0x68, 0xBE, 0xFF}}},
};

Gfx mario_000_offset_001_mesh_layer_1_tri_0[] = {
	gsSPVertex(mario_000_offset_001_mesh_layer_1_vtx_0 + 0, 3, 13),
	gsSP1Triangle(3, 1, 13, 0),
	gsSP1Triangle(1, 14, 13, 0),
	gsSP1Triangle(14, 1, 0, 0),
	gsSP1Triangle(0, 15, 14, 0),
	gsSP1Triangle(15, 0, 2, 0),
	gsSPVertex(mario_000_offset_001_mesh_layer_1_vtx_0 + 3, 3, 13),
	gsSP1Triangle(13, 14, 2, 0),
	gsSP1Triangle(4, 13, 2, 0),
	gsSP1Triangle(4, 15, 13, 0),
	gsSP1Triangle(15, 4, 5, 0),
	gsSP1Triangle(15, 5, 6, 0),
	gsSPVertex(mario_000_offset_001_mesh_layer_1_vtx_0 + 6, 3, 13),
	gsSP1Triangle(6, 13, 14, 0),
	gsSP1Triangle(6, 7, 13, 0),
	gsSP1Triangle(13, 7, 15, 0),
	gsSP1Triangle(15, 7, 10, 0),
	gsSPVertex(mario_000_offset_001_mesh_layer_1_vtx_0 + 9, 3, 13),
	gsSP1Triangle(10, 13, 14, 0),
	gsSP1Triangle(13, 10, 9, 0),
	gsSP1Triangle(9, 15, 13, 0),
	gsSP1Triangle(8, 15, 9, 0),
	gsSPEndDisplayList(),
};

Vtx mario_000_offset_001_mesh_layer_1_vtx_1[3] = {
	{{{10, 35, 40},0, {-16, -16},{0xE2, 0x68, 0x42, 0xFF}}},
	{{{33, 50, 0},0, {-16, -16},{0xFF, 0x7F, 0x0, 0xFF}}},
	{{{10, 35, -40},0, {-16, -16},{0xE2, 0x68, 0xBE, 0xFF}}},
};

Gfx mario_000_offset_001_mesh_layer_1_tri_1[] = {
	gsSPVertex(mario_000_offset_001_mesh_layer_1_vtx_1 + 0, 3, 13),
	gsSP1Triangle(13, 14, 11, 0),
	gsSP1Triangle(11, 14, 12, 0),
	gsSP1Triangle(15, 12, 14, 0),
	gsSPEndDisplayList(),
};

Vtx mario_000_offset_001_mesh_layer_1_vtx_2[89] = {
	{{{10, 35, 40},0, {342, 465},{0xE2, 0x68, 0x42, 0xFF}}},
	{{{16, -4, 65},0, {247, 553},{0xE0, 0x12, 0x7A, 0xFF}}},
	{{{43, 37, 48},0, {310, 458},{0x2, 0x62, 0x51, 0xFF}}},
	{{{45, -5, 70},0, {229, 555},{0x1, 0x24, 0x7A, 0xFF}}},
	{{{42, -30, 72},0, {222, 613},{0xF2, 0x6, 0x7E, 0xFF}}},
	{{{19, -34, 59},0, {270, 623},{0xAB, 0xF1, 0x5D, 0xFF}}},
	{{{25, -77, 75},0, {210, 723},{0xF2, 0xEE, 0x7D, 0xFF}}},
	{{{10, -42, 24},0, {403, 639},{0x9C, 0xB2, 0xF4, 0xFF}}},
	{{{17, -76, 16},0, {431, 718},{0xB5, 0xCB, 0xA8, 0xFF}}},
	{{{44, -48, 0},0, {491, 653},{0xCC, 0x8C, 0x0, 0xFF}}},
	{{{12, -39, 0},0, {491, 634},{0xDD, 0x86, 0x0, 0xFF}}},
	{{{10, -42, -24},0, {582, 639},{0x9C, 0xB2, 0xC, 0xFF}}},
	{{{17, -76, -16},0, {554, 718},{0xB5, 0xCB, 0x58, 0xFF}}},
	{{{-16, -99, -63},0, {728, 771},{0x8F, 0x39, 0x7, 0xFF}}},
	{{{25, -77, -75},0, {774, 723},{0xF2, 0xEE, 0x83, 0xFF}}},
	{{{19, -34, -59},0, {714, 623},{0xAB, 0xF1, 0xA3, 0xFF}}},
	{{{42, -30, -72},0, {763, 613},{0xF2, 0x6, 0x82, 0xFF}}},
	{{{25, -77, -75},0, {774, 723},{0xF2, 0xEE, 0x83, 0xFF}}},
	{{{19, -34, -59},0, {714, 623},{0xAB, 0xF1, 0xA3, 0xFF}}},
	{{{16, -4, -65},0, {737, 553},{0xE0, 0x12, 0x86, 0xFF}}},
	{{{45, -5, -70},0, {756, 555},{0x1, 0x24, 0x86, 0xFF}}},
	{{{43, 37, -48},0, {674, 458},{0x2, 0x62, 0xAF, 0xFF}}},
	{{{10, 35, -40},0, {642, 465},{0xE2, 0x68, 0xBE, 0xFF}}},
	{{{64, 35, -43},0, {654, 465},{0x35, 0x62, 0xC3, 0xFF}}},
	{{{74, -5, -65},0, {737, 555},{0x3E, 0x20, 0x96, 0xFF}}},
	{{{87, 4, -47},0, {668, 534},{0x6D, 0x1E, 0xC7, 0xFF}}},
	{{{83, 29, -18},0, {558, 479},{0x59, 0x59, 0xEE, 0xFF}}},
	{{{99, -1, 0},0, {491, 548},{0x7F, 0x7, 0x0, 0xFF}}},
	{{{86, 27, 0},0, {491, 481},{0x5C, 0x58, 0x0, 0xFF}}},
	{{{83, 29, 18},0, {426, 479},{0x59, 0x59, 0x12, 0xFF}}},
	{{{87, 4, 47},0, {317, 534},{0x6D, 0x1E, 0x39, 0xFF}}},
	{{{64, 35, 43},0, {328, 465},{0x35, 0x62, 0x3D, 0xFF}}},
	{{{87, 4, 47},0, {317, 534},{0x6D, 0x1E, 0x39, 0xFF}}},
	{{{64, 35, 43},0, {328, 465},{0x35, 0x62, 0x3D, 0xFF}}},
	{{{74, -5, 65},0, {247, 555},{0x3E, 0x20, 0x6A, 0xFF}}},
	{{{45, -5, 70},0, {229, 555},{0x1, 0x24, 0x7A, 0xFF}}},
	{{{43, 37, 48},0, {310, 458},{0x2, 0x62, 0x51, 0xFF}}},
	{{{73, -32, 68},0, {238, 618},{0x50, 0xEB, 0x61, 0xFF}}},
	{{{88, -41, 21},0, {414, 639},{0x74, 0xCC, 0x3, 0xFF}}},
	{{{51, -91, 46},0, {319, 755},{0x46, 0x96, 0xC, 0xFF}}},
	{{{25, -77, 75},0, {210, 723},{0xF2, 0xEE, 0x7D, 0xFF}}},
	{{{42, -30, 72},0, {222, 613},{0xF2, 0x6, 0x7E, 0xFF}}},
	{{{1, -117, 65},0, {247, 813},{0x2B, 0x89, 0xB, 0xFF}}},
	{{{-11, -109, 55},0, {284, 795},{0xC6, 0xC0, 0xA3, 0xFF}}},
	{{{-36, -122, 83},0, {177, 822},{0xA5, 0xBD, 0x3A, 0xFF}}},
	{{{-9, -108, 79},0, {194, 792},{0x4, 0x13, 0x7E, 0xFF}}},
	{{{-16, -99, 63},0, {256, 771},{0x8A, 0x30, 0x4, 0xFF}}},
	{{{17, -76, 16},0, {431, 718},{0xB5, 0xCB, 0xA8, 0xFF}}},
	{{{61, -74, 10},0, {454, 713},{0x30, 0xA8, 0xB2, 0xFF}}},
	{{{51, -91, 46},0, {319, 755},{0x46, 0x96, 0xC, 0xFF}}},
	{{{17, -76, 16},0, {431, 718},{0xB5, 0xCB, 0xA8, 0xFF}}},
	{{{44, -48, 0},0, {491, 653},{0xCC, 0x8C, 0x0, 0xFF}}},
	{{{84, -34, 0},0, {491, 620},{0x6D, 0xBE, 0x0, 0xFF}}},
	{{{61, -74, -10},0, {530, 713},{0x30, 0xA8, 0x4E, 0xFF}}},
	{{{17, -76, -16},0, {554, 718},{0xB5, 0xCB, 0x58, 0xFF}}},
	{{{51, -91, -46},0, {663, 755},{0x46, 0x96, 0xF4, 0xFF}}},
	{{{-11, -109, -55},0, {700, 795},{0xC6, 0xC0, 0x5D, 0xFF}}},
	{{{-16, -99, -63},0, {728, 771},{0x8F, 0x39, 0x7, 0xFF}}},
	{{{-36, -122, -83},0, {807, 822},{0x9C, 0xCE, 0xC4, 0xFF}}},
	{{{-9, -108, -79},0, {791, 792},{0xB, 0x7, 0x82, 0xFF}}},
	{{{25, -77, -75},0, {774, 723},{0xF2, 0xEE, 0x83, 0xFF}}},
	{{{1, -117, -65},0, {737, 813},{0x2C, 0x89, 0xFE, 0xFF}}},
	{{{73, -32, -68},0, {746, 618},{0x50, 0xEB, 0x9F, 0xFF}}},
	{{{42, -30, -72},0, {763, 613},{0xF2, 0x6, 0x82, 0xFF}}},
	{{{42, -30, -72},0, {763, 613},{0xF2, 0x6, 0x82, 0xFF}}},
	{{{45, -5, -70},0, {756, 555},{0x1, 0x24, 0x86, 0xFF}}},
	{{{73, -32, -68},0, {746, 618},{0x50, 0xEB, 0x9F, 0xFF}}},
	{{{74, -5, -65},0, {737, 555},{0x3E, 0x20, 0x96, 0xFF}}},
	{{{87, 4, -47},0, {668, 534},{0x6D, 0x1E, 0xC7, 0xFF}}},
	{{{88, -41, -21},0, {570, 639},{0x74, 0xCC, 0xFD, 0xFF}}},
	{{{99, -1, 0},0, {491, 548},{0x7F, 0x7, 0x0, 0xFF}}},
	{{{84, -34, 0},0, {491, 620},{0x6D, 0xBE, 0x0, 0xFF}}},
	{{{88, -41, 21},0, {414, 639},{0x74, 0xCC, 0x3, 0xFF}}},
	{{{87, 4, 47},0, {317, 534},{0x6D, 0x1E, 0x39, 0xFF}}},
	{{{61, -74, 10},0, {454, 713},{0x30, 0xA8, 0xB2, 0xFF}}},
	{{{51, -91, 46},0, {319, 755},{0x46, 0x96, 0xC, 0xFF}}},
	{{{-16, -99, 63},0, {256, 771},{0x8A, 0x30, 0x4, 0xFF}}},
	{{{-36, -122, 83},0, {177, 822},{0xA5, 0xBD, 0x3A, 0xFF}}},
	{{{-9, -108, 79},0, {194, 792},{0x4, 0x13, 0x7E, 0xFF}}},
	{{{-11, -109, 55},0, {284, 795},{0xC6, 0xC0, 0xA3, 0xFF}}},
	{{{84, -34, 0},0, {491, 620},{0x6D, 0xBE, 0x0, 0xFF}}},
	{{{61, -74, -10},0, {530, 713},{0x30, 0xA8, 0x4E, 0xFF}}},
	{{{88, -41, -21},0, {570, 639},{0x74, 0xCC, 0xFD, 0xFF}}},
	{{{51, -91, -46},0, {663, 755},{0x46, 0x96, 0xF4, 0xFF}}},
	{{{73, -32, -68},0, {746, 618},{0x50, 0xEB, 0x9F, 0xFF}}},
	{{{1, -117, -65},0, {737, 813},{0x2C, 0x89, 0xFE, 0xFF}}},
	{{{-11, -109, -55},0, {700, 795},{0xC6, 0xC0, 0x5D, 0xFF}}},
	{{{-36, -122, -83},0, {807, 822},{0x9C, 0xCE, 0xC4, 0xFF}}},
	{{{-9, -108, -79},0, {791, 792},{0xB, 0x7, 0x82, 0xFF}}},
};

Gfx mario_000_offset_001_mesh_layer_1_tri_2[] = {
	gsSPVertex(mario_000_offset_001_mesh_layer_1_vtx_2 + 0, 16, 0),
	gsSP1Triangle(0, 1, 2, 0),
	gsSP1Triangle(1, 3, 2, 0),
	gsSP1Triangle(3, 1, 4, 0),
	gsSP1Triangle(5, 4, 1, 0),
	gsSP1Triangle(4, 5, 6, 0),
	gsSP1Triangle(6, 5, 7, 0),
	gsSP1Triangle(6, 7, 8, 0),
	gsSP1Triangle(9, 8, 7, 0),
	gsSP1Triangle(10, 9, 7, 0),
	gsSP1Triangle(10, 11, 9, 0),
	gsSP1Triangle(9, 11, 12, 0),
	gsSP1Triangle(13, 12, 11, 0),
	gsSP1Triangle(11, 14, 13, 0),
	gsSP1Triangle(11, 15, 14, 0),
	gsSPVertex(mario_000_offset_001_mesh_layer_1_vtx_2 + 16, 16, 0),
	gsSP1Triangle(0, 1, 2, 0),
	gsSP1Triangle(2, 3, 0, 0),
	gsSP1Triangle(4, 0, 3, 0),
	gsSP1Triangle(3, 5, 4, 0),
	gsSP1Triangle(6, 5, 3, 0),
	gsSP1Triangle(7, 4, 5, 0),
	gsSP1Triangle(4, 7, 8, 0),
	gsSP1Triangle(8, 7, 9, 0),
	gsSP1Triangle(9, 7, 10, 0),
	gsSP1Triangle(11, 9, 10, 0),
	gsSP1Triangle(12, 11, 10, 0),
	gsSP1Triangle(12, 13, 11, 0),
	gsSP1Triangle(11, 13, 14, 0),
	gsSP1Triangle(13, 15, 14, 0),
	gsSPVertex(mario_000_offset_001_mesh_layer_1_vtx_2 + 32, 16, 0),
	gsSP1Triangle(0, 1, 2, 0),
	gsSP1Triangle(3, 2, 1, 0),
	gsSP1Triangle(1, 4, 3, 0),
	gsSP1Triangle(5, 2, 3, 0),
	gsSP1Triangle(5, 0, 2, 0),
	gsSP1Triangle(6, 0, 5, 0),
	gsSP1Triangle(5, 7, 6, 0),
	gsSP1Triangle(8, 7, 5, 0),
	gsSP1Triangle(9, 8, 5, 0),
	gsSP1Triangle(9, 5, 3, 0),
	gsSP1Triangle(10, 7, 8, 0),
	gsSP1Triangle(10, 11, 7, 0),
	gsSP1Triangle(10, 12, 11, 0),
	gsSP1Triangle(12, 10, 13, 0),
	gsSP1Triangle(10, 8, 13, 0),
	gsSP1Triangle(13, 8, 14, 0),
	gsSP1Triangle(15, 14, 8, 0),
	gsSP1Triangle(15, 11, 14, 0),
	gsSP1Triangle(7, 11, 15, 0),
	gsSPVertex(mario_000_offset_001_mesh_layer_1_vtx_2 + 48, 16, 0),
	gsSP1Triangle(0, 1, 2, 0),
	gsSP1Triangle(3, 0, 2, 0),
	gsSP1Triangle(4, 0, 3, 0),
	gsSP1Triangle(4, 3, 5, 0),
	gsSP1Triangle(3, 6, 5, 0),
	gsSP1Triangle(5, 6, 7, 0),
	gsSP1Triangle(7, 6, 8, 0),
	gsSP1Triangle(6, 9, 8, 0),
	gsSP1Triangle(8, 9, 10, 0),
	gsSP1Triangle(9, 11, 10, 0),
	gsSP1Triangle(11, 9, 12, 0),
	gsSP1Triangle(13, 11, 12, 0),
	gsSP1Triangle(13, 12, 7, 0),
	gsSP1Triangle(12, 14, 7, 0),
	gsSP1Triangle(15, 14, 12, 0),
	gsSPVertex(mario_000_offset_001_mesh_layer_1_vtx_2 + 64, 16, 0),
	gsSP1Triangle(0, 1, 2, 0),
	gsSP1Triangle(2, 1, 3, 0),
	gsSP1Triangle(2, 3, 4, 0),
	gsSP1Triangle(5, 2, 4, 0),
	gsSP1Triangle(5, 4, 6, 0),
	gsSP1Triangle(7, 5, 6, 0),
	gsSP1Triangle(7, 6, 8, 0),
	gsSP1Triangle(8, 6, 9, 0),
	gsSP1Triangle(7, 8, 10, 0),
	gsSP1Triangle(10, 8, 11, 0),
	gsSP1Triangle(12, 13, 14, 0),
	gsSP1Triangle(15, 13, 12, 0),
	gsSPVertex(mario_000_offset_001_mesh_layer_1_vtx_2 + 80, 9, 0),
	gsSP1Triangle(0, 1, 2, 0),
	gsSP1Triangle(1, 3, 2, 0),
	gsSP1Triangle(4, 2, 3, 0),
	gsSP1Triangle(5, 3, 6, 0),
	gsSP1Triangle(5, 6, 7, 0),
	gsSP1Triangle(8, 5, 7, 0),
	gsSPEndDisplayList(),
};

Vtx mario_000_offset_001_mesh_layer_1_vtx_3[10] = {
	{{{33, 50, 0},0, {-16, -16},{0xFF, 0x7F, 0x0, 0xFF}}},
	{{{10, 35, 40},0, {-16, -16},{0xE2, 0x68, 0x42, 0xFF}}},
	{{{43, 37, 48},0, {-16, -16},{0x2, 0x62, 0x51, 0xFF}}},
	{{{64, 35, 43},0, {-16, -16},{0x35, 0x62, 0x3D, 0xFF}}},
	{{{64, 35, -43},0, {-16, -16},{0x35, 0x62, 0xC3, 0xFF}}},
	{{{86, 27, 0},0, {-16, -16},{0x5C, 0x58, 0x0, 0xFF}}},
	{{{83, 29, 18},0, {-16, -16},{0x59, 0x59, 0x12, 0xFF}}},
	{{{83, 29, -18},0, {-16, -16},{0x59, 0x59, 0xEE, 0xFF}}},
	{{{43, 37, -48},0, {-16, -16},{0x2, 0x62, 0xAF, 0xFF}}},
	{{{10, 35, -40},0, {-16, -16},{0xE2, 0x68, 0xBE, 0xFF}}},
};

Gfx mario_000_offset_001_mesh_layer_1_tri_3[] = {
	gsSPVertex(mario_000_offset_001_mesh_layer_1_vtx_3 + 0, 10, 0),
	gsSP1Triangle(0, 1, 2, 0),
	gsSP1Triangle(0, 2, 3, 0),
	gsSP1Triangle(4, 0, 3, 0),
	gsSP1Triangle(3, 5, 4, 0),
	gsSP1Triangle(3, 6, 5, 0),
	gsSP1Triangle(5, 7, 4, 0),
	gsSP1Triangle(0, 4, 8, 0),
	gsSP1Triangle(8, 9, 0, 0),
	gsSPEndDisplayList(),
};

Vtx mario_000_displaylist_mesh_layer_1_vtx_0[442] = {
	{{{120, 56, 31},0, {440, 126},{0xAE, 0x34, 0x52, 0xFF}}},
	{{{52, 53, 63},0, {382, 130},{0x1F, 0x58, 0x56, 0xFF}}},
	{{{55, 44, 71},0, {368, 140},{0xF9, 0x51, 0x62, 0xFF}}},
	{{{76, 38, 85},0, {342, 144},{0xEE, 0x58, 0x5A, 0xFF}}},
	{{{44, 22, 78},0, {356, 163},{0xC7, 0x28, 0x6A, 0xFF}}},
	{{{106, 36, 95},0, {324, 146},{0xE3, 0x51, 0x5E, 0xFF}}},
	{{{105, -34, 114},0, {289, 221},{0xEB, 0x15, 0x7C, 0xFF}}},
	{{{17, -45, 103},0, {307, 230},{0xBB, 0x34, 0x5E, 0xFF}}},
	{{{19, 6, 56},0, {393, 179},{0x98, 0x25, 0x3F, 0xFF}}},
	{{{1, -48, 70},0, {370, 232},{0x87, 0x25, 0xE, 0xFF}}},
	{{{6, 6, 29},0, {442, 179},{0x84, 0xE, 0x18, 0xFF}}},
	{{{6, -54, 0},0, {496, 239},{0x82, 0xF4, 0x0, 0xFF}}},
	{{{4, 7, 0},0, {496, 177},{0x81, 0x3, 0x0, 0xFF}}},
	{{{6, 6, -29},0, {549, 179},{0x84, 0xE, 0xE8, 0xFF}}},
	{{{1, -48, -70},0, {621, 232},{0x88, 0x27, 0xF2, 0xFF}}},
	{{{19, 6, -57},0, {598, 179},{0x96, 0x25, 0xC4, 0xFF}}},
	{{{1, -48, -70},0, {621, 232},{0x88, 0x27, 0xF2, 0xFF}}},
	{{{19, 6, -57},0, {598, 179},{0x96, 0x25, 0xC4, 0xFF}}},
	{{{44, 22, -78},0, {635, 163},{0xBF, 0x2B, 0x9C, 0xFF}}},
	{{{-31, -121, -92},0, {661, 309},{0x90, 0x3D, 0xFF, 0xFF}}},
	{{{-21, -121, -119},0, {709, 309},{0xBD, 0x33, 0xA1, 0xFF}}},
	{{{73, -8, -108},0, {691, 193},{0xE8, 0x28, 0x8A, 0xFF}}},
	{{{76, 38, -85},0, {649, 144},{0xE6, 0x5D, 0xAE, 0xFF}}},
	{{{55, 44, -71},0, {623, 140},{0xF9, 0x51, 0x9E, 0xFF}}},
	{{{120, 56, -31},0, {551, 126},{0xAE, 0x34, 0xAE, 0xFF}}},
	{{{52, 53, -63},0, {609, 130},{0x1F, 0x58, 0xAA, 0xFF}}},
	{{{106, 36, -95},0, {668, 146},{0xE5, 0x54, 0xA5, 0xFF}}},
	{{{128, 32, -100},0, {677, 151},{0x11, 0x2C, 0x8A, 0xFF}}},
	{{{134, 58, -87},0, {654, 126},{0xCF, 0x52, 0xAC, 0xFF}}},
	{{{140, 84, -67},0, {616, 98},{0xC0, 0x45, 0xAB, 0xFF}}},
	{{{127, 97, -48},0, {579, 84},{0xB7, 0x26, 0x9F, 0xFF}}},
	{{{106, 106, -33},0, {554, 74},{0xD8, 0x56, 0xAB, 0xFF}}},
	{{{67, 90, -14},0, {519, 91},{0xA8, 0x1F, 0xAA, 0xFF}}},
	{{{106, 106, -33},0, {554, 74},{0xD8, 0x56, 0xAB, 0xFF}}},
	{{{120, 56, -31},0, {551, 126},{0xAE, 0x34, 0xAE, 0xFF}}},
	{{{79, 107, -18},0, {526, 74},{0xC5, 0x60, 0xC5, 0xFF}}},
	{{{63, 91, -5},0, {505, 91},{0x99, 0x4A, 0x0, 0xFF}}},
	{{{74, 105, -6},0, {505, 77},{0xBF, 0x6A, 0x1A, 0xFF}}},
	{{{64, 90, 0},0, {496, 91},{0x9E, 0x51, 0x0, 0xFF}}},
	{{{76, 102, 0},0, {496, 79},{0xC2, 0x6F, 0x0, 0xFF}}},
	{{{74, 105, 6},0, {484, 77},{0xBF, 0x6A, 0xE6, 0xFF}}},
	{{{63, 91, 5},0, {486, 91},{0x99, 0x4A, 0x0, 0xFF}}},
	{{{79, 107, 17},0, {463, 74},{0xC5, 0x60, 0x3B, 0xFF}}},
	{{{67, 90, 13},0, {470, 91},{0xA8, 0x1F, 0x56, 0xFF}}},
	{{{106, 106, 33},0, {435, 74},{0xD8, 0x56, 0x55, 0xFF}}},
	{{{120, 56, 31},0, {440, 126},{0xAE, 0x34, 0x52, 0xFF}}},
	{{{127, 97, 48},0, {410, 84},{0xB7, 0x26, 0x61, 0xFF}}},
	{{{140, 84, 67},0, {375, 98},{0xC0, 0x45, 0x55, 0xFF}}},
	{{{134, 58, 87},0, {338, 126},{0xCF, 0x52, 0x54, 0xFF}}},
	{{{140, 84, 67},0, {375, 98},{0xC0, 0x45, 0x55, 0xFF}}},
	{{{120, 56, 31},0, {440, 126},{0xAE, 0x34, 0x52, 0xFF}}},
	{{{106, 36, 95},0, {324, 146},{0xE3, 0x51, 0x5E, 0xFF}}},
	{{{76, 38, 85},0, {342, 144},{0xEE, 0x58, 0x5A, 0xFF}}},
	{{{128, 32, 100},0, {314, 151},{0xD, 0x2D, 0x76, 0xFF}}},
	{{{105, -34, 114},0, {289, 221},{0xEB, 0x15, 0x7C, 0xFF}}},
	{{{159, -85, 136},0, {249, 272},{0x8, 0x1C, 0x7C, 0xFF}}},
	{{{117, -76, 117},0, {284, 263},{0xAE, 0xFF, 0x61, 0xFF}}},
	{{{99, -97, 85},0, {342, 284},{0xE2, 0x85, 0xF8, 0xFF}}},
	{{{66, -152, 100},0, {314, 342},{0x5C, 0xAC, 0x1A, 0xFF}}},
	{{{38, -127, 133},0, {256, 316},{0x10, 0xFA, 0x7E, 0xFF}}},
	{{{17, -45, 103},0, {307, 230},{0xBB, 0x34, 0x5E, 0xFF}}},
	{{{-31, -121, 91},0, {331, 309},{0x94, 0x3F, 0x19, 0xFF}}},
	{{{1, -48, 70},0, {370, 232},{0x87, 0x25, 0xE, 0xFF}}},
	{{{12, -80, 27},0, {447, 267},{0x87, 0xE1, 0xE9, 0xFF}}},
	{{{1, -48, 70},0, {370, 232},{0x87, 0x25, 0xE, 0xFF}}},
	{{{6, -54, 0},0, {496, 239},{0x82, 0xF4, 0x0, 0xFF}}},
	{{{12, -80, 27},0, {447, 267},{0x87, 0xE1, 0xE9, 0xFF}}},
	{{{16, -128, 0},0, {496, 316},{0x83, 0xEC, 0x0, 0xFF}}},
	{{{12, -80, -28},0, {544, 267},{0x87, 0xE1, 0x17, 0xFF}}},
	{{{1, -48, -70},0, {621, 232},{0x88, 0x27, 0xF2, 0xFF}}},
	{{{-31, -121, -92},0, {661, 309},{0x90, 0x3D, 0xFF, 0xFF}}},
	{{{-21, -138, -59},0, {602, 325},{0xB5, 0xFB, 0x67, 0xFF}}},
	{{{-63, -161, -103},0, {681, 349},{0x94, 0x42, 0xB, 0xFF}}},
	{{{-21, -121, -119},0, {709, 309},{0xBD, 0x33, 0xA1, 0xFF}}},
	{{{-48, -180, -127},0, {723, 369},{0xDD, 0xED, 0x87, 0xFF}}},
	{{{38, -127, -133},0, {735, 316},{0x17, 0xF6, 0x83, 0xFF}}},
	{{{73, -8, -108},0, {691, 193},{0xE8, 0x28, 0x8A, 0xFF}}},
	{{{105, -34, -114},0, {702, 221},{0xF6, 0xE, 0x82, 0xFF}}},
	{{{128, 32, -100},0, {677, 151},{0x11, 0x2C, 0x8A, 0xFF}}},
	{{{159, -85, -136},0, {742, 272},{0x8, 0x1C, 0x84, 0xFF}}},
	{{{159, -85, -136},0, {742, 272},{0x8, 0x1C, 0x84, 0xFF}}},
	{{{128, 32, -100},0, {677, 151},{0x11, 0x2C, 0x8A, 0xFF}}},
	{{{153, 3, -99},0, {674, 181},{0x27, 0x34, 0x93, 0xFF}}},
	{{{160, 11, -90},0, {658, 174},{0xE, 0x62, 0xB0, 0xFF}}},
	{{{157, 47, -79},0, {640, 137},{0x55, 0x1F, 0xA7, 0xFF}}},
	{{{149, 61, -87},0, {651, 121},{0x38, 0x33, 0x9A, 0xFF}}},
	{{{134, 58, -87},0, {654, 126},{0xCF, 0x52, 0xAC, 0xFF}}},
	{{{150, 86, -67},0, {616, 95},{0x3C, 0x56, 0xB8, 0xFF}}},
	{{{140, 84, -67},0, {616, 98},{0xC0, 0x45, 0xAB, 0xFF}}},
	{{{134, 102, -46},0, {579, 79},{0xE, 0x75, 0xD0, 0xFF}}},
	{{{127, 97, -48},0, {579, 84},{0xB7, 0x26, 0x9F, 0xFF}}},
	{{{106, 106, -33},0, {554, 74},{0xD8, 0x56, 0xAB, 0xFF}}},
	{{{115, 106, -26},0, {542, 74},{0x9, 0x7D, 0xEB, 0xFF}}},
	{{{79, 107, -18},0, {526, 74},{0xC5, 0x60, 0xC5, 0xFF}}},
	{{{117, 109, -14},0, {521, 72},{0x5, 0x7D, 0xE8, 0xFF}}},
	{{{74, 105, -6},0, {505, 77},{0xBF, 0x6A, 0x1A, 0xFF}}},
	{{{117, 109, -14},0, {521, 72},{0x5, 0x7D, 0xE8, 0xFF}}},
	{{{74, 105, -6},0, {505, 77},{0xBF, 0x6A, 0x1A, 0xFF}}},
	{{{117, 111, 0},0, {496, 70},{0x5, 0x7F, 0x0, 0xFF}}},
	{{{76, 102, 0},0, {496, 79},{0xC2, 0x6F, 0x0, 0xFF}}},
	{{{74, 105, 6},0, {484, 77},{0xBF, 0x6A, 0xE6, 0xFF}}},
	{{{117, 109, 14},0, {470, 72},{0x5, 0x7D, 0x18, 0xFF}}},
	{{{79, 107, 17},0, {463, 74},{0xC5, 0x60, 0x3B, 0xFF}}},
	{{{115, 106, 26},0, {449, 74},{0x9, 0x7D, 0x15, 0xFF}}},
	{{{106, 106, 33},0, {435, 74},{0xD8, 0x56, 0x55, 0xFF}}},
	{{{134, 102, 46},0, {412, 79},{0xE, 0x75, 0x30, 0xFF}}},
	{{{127, 97, 48},0, {410, 84},{0xB7, 0x26, 0x61, 0xFF}}},
	{{{140, 84, 67},0, {375, 98},{0xC0, 0x45, 0x55, 0xFF}}},
	{{{150, 86, 67},0, {375, 95},{0x3C, 0x56, 0x48, 0xFF}}},
	{{{134, 58, 87},0, {338, 126},{0xCF, 0x52, 0x54, 0xFF}}},
	{{{149, 61, 86},0, {340, 121},{0x38, 0x33, 0x66, 0xFF}}},
	{{{128, 32, 100},0, {314, 151},{0xD, 0x2D, 0x76, 0xFF}}},
	{{{149, 61, 86},0, {340, 121},{0x38, 0x33, 0x66, 0xFF}}},
	{{{128, 32, 100},0, {314, 151},{0xD, 0x2D, 0x76, 0xFF}}},
	{{{157, 47, 79},0, {352, 137},{0x55, 0x1F, 0x59, 0xFF}}},
	{{{160, 11, 90},0, {333, 174},{0xE, 0x62, 0x50, 0xFF}}},
	{{{153, 3, 99},0, {317, 181},{0x27, 0x34, 0x6D, 0xFF}}},
	{{{159, -85, 136},0, {249, 272},{0x8, 0x1C, 0x7C, 0xFF}}},
	{{{191, -6, 91},0, {331, 191},{0x33, 0xF0, 0x73, 0xFF}}},
	{{{201, -102, 123},0, {273, 288},{0x55, 0xE, 0x5E, 0xFF}}},
	{{{186, -176, 137},0, {247, 367},{0x51, 0xF6, 0x62, 0xFF}}},
	{{{141, -188, 152},0, {222, 379},{0xFC, 0xC, 0x7E, 0xFF}}},
	{{{117, -76, 117},0, {284, 263},{0xAE, 0xFF, 0x61, 0xFF}}},
	{{{111, -180, 137},0, {247, 369},{0xA7, 0x15, 0x58, 0xFF}}},
	{{{99, -97, 85},0, {342, 284},{0xE2, 0x85, 0xF8, 0xFF}}},
	{{{98, -183, 105},0, {305, 372},{0x82, 0x1, 0xEF, 0xFF}}},
	{{{126, -203, 70},0, {368, 393},{0xD0, 0xDF, 0x8F, 0xFF}}},
	{{{133, -104, 46},0, {428, 290},{0xBD, 0x9A, 0x23, 0xFF}}},
	{{{99, -97, 85},0, {342, 284},{0xE2, 0x85, 0xF8, 0xFF}}},
	{{{114, -82, 62},0, {403, 267},{0xD2, 0x8A, 0xFC, 0xFF}}},
	{{{133, -104, 46},0, {428, 290},{0xBD, 0x9A, 0x23, 0xFF}}},
	{{{66, -100, 48},0, {410, 288},{0x27, 0x8D, 0x24, 0xFF}}},
	{{{38, -149, 53},0, {398, 337},{0x29, 0xB5, 0xA2, 0xFF}}},
	{{{66, -152, 100},0, {314, 342},{0x5C, 0xAC, 0x1A, 0xFF}}},
	{{{9, -188, 111},0, {296, 379},{0x2F, 0x91, 0x27, 0xFF}}},
	{{{38, -127, 133},0, {256, 316},{0x10, 0xFA, 0x7E, 0xFF}}},
	{{{-8, -164, 132},0, {256, 353},{0xF5, 0xEF, 0x7D, 0xFF}}},
	{{{-48, -180, 127},0, {266, 369},{0xE1, 0xEC, 0x7A, 0xFF}}},
	{{{-31, -121, 91},0, {331, 309},{0x94, 0x3F, 0x19, 0xFF}}},
	{{{-63, -161, 103},0, {310, 349},{0x94, 0x43, 0x3, 0xFF}}},
	{{{-21, -138, 59},0, {389, 325},{0xB5, 0xFB, 0x99, 0xFF}}},
	{{{12, -80, 27},0, {447, 267},{0x87, 0xE1, 0xE9, 0xFF}}},
	{{{16, -128, 0},0, {496, 316},{0x83, 0xEC, 0x0, 0xFF}}},
	{{{10, -201, 0},0, {496, 390},{0x83, 0x18, 0x0, 0xFF}}},
	{{{10, -201, 0},0, {496, 390},{0x83, 0x18, 0x0, 0xFF}}},
	{{{16, -128, 0},0, {496, 316},{0x83, 0xEC, 0x0, 0xFF}}},
	{{{66, -100, -48},0, {582, 288},{0x29, 0x8D, 0xDC, 0xFF}}},
	{{{12, -80, -28},0, {544, 267},{0x87, 0xE1, 0x17, 0xFF}}},
	{{{38, -149, -54},0, {593, 337},{0x29, 0xB5, 0x5E, 0xFF}}},
	{{{-21, -138, -59},0, {602, 325},{0xB5, 0xFB, 0x67, 0xFF}}},
	{{{-8, -181, -72},0, {626, 372},{0x7, 0xA2, 0x55, 0xFF}}},
	{{{-48, -190, -87},0, {654, 379},{0xD5, 0xAB, 0x54, 0xFF}}},
	{{{-63, -161, -103},0, {681, 349},{0x94, 0x42, 0xB, 0xFF}}},
	{{{-90, -187, -111},0, {695, 376},{0x85, 0xE4, 0xF3, 0xFF}}},
	{{{-48, -180, -127},0, {723, 369},{0xDD, 0xED, 0x87, 0xFF}}},
	{{{-40, -195, -113},0, {700, 386},{0x3, 0x87, 0xD8, 0xFF}}},
	{{{-8, -164, -132},0, {733, 353},{0x4, 0xE7, 0x84, 0xFF}}},
	{{{38, -127, -133},0, {735, 316},{0x17, 0xF6, 0x83, 0xFF}}},
	{{{9, -188, -111},0, {695, 379},{0x2F, 0x91, 0xD9, 0xFF}}},
	{{{66, -152, -100},0, {677, 342},{0x5C, 0xAC, 0xE6, 0xFF}}},
	{{{66, -152, -100},0, {677, 342},{0x5C, 0xAC, 0xE6, 0xFF}}},
	{{{38, -127, -133},0, {735, 316},{0x17, 0xF6, 0x83, 0xFF}}},
	{{{105, -34, -114},0, {702, 221},{0xF6, 0xE, 0x82, 0xFF}}},
	{{{99, -97, -85},0, {649, 284},{0xE0, 0x85, 0xFF, 0xFF}}},
	{{{117, -76, -118},0, {707, 263},{0xAE, 0xFF, 0x9F, 0xFF}}},
	{{{159, -85, -136},0, {742, 272},{0x8, 0x1C, 0x84, 0xFF}}},
	{{{141, -188, -152},0, {770, 379},{0xFC, 0xC, 0x82, 0xFF}}},
	{{{186, -176, -137},0, {742, 367},{0x51, 0xF6, 0x9E, 0xFF}}},
	{{{201, -102, -123},0, {716, 288},{0x55, 0xE, 0xA2, 0xFF}}},
	{{{191, -6, -92},0, {661, 191},{0x33, 0xF0, 0x8D, 0xFF}}},
	{{{153, 3, -99},0, {674, 181},{0x27, 0x34, 0x93, 0xFF}}},
	{{{196, 25, -108},0, {691, 158},{0xE4, 0x44, 0x98, 0xFF}}},
	{{{160, 11, -90},0, {658, 174},{0xE, 0x62, 0xB0, 0xFF}}},
	{{{200, 24, -100},0, {677, 160},{0xD1, 0x76, 0x9, 0xFF}}},
	{{{232, 39, -105},0, {684, 144},{0xA4, 0x58, 0x1, 0xFF}}},
	{{{238, 47, -112},0, {698, 135},{0x41, 0x46, 0xAC, 0xFF}}},
	{{{238, 47, -112},0, {698, 135},{0x41, 0x46, 0xAC, 0xFF}}},
	{{{232, 39, -105},0, {684, 144},{0xA4, 0x58, 0x1, 0xFF}}},
	{{{213, 41, -72},0, {626, 142},{0xB0, 0x55, 0xCD, 0xFF}}},
	{{{216, 49, -66},0, {614, 135},{0x1D, 0x7B, 0x8, 0xFF}}},
	{{{195, 42, -46},0, {577, 142},{0xF6, 0x54, 0xA1, 0xFF}}},
	{{{195, 50, -39},0, {565, 133},{0x5B, 0x53, 0xDF, 0xFF}}},
	{{{158, 78, -56},0, {596, 105},{0x5D, 0x47, 0xCE, 0xFF}}},
	{{{157, 47, -79},0, {640, 137},{0x55, 0x1F, 0xA7, 0xFF}}},
	{{{180, 20, -67},0, {616, 163},{0xC, 0x64, 0xB2, 0xFF}}},
	{{{160, 11, -90},0, {658, 174},{0xE, 0x62, 0xB0, 0xFF}}},
	{{{150, 86, -67},0, {616, 95},{0x3C, 0x56, 0xB8, 0xFF}}},
	{{{149, 61, -87},0, {651, 121},{0x38, 0x33, 0x9A, 0xFF}}},
	{{{142, 99, -39},0, {565, 81},{0x38, 0x6F, 0xE5, 0xFF}}},
	{{{168, 82, -33},0, {554, 100},{0x53, 0x58, 0xD9, 0xFF}}},
	{{{148, 103, -23},0, {537, 79},{0x33, 0x71, 0xE6, 0xFF}}},
	{{{115, 106, -26},0, {542, 74},{0x9, 0x7D, 0xEB, 0xFF}}},
	{{{115, 106, -26},0, {542, 74},{0x9, 0x7D, 0xEB, 0xFF}}},
	{{{142, 99, -39},0, {565, 81},{0x38, 0x6F, 0xE5, 0xFF}}},
	{{{134, 102, -46},0, {579, 79},{0xE, 0x75, 0xD0, 0xFF}}},
	{{{150, 86, -67},0, {616, 95},{0x3C, 0x56, 0xB8, 0xFF}}},
	{{{117, 109, -14},0, {521, 72},{0x5, 0x7D, 0xE8, 0xFF}}},
	{{{148, 103, -23},0, {537, 79},{0x33, 0x71, 0xE6, 0xFF}}},
	{{{117, 111, 0},0, {496, 70},{0x5, 0x7F, 0x0, 0xFF}}},
	{{{148, 103, 23},0, {454, 79},{0x33, 0x71, 0x1A, 0xFF}}},
	{{{117, 109, 14},0, {470, 72},{0x5, 0x7D, 0x18, 0xFF}}},
	{{{115, 106, 26},0, {449, 74},{0x9, 0x7D, 0x15, 0xFF}}},
	{{{142, 99, 38},0, {426, 81},{0x38, 0x6F, 0x1B, 0xFF}}},
	{{{134, 102, 46},0, {412, 79},{0xE, 0x75, 0x30, 0xFF}}},
	{{{150, 86, 67},0, {375, 95},{0x3C, 0x56, 0x48, 0xFF}}},
	{{{158, 78, 56},0, {393, 105},{0x5D, 0x47, 0x32, 0xFF}}},
	{{{157, 47, 79},0, {352, 137},{0x55, 0x1F, 0x59, 0xFF}}},
	{{{149, 61, 86},0, {340, 121},{0x38, 0x33, 0x66, 0xFF}}},
	{{{158, 78, 56},0, {393, 105},{0x5D, 0x47, 0x32, 0xFF}}},
	{{{157, 47, 79},0, {352, 137},{0x55, 0x1F, 0x59, 0xFF}}},
	{{{195, 42, 45},0, {414, 142},{0xF6, 0x54, 0x5F, 0xFF}}},
	{{{180, 20, 67},0, {375, 163},{0xC, 0x64, 0x4E, 0xFF}}},
	{{{160, 11, 90},0, {333, 174},{0xE, 0x62, 0x50, 0xFF}}},
	{{{195, 50, 38},0, {426, 133},{0x5B, 0x53, 0x21, 0xFF}}},
	{{{168, 82, 33},0, {435, 100},{0x53, 0x58, 0x27, 0xFF}}},
	{{{175, 86, 0},0, {496, 95},{0x59, 0x5B, 0x0, 0xFF}}},
	{{{219, 27, 0},0, {496, 156},{0x6F, 0x3E, 0x0, 0xFF}}},
	{{{213, 15, 41},0, {421, 167},{0x79, 0x26, 0x0, 0xFF}}},
	{{{216, 49, 66},0, {375, 135},{0x1D, 0x7B, 0xF8, 0xFF}}},
	{{{213, 41, 71},0, {366, 142},{0xB0, 0x55, 0x33, 0xFF}}},
	{{{238, 47, 111},0, {294, 135},{0x41, 0x46, 0x54, 0xFF}}},
	{{{232, 39, 104},0, {307, 144},{0xA4, 0x58, 0xFF, 0xFF}}},
	{{{196, 25, 108},0, {301, 158},{0xE4, 0x44, 0x68, 0xFF}}},
	{{{200, 24, 100},0, {314, 160},{0xD1, 0x76, 0xF7, 0xFF}}},
	{{{153, 3, 99},0, {317, 181},{0x27, 0x34, 0x6D, 0xFF}}},
	{{{196, 25, 108},0, {301, 158},{0xE4, 0x44, 0x68, 0xFF}}},
	{{{160, 11, 90},0, {333, 174},{0xE, 0x62, 0x50, 0xFF}}},
	{{{191, -6, 91},0, {331, 191},{0x33, 0xF0, 0x73, 0xFF}}},
	{{{238, 47, 111},0, {294, 135},{0x41, 0x46, 0x54, 0xFF}}},
	{{{215, -17, 69},0, {370, 202},{0x71, 0x7, 0x3A, 0xFF}}},
	{{{201, -102, 123},0, {273, 288},{0x55, 0xE, 0x5E, 0xFF}}},
	{{{230, -66, 63},0, {382, 251},{0x6A, 0x9, 0x46, 0xFF}}},
	{{{219, -117, 88},0, {335, 304},{0x7C, 0xE8, 0xB, 0xFF}}},
	{{{186, -176, 137},0, {247, 367},{0x51, 0xF6, 0x62, 0xFF}}},
	{{{200, -191, 107},0, {301, 381},{0x76, 0xD2, 0xE, 0xFF}}},
	{{{169, -242, 121},0, {277, 434},{0x66, 0xB7, 0x13, 0xFF}}},
	{{{158, -231, 147},0, {231, 423},{0x42, 0xDC, 0x67, 0xFF}}},
	{{{141, -188, 152},0, {222, 379},{0xFC, 0xC, 0x7E, 0xFF}}},
	{{{110, -263, 151},0, {222, 455},{0xE3, 0xEE, 0x7A, 0xFF}}},
	{{{111, -180, 137},0, {247, 369},{0xA7, 0x15, 0x58, 0xFF}}},
	{{{110, -263, 151},0, {222, 455},{0xE3, 0xEE, 0x7A, 0xFF}}},
	{{{111, -180, 137},0, {247, 369},{0xA7, 0x15, 0x58, 0xFF}}},
	{{{92, -256, 124},0, {270, 448},{0x81, 0x7, 0xFB, 0xFF}}},
	{{{98, -183, 105},0, {305, 372},{0x82, 0x1, 0xEF, 0xFF}}},
	{{{126, -203, 70},0, {368, 393},{0xD0, 0xDF, 0x8F, 0xFF}}},
	{{{110, -275, 104},0, {307, 467},{0xE3, 0xB8, 0x9B, 0xFF}}},
	{{{158, -245, 92},0, {328, 437},{0x3C, 0xB0, 0xB1, 0xFF}}},
	{{{186, -194, 72},0, {366, 383},{0x46, 0xCB, 0xA4, 0xFF}}},
	{{{133, -104, 46},0, {428, 290},{0xBD, 0x9A, 0x23, 0xFF}}},
	{{{206, -118, 57},0, {391, 307},{0x5C, 0xBF, 0x3C, 0xFF}}},
	{{{210, -186, 47},0, {412, 376},{0xD8, 0xD8, 0x72, 0xFF}}},
	{{{179, -179, 0},0, {496, 369},{0x96, 0xB9, 0x0, 0xFF}}},
	{{{153, -144, 0},0, {496, 307},{0xEA, 0x83, 0x0, 0xFF}}},
	{{{99, -205, 36},0, {431, 395},{0x40, 0xCA, 0x5F, 0xFF}}},
	{{{36, -210, 39},0, {426, 402},{0xCB, 0xFE, 0x73, 0xFF}}},
	{{{66, -100, 48},0, {410, 288},{0x27, 0x8D, 0x24, 0xFF}}},
	{{{114, -82, 62},0, {403, 267},{0xD2, 0x8A, 0xFC, 0xFF}}},
	{{{66, -100, 48},0, {410, 288},{0x27, 0x8D, 0x24, 0xFF}}},
	{{{133, -104, 46},0, {428, 290},{0xBD, 0x9A, 0x23, 0xFF}}},
	{{{36, -210, 39},0, {426, 402},{0xCB, 0xFE, 0x73, 0xFF}}},
	{{{10, -201, 0},0, {496, 390},{0x83, 0x18, 0x0, 0xFF}}},
	{{{-4, -265, 0},0, {496, 458},{0x85, 0x20, 0x0, 0xFF}}},
	{{{36, -210, -39},0, {565, 402},{0xCB, 0xFE, 0x8D, 0xFF}}},
	{{{66, -100, -48},0, {582, 288},{0x29, 0x8D, 0xDC, 0xFF}}},
	{{{133, -104, -46},0, {563, 290},{0xB7, 0x9E, 0xDD, 0xFF}}},
	{{{114, -82, -50},0, {589, 267},{0xDB, 0x8D, 0xD9, 0xFF}}},
	{{{99, -97, -85},0, {649, 284},{0xE0, 0x85, 0xFF, 0xFF}}},
	{{{38, -149, -54},0, {593, 337},{0x29, 0xB5, 0x5E, 0xFF}}},
	{{{66, -152, -100},0, {677, 342},{0x5C, 0xAC, 0xE6, 0xFF}}},
	{{{9, -188, -111},0, {695, 379},{0x2F, 0x91, 0xD9, 0xFF}}},
	{{{-8, -181, -72},0, {626, 372},{0x7, 0xA2, 0x55, 0xFF}}},
	{{{-40, -195, -113},0, {700, 386},{0x3, 0x87, 0xD8, 0xFF}}},
	{{{-40, -195, -113},0, {700, 386},{0x3, 0x87, 0xD8, 0xFF}}},
	{{{-8, -181, -72},0, {626, 372},{0x7, 0xA2, 0x55, 0xFF}}},
	{{{-48, -190, -87},0, {654, 379},{0xD5, 0xAB, 0x54, 0xFF}}},
	{{{-90, -187, -111},0, {695, 376},{0x85, 0xE4, 0xF3, 0xFF}}},
	{{{-8, -164, -132},0, {733, 353},{0x4, 0xE7, 0x84, 0xFF}}},
	{{{9, -188, -111},0, {695, 379},{0x2F, 0x91, 0xD9, 0xFF}}},
	{{{213, 15, 41},0, {421, 167},{0x79, 0x26, 0x0, 0xFF}}},
	{{{216, 49, 66},0, {375, 135},{0x1D, 0x7B, 0xF8, 0xFF}}},
	{{{238, 47, 111},0, {294, 135},{0x41, 0x46, 0x54, 0xFF}}},
	{{{215, -17, 69},0, {370, 202},{0x71, 0x7, 0x3A, 0xFF}}},
	{{{243, -55, 42},0, {419, 242},{0x70, 0x1D, 0x34, 0xFF}}},
	{{{230, -66, 63},0, {382, 251},{0x6A, 0x9, 0x46, 0xFF}}},
	{{{257, -151, 42},0, {419, 339},{0x56, 0xFF, 0x5D, 0xFF}}},
	{{{206, -118, 57},0, {391, 307},{0x5C, 0xBF, 0x3C, 0xFF}}},
	{{{219, -117, 88},0, {335, 304},{0x7C, 0xE8, 0xB, 0xFF}}},
	{{{186, -194, 72},0, {366, 383},{0x46, 0xCB, 0xA4, 0xFF}}},
	{{{186, -194, 72},0, {366, 383},{0x46, 0xCB, 0xA4, 0xFF}}},
	{{{219, -117, 88},0, {335, 304},{0x7C, 0xE8, 0xB, 0xFF}}},
	{{{200, -191, 107},0, {301, 381},{0x76, 0xD2, 0xE, 0xFF}}},
	{{{169, -242, 121},0, {277, 434},{0x66, 0xB7, 0x13, 0xFF}}},
	{{{158, -245, 92},0, {328, 437},{0x3C, 0xB0, 0xB1, 0xFF}}},
	{{{128, -283, 131},0, {259, 476},{0x48, 0x9A, 0x1A, 0xFF}}},
	{{{158, -231, 147},0, {231, 423},{0x42, 0xDC, 0x67, 0xFF}}},
	{{{110, -263, 151},0, {222, 455},{0xE3, 0xEE, 0x7A, 0xFF}}},
	{{{84, -309, 138},0, {245, 502},{0xBC, 0x98, 0x1B, 0xFF}}},
	{{{92, -256, 124},0, {270, 448},{0x81, 0x7, 0xFB, 0xFF}}},
	{{{110, -275, 104},0, {307, 467},{0xE3, 0xB8, 0x9B, 0xFF}}},
	{{{210, -186, 47},0, {412, 376},{0xD8, 0xD8, 0x72, 0xFF}}},
	{{{257, -151, 42},0, {419, 339},{0x56, 0xFF, 0x5D, 0xFF}}},
	{{{206, -118, 57},0, {391, 307},{0x5C, 0xBF, 0x3C, 0xFF}}},
	{{{260, -222, 35},0, {431, 414},{0x50, 0xE8, 0x60, 0xFF}}},
	{{{227, -268, 25},0, {451, 460},{0xCB, 0xD2, 0x6A, 0xFF}}},
	{{{179, -179, 0},0, {496, 369},{0x96, 0xB9, 0x0, 0xFF}}},
	{{{227, -268, 25},0, {451, 460},{0xCB, 0xD2, 0x6A, 0xFF}}},
	{{{210, -186, 47},0, {412, 376},{0xD8, 0xD8, 0x72, 0xFF}}},
	{{{212, -263, 0},0, {496, 455},{0x88, 0xD5, 0x0, 0xFF}}},
	{{{227, -268, -25},0, {540, 460},{0xCB, 0xD2, 0x96, 0xFF}}},
	{{{210, -186, -47},0, {579, 376},{0xD8, 0xD8, 0x8E, 0xFF}}},
	{{{133, -104, -46},0, {563, 290},{0xB7, 0x9E, 0xDD, 0xFF}}},
	{{{153, -144, 0},0, {496, 307},{0xEA, 0x83, 0x0, 0xFF}}},
	{{{99, -205, -37},0, {561, 395},{0x40, 0xCA, 0xA1, 0xFF}}},
	{{{107, -209, 0},0, {496, 400},{0x64, 0xB2, 0x0, 0xFF}}},
	{{{99, -205, 36},0, {431, 395},{0x40, 0xCA, 0x5F, 0xFF}}},
	{{{73, -249, 0},0, {496, 441},{0x58, 0xA4, 0x0, 0xFF}}},
	{{{67, -245, 29},0, {445, 437},{0x36, 0xB8, 0x59, 0xFF}}},
	{{{36, -210, 39},0, {426, 402},{0xCB, 0xFE, 0x73, 0xFF}}},
	{{{8, -270, 23},0, {454, 462},{0xC3, 0xF0, 0x6E, 0xFF}}},
	{{{-4, -265, 0},0, {496, 458},{0x85, 0x20, 0x0, 0xFF}}},
	{{{-15, -306, 0},0, {496, 500},{0xAF, 0x9E, 0x0, 0xFF}}},
	{{{8, -270, 23},0, {454, 462},{0xC3, 0xF0, 0x6E, 0xFF}}},
	{{{-4, -265, 0},0, {496, 458},{0x85, 0x20, 0x0, 0xFF}}},
	{{{8, -270, -23},0, {537, 462},{0xC3, 0xF0, 0x92, 0xFF}}},
	{{{36, -210, -39},0, {565, 402},{0xCB, 0xFE, 0x8D, 0xFF}}},
	{{{67, -245, -29},0, {547, 437},{0x36, 0xB8, 0xA7, 0xFF}}},
	{{{99, -205, -37},0, {561, 395},{0x40, 0xCA, 0xA1, 0xFF}}},
	{{{133, -104, -46},0, {563, 290},{0xB7, 0x9E, 0xDD, 0xFF}}},
	{{{73, -249, 0},0, {496, 441},{0x58, 0xA4, 0x0, 0xFF}}},
	{{{107, -209, 0},0, {496, 400},{0x64, 0xB2, 0x0, 0xFF}}},
	{{{32, -281, 0},0, {496, 474},{0x47, 0x96, 0x0, 0xFF}}},
	{{{30, -278, -18},0, {528, 472},{0x2C, 0xA6, 0xB1, 0xFF}}},
	{{{30, -278, 18},0, {463, 472},{0x2C, 0xA6, 0x4F, 0xFF}}},
	{{{67, -245, 29},0, {445, 437},{0x36, 0xB8, 0x59, 0xFF}}},
	{{{168, 82, 33},0, {435, 100},{0x53, 0x58, 0x27, 0xFF}}},
	{{{142, 99, 38},0, {426, 81},{0x38, 0x6F, 0x1B, 0xFF}}},
	{{{158, 78, 56},0, {393, 105},{0x5D, 0x47, 0x32, 0xFF}}},
	{{{148, 103, 23},0, {454, 79},{0x33, 0x71, 0x1A, 0xFF}}},
	{{{175, 86, 0},0, {496, 95},{0x59, 0x5B, 0x0, 0xFF}}},
	{{{148, 103, -23},0, {537, 79},{0x33, 0x71, 0xE6, 0xFF}}},
	{{{168, 82, -33},0, {554, 100},{0x53, 0x58, 0xD9, 0xFF}}},
	{{{195, 50, -39},0, {565, 133},{0x5B, 0x53, 0xDF, 0xFF}}},
	{{{219, 27, 0},0, {496, 156},{0x6F, 0x3E, 0x0, 0xFF}}},
	{{{213, 15, -42},0, {570, 167},{0x79, 0x26, 0x0, 0xFF}}},
	{{{253, -46, 0},0, {496, 232},{0x79, 0x26, 0x0, 0xFF}}},
	{{{213, 15, 41},0, {421, 167},{0x79, 0x26, 0x0, 0xFF}}},
	{{{243, -55, 42},0, {419, 242},{0x70, 0x1D, 0x34, 0xFF}}},
	{{{272, -156, 0},0, {496, 344},{0x7F, 0x8, 0x0, 0xFF}}},
	{{{257, -151, 42},0, {419, 339},{0x56, 0xFF, 0x5D, 0xFF}}},
	{{{260, -222, 35},0, {431, 414},{0x50, 0xE8, 0x60, 0xFF}}},
	{{{272, -156, 0},0, {496, 344},{0x7F, 0x8, 0x0, 0xFF}}},
	{{{260, -222, 35},0, {431, 414},{0x50, 0xE8, 0x60, 0xFF}}},
	{{{269, -226, 0},0, {496, 416},{0x7E, 0xED, 0x0, 0xFF}}},
	{{{252, -274, 20},0, {458, 467},{0x4E, 0xCC, 0x56, 0xFF}}},
	{{{227, -268, 25},0, {451, 460},{0xCB, 0xD2, 0x6A, 0xFF}}},
	{{{230, -323, 0},0, {496, 516},{0xF1, 0x82, 0x0, 0xFF}}},
	{{{212, -263, 0},0, {496, 455},{0x88, 0xD5, 0x0, 0xFF}}},
	{{{227, -268, -25},0, {540, 460},{0xCB, 0xD2, 0x96, 0xFF}}},
	{{{252, -274, -20},0, {533, 467},{0x4E, 0xCC, 0xAA, 0xFF}}},
	{{{260, -222, -36},0, {561, 414},{0x50, 0xE8, 0xA0, 0xFF}}},
	{{{210, -186, -47},0, {579, 376},{0xD8, 0xD8, 0x8E, 0xFF}}},
	{{{257, -151, -42},0, {570, 339},{0x56, 0xFF, 0xA3, 0xFF}}},
	{{{206, -118, -58},0, {600, 307},{0x5C, 0xBF, 0xC4, 0xFF}}},
	{{{133, -104, -46},0, {563, 290},{0xB7, 0x9E, 0xDD, 0xFF}}},
	{{{186, -194, -72},0, {626, 383},{0x46, 0xCB, 0x5C, 0xFF}}},
	{{{126, -203, -70},0, {621, 393},{0xD0, 0xDF, 0x71, 0xFF}}},
	{{{126, -203, -70},0, {621, 393},{0xD0, 0xDF, 0x71, 0xFF}}},
	{{{133, -104, -46},0, {563, 290},{0xB7, 0x9E, 0xDD, 0xFF}}},
	{{{99, -97, -85},0, {649, 284},{0xE0, 0x85, 0xFF, 0xFF}}},
	{{{114, -82, -50},0, {589, 267},{0xDB, 0x8D, 0xD9, 0xFF}}},
	{{{98, -183, -106},0, {686, 372},{0x82, 0x1, 0x11, 0xFF}}},
	{{{111, -180, -137},0, {744, 369},{0xA7, 0x15, 0xA8, 0xFF}}},
	{{{117, -76, -118},0, {707, 263},{0xAE, 0xFF, 0x9F, 0xFF}}},
	{{{141, -188, -152},0, {770, 379},{0xFC, 0xC, 0x82, 0xFF}}},
	{{{110, -263, -151},0, {770, 455},{0xE3, 0xEE, 0x86, 0xFF}}},
	{{{158, -231, -147},0, {760, 423},{0x42, 0xDC, 0x99, 0xFF}}},
	{{{186, -176, -137},0, {742, 367},{0x51, 0xF6, 0x9E, 0xFF}}},
	{{{169, -242, -121},0, {714, 434},{0x66, 0xB7, 0xED, 0xFF}}},
	{{{200, -191, -108},0, {688, 381},{0x76, 0xD2, 0xF2, 0xFF}}},
	{{{219, -117, -89},0, {656, 304},{0x7C, 0xE8, 0xF5, 0xFF}}},
	{{{201, -102, -123},0, {716, 288},{0x55, 0xE, 0xA2, 0xFF}}},
	{{{230, -66, -63},0, {609, 251},{0x6A, 0x9, 0xBA, 0xFF}}},
	{{{215, -17, -69},0, {621, 202},{0x71, 0x7, 0xC6, 0xFF}}},
	{{{230, -66, -63},0, {609, 251},{0x6A, 0x9, 0xBA, 0xFF}}},
	{{{201, -102, -123},0, {716, 288},{0x55, 0xE, 0xA2, 0xFF}}},
	{{{191, -6, -92},0, {661, 191},{0x33, 0xF0, 0x8D, 0xFF}}},
	{{{238, 47, -112},0, {698, 135},{0x41, 0x46, 0xAC, 0xFF}}},
	{{{196, 25, -108},0, {691, 158},{0xE4, 0x44, 0x98, 0xFF}}},
	{{{213, 15, -42},0, {570, 167},{0x79, 0x26, 0x0, 0xFF}}},
	{{{216, 49, -66},0, {614, 135},{0x1D, 0x7B, 0x8, 0xFF}}},
	{{{195, 50, -39},0, {565, 133},{0x5B, 0x53, 0xDF, 0xFF}}},
	{{{243, -55, -42},0, {572, 242},{0x70, 0x1D, 0xCC, 0xFF}}},
	{{{253, -46, 0},0, {496, 232},{0x79, 0x26, 0x0, 0xFF}}},
	{{{272, -156, 0},0, {496, 344},{0x7F, 0x8, 0x0, 0xFF}}},
	{{{257, -151, -42},0, {570, 339},{0x56, 0xFF, 0xA3, 0xFF}}},
	{{{260, -222, -36},0, {561, 414},{0x50, 0xE8, 0xA0, 0xFF}}},
	{{{269, -226, 0},0, {496, 416},{0x7E, 0xED, 0x0, 0xFF}}},
	{{{252, -274, -20},0, {533, 467},{0x4E, 0xCC, 0xAA, 0xFF}}},
	{{{269, -226, 0},0, {496, 416},{0x7E, 0xED, 0x0, 0xFF}}},
	{{{256, -276, 0},0, {496, 469},{0x76, 0xD1, 0x0, 0xFF}}},
	{{{252, -274, -20},0, {533, 467},{0x4E, 0xCC, 0xAA, 0xFF}}},
	{{{252, -274, 20},0, {458, 467},{0x4E, 0xCC, 0x56, 0xFF}}},
	{{{230, -323, 0},0, {496, 516},{0xF1, 0x82, 0x0, 0xFF}}},
	{{{230, -66, -63},0, {609, 251},{0x6A, 0x9, 0xBA, 0xFF}}},
	{{{243, -55, -42},0, {572, 242},{0x70, 0x1D, 0xCC, 0xFF}}},
	{{{257, -151, -42},0, {570, 339},{0x56, 0xFF, 0xA3, 0xFF}}},
	{{{215, -17, -69},0, {621, 202},{0x71, 0x7, 0xC6, 0xFF}}},
	{{{206, -118, -58},0, {600, 307},{0x5C, 0xBF, 0xC4, 0xFF}}},
	{{{219, -117, -89},0, {656, 304},{0x7C, 0xE8, 0xF5, 0xFF}}},
	{{{186, -194, -72},0, {626, 383},{0x46, 0xCB, 0x5C, 0xFF}}},
	{{{200, -191, -108},0, {688, 381},{0x76, 0xD2, 0xF2, 0xFF}}},
	{{{169, -242, -121},0, {714, 434},{0x66, 0xB7, 0xED, 0xFF}}},
	{{{158, -245, -93},0, {663, 437},{0x3C, 0xB0, 0x4F, 0xFF}}},
	{{{126, -203, -70},0, {621, 393},{0xD0, 0xDF, 0x71, 0xFF}}},
	{{{158, -245, -93},0, {663, 437},{0x3C, 0xB0, 0x4F, 0xFF}}},
	{{{126, -203, -70},0, {621, 393},{0xD0, 0xDF, 0x71, 0xFF}}},
	{{{110, -275, -104},0, {684, 467},{0xE3, 0xB8, 0x65, 0xFF}}},
	{{{92, -256, -124},0, {721, 448},{0x81, 0x7, 0x5, 0xFF}}},
	{{{98, -183, -106},0, {686, 372},{0x82, 0x1, 0x11, 0xFF}}},
	{{{111, -180, -137},0, {744, 369},{0xA7, 0x15, 0xA8, 0xFF}}},
	{{{110, -263, -151},0, {770, 455},{0xE3, 0xEE, 0x86, 0xFF}}},
	{{{84, -309, -138},0, {744, 502},{0xBC, 0x98, 0xE5, 0xFF}}},
	{{{128, -283, -131},0, {733, 476},{0x48, 0x9A, 0xE6, 0xFF}}},
	{{{158, -231, -147},0, {760, 423},{0x42, 0xDC, 0x99, 0xFF}}},
	{{{169, -242, -121},0, {714, 434},{0x66, 0xB7, 0xED, 0xFF}}},
	{{{168, 82, -33},0, {554, 100},{0x53, 0x58, 0xD9, 0xFF}}},
	{{{195, 50, -39},0, {565, 133},{0x5B, 0x53, 0xDF, 0xFF}}},
	{{{158, 78, -56},0, {596, 105},{0x5D, 0x47, 0xCE, 0xFF}}},
	{{{-15, -306, 0},0, {496, 500},{0xAF, 0x9E, 0x0, 0xFF}}},
	{{{8, -270, -23},0, {537, 462},{0xC3, 0xF0, 0x92, 0xFF}}},
	{{{30, -278, -18},0, {528, 472},{0x2C, 0xA6, 0xB1, 0xFF}}},
	{{{67, -245, -29},0, {547, 437},{0x36, 0xB8, 0xA7, 0xFF}}},
	{{{-40, -195, 113},0, {291, 386},{0x3, 0x87, 0x28, 0xFF}}},
	{{{-8, -164, 132},0, {256, 353},{0xF5, 0xEF, 0x7D, 0xFF}}},
	{{{-48, -180, 127},0, {266, 369},{0xE1, 0xEC, 0x7A, 0xFF}}},
	{{{9, -188, 111},0, {296, 379},{0x2F, 0x91, 0x27, 0xFF}}},
	{{{-8, -181, 72},0, {366, 372},{0x7, 0xA2, 0xAB, 0xFF}}},
	{{{-48, -190, 87},0, {335, 379},{0xD5, 0xAB, 0xAC, 0xFF}}},
	{{{-90, -187, 110},0, {296, 376},{0x85, 0xE4, 0xD, 0xFF}}},
	{{{-63, -161, 103},0, {310, 349},{0x94, 0x43, 0x3, 0xFF}}},
	{{{-21, -138, 59},0, {389, 325},{0xB5, 0xFB, 0x99, 0xFF}}},
	{{{38, -149, 53},0, {398, 337},{0x29, 0xB5, 0xA2, 0xFF}}},
};

Gfx mario_000_displaylist_mesh_layer_1_tri_0[] = {
	gsSPVertex(mario_000_displaylist_mesh_layer_1_vtx_0 + 0, 16, 0),
	gsSP1Triangle(0, 1, 2, 0),
	gsSP1Triangle(3, 0, 2, 0),
	gsSP1Triangle(3, 2, 4, 0),
	gsSP1Triangle(5, 3, 4, 0),
	gsSP1Triangle(6, 5, 4, 0),
	gsSP1Triangle(4, 7, 6, 0),
	gsSP1Triangle(7, 4, 8, 0),
	gsSP1Triangle(9, 7, 8, 0),
	gsSP1Triangle(10, 9, 8, 0),
	gsSP1Triangle(11, 9, 10, 0),
	gsSP1Triangle(10, 12, 11, 0),
	gsSP1Triangle(13, 11, 12, 0),
	gsSP1Triangle(11, 13, 14, 0),
	gsSP1Triangle(13, 15, 14, 0),
	gsSPVertex(mario_000_displaylist_mesh_layer_1_vtx_0 + 16, 16, 0),
	gsSP1Triangle(0, 1, 2, 0),
	gsSP1Triangle(0, 2, 3, 0),
	gsSP1Triangle(2, 4, 3, 0),
	gsSP1Triangle(4, 2, 5, 0),
	gsSP1Triangle(6, 5, 2, 0),
	gsSP1Triangle(6, 2, 7, 0),
	gsSP1Triangle(6, 7, 8, 0),
	gsSP1Triangle(8, 7, 9, 0),
	gsSP1Triangle(10, 6, 8, 0),
	gsSP1Triangle(5, 6, 10, 0),
	gsSP1Triangle(5, 10, 11, 0),
	gsSP1Triangle(10, 12, 11, 0),
	gsSP1Triangle(12, 10, 8, 0),
	gsSP1Triangle(12, 8, 13, 0),
	gsSP1Triangle(14, 13, 8, 0),
	gsSP1Triangle(15, 14, 8, 0),
	gsSPVertex(mario_000_displaylist_mesh_layer_1_vtx_0 + 32, 16, 0),
	gsSP1Triangle(0, 1, 2, 0),
	gsSP1Triangle(0, 3, 1, 0),
	gsSP1Triangle(0, 4, 3, 0),
	gsSP1Triangle(3, 4, 5, 0),
	gsSP1Triangle(4, 6, 5, 0),
	gsSP1Triangle(5, 6, 7, 0),
	gsSP1Triangle(8, 7, 6, 0),
	gsSP1Triangle(9, 8, 6, 0),
	gsSP1Triangle(10, 8, 9, 0),
	gsSP1Triangle(11, 10, 9, 0),
	gsSP1Triangle(11, 12, 10, 0),
	gsSP1Triangle(11, 13, 12, 0),
	gsSP1Triangle(12, 13, 14, 0),
	gsSP1Triangle(14, 13, 15, 0),
	gsSPVertex(mario_000_displaylist_mesh_layer_1_vtx_0 + 48, 16, 0),
	gsSP1Triangle(0, 1, 2, 0),
	gsSP1Triangle(0, 2, 3, 0),
	gsSP1Triangle(3, 2, 4, 0),
	gsSP1Triangle(3, 5, 0, 0),
	gsSP1Triangle(6, 5, 3, 0),
	gsSP1Triangle(6, 7, 5, 0),
	gsSP1Triangle(6, 8, 7, 0),
	gsSP1Triangle(6, 9, 8, 0),
	gsSP1Triangle(9, 6, 10, 0),
	gsSP1Triangle(10, 6, 11, 0),
	gsSP1Triangle(12, 11, 6, 0),
	gsSP1Triangle(11, 12, 13, 0),
	gsSP1Triangle(14, 13, 12, 0),
	gsSP1Triangle(14, 15, 13, 0),
	gsSPVertex(mario_000_displaylist_mesh_layer_1_vtx_0 + 64, 16, 0),
	gsSP1Triangle(0, 1, 2, 0),
	gsSP1Triangle(2, 1, 3, 0),
	gsSP1Triangle(4, 3, 1, 0),
	gsSP1Triangle(5, 4, 1, 0),
	gsSP1Triangle(5, 6, 4, 0),
	gsSP1Triangle(6, 7, 4, 0),
	gsSP1Triangle(7, 6, 8, 0),
	gsSP1Triangle(8, 6, 9, 0),
	gsSP1Triangle(8, 9, 10, 0),
	gsSP1Triangle(10, 9, 11, 0),
	gsSP1Triangle(9, 12, 11, 0),
	gsSP1Triangle(12, 13, 11, 0),
	gsSP1Triangle(13, 12, 14, 0),
	gsSP1Triangle(13, 14, 15, 0),
	gsSPVertex(mario_000_displaylist_mesh_layer_1_vtx_0 + 80, 16, 0),
	gsSP1Triangle(0, 1, 2, 0),
	gsSP1Triangle(3, 2, 1, 0),
	gsSP1Triangle(4, 3, 1, 0),
	gsSP1Triangle(5, 4, 1, 0),
	gsSP1Triangle(5, 1, 6, 0),
	gsSP1Triangle(5, 6, 7, 0),
	gsSP1Triangle(7, 6, 8, 0),
	gsSP1Triangle(7, 8, 9, 0),
	gsSP1Triangle(9, 8, 10, 0),
	gsSP1Triangle(11, 9, 10, 0),
	gsSP1Triangle(11, 12, 9, 0),
	gsSP1Triangle(13, 12, 11, 0),
	gsSP1Triangle(12, 13, 14, 0),
	gsSP1Triangle(14, 13, 15, 0),
	gsSPVertex(mario_000_displaylist_mesh_layer_1_vtx_0 + 96, 16, 0),
	gsSP1Triangle(0, 1, 2, 0),
	gsSP1Triangle(3, 2, 1, 0),
	gsSP1Triangle(3, 4, 2, 0),
	gsSP1Triangle(5, 2, 4, 0),
	gsSP1Triangle(5, 4, 6, 0),
	gsSP1Triangle(7, 5, 6, 0),
	gsSP1Triangle(6, 8, 7, 0),
	gsSP1Triangle(8, 9, 7, 0),
	gsSP1Triangle(8, 10, 9, 0),
	gsSP1Triangle(9, 10, 11, 0),
	gsSP1Triangle(12, 9, 11, 0),
	gsSP1Triangle(12, 11, 13, 0),
	gsSP1Triangle(14, 12, 13, 0),
	gsSP1Triangle(14, 13, 15, 0),
	gsSPVertex(mario_000_displaylist_mesh_layer_1_vtx_0 + 112, 16, 0),
	gsSP1Triangle(0, 1, 2, 0),
	gsSP1Triangle(2, 1, 3, 0),
	gsSP1Triangle(3, 1, 4, 0),
	gsSP1Triangle(5, 4, 1, 0),
	gsSP1Triangle(5, 6, 4, 0),
	gsSP1Triangle(7, 6, 5, 0),
	gsSP1Triangle(8, 7, 5, 0),
	gsSP1Triangle(8, 5, 9, 0),
	gsSP1Triangle(5, 10, 9, 0),
	gsSP1Triangle(9, 10, 11, 0),
	gsSP1Triangle(10, 12, 11, 0),
	gsSP1Triangle(11, 12, 13, 0),
	gsSP1Triangle(14, 13, 12, 0),
	gsSP1Triangle(14, 12, 15, 0),
	gsSPVertex(mario_000_displaylist_mesh_layer_1_vtx_0 + 128, 16, 0),
	gsSP1Triangle(0, 1, 2, 0),
	gsSP1Triangle(0, 3, 1, 0),
	gsSP1Triangle(0, 4, 3, 0),
	gsSP1Triangle(5, 4, 0, 0),
	gsSP1Triangle(5, 6, 4, 0),
	gsSP1Triangle(7, 6, 5, 0),
	gsSP1Triangle(8, 6, 7, 0),
	gsSP1Triangle(9, 8, 7, 0),
	gsSP1Triangle(7, 10, 9, 0),
	gsSP1Triangle(10, 11, 9, 0),
	gsSP1Triangle(12, 11, 10, 0),
	gsSP1Triangle(10, 13, 12, 0),
	gsSP1Triangle(12, 13, 4, 0),
	gsSP1Triangle(4, 13, 3, 0),
	gsSP1Triangle(3, 13, 14, 0),
	gsSP1Triangle(15, 3, 14, 0),
	gsSPVertex(mario_000_displaylist_mesh_layer_1_vtx_0 + 144, 16, 0),
	gsSP1Triangle(0, 1, 2, 0),
	gsSP1Triangle(2, 1, 3, 0),
	gsSP1Triangle(4, 2, 3, 0),
	gsSP1Triangle(5, 4, 3, 0),
	gsSP1Triangle(6, 4, 5, 0),
	gsSP1Triangle(7, 6, 5, 0),
	gsSP1Triangle(8, 7, 5, 0),
	gsSP1Triangle(9, 7, 8, 0),
	gsSP1Triangle(8, 10, 9, 0),
	gsSP1Triangle(9, 10, 11, 0),
	gsSP1Triangle(11, 10, 12, 0),
	gsSP1Triangle(10, 13, 12, 0),
	gsSP1Triangle(12, 13, 14, 0),
	gsSP1Triangle(13, 15, 14, 0),
	gsSPVertex(mario_000_displaylist_mesh_layer_1_vtx_0 + 160, 16, 0),
	gsSP1Triangle(0, 1, 2, 0),
	gsSP1Triangle(3, 0, 2, 0),
	gsSP1Triangle(2, 4, 3, 0),
	gsSP1Triangle(2, 5, 4, 0),
	gsSP1Triangle(5, 6, 4, 0),
	gsSP1Triangle(7, 6, 5, 0),
	gsSP1Triangle(7, 5, 8, 0),
	gsSP1Triangle(8, 5, 9, 0),
	gsSP1Triangle(5, 10, 9, 0),
	gsSP1Triangle(10, 11, 9, 0),
	gsSP1Triangle(10, 12, 11, 0),
	gsSP1Triangle(12, 13, 11, 0),
	gsSP1Triangle(14, 11, 13, 0),
	gsSP1Triangle(15, 11, 14, 0),
	gsSPVertex(mario_000_displaylist_mesh_layer_1_vtx_0 + 176, 16, 0),
	gsSP1Triangle(0, 1, 2, 0),
	gsSP1Triangle(3, 0, 2, 0),
	gsSP1Triangle(3, 2, 4, 0),
	gsSP1Triangle(5, 3, 4, 0),
	gsSP1Triangle(5, 4, 6, 0),
	gsSP1Triangle(6, 4, 7, 0),
	gsSP1Triangle(7, 4, 8, 0),
	gsSP1Triangle(9, 7, 8, 0),
	gsSP1Triangle(6, 7, 10, 0),
	gsSP1Triangle(7, 11, 10, 0),
	gsSP1Triangle(12, 6, 10, 0),
	gsSP1Triangle(13, 6, 12, 0),
	gsSP1Triangle(12, 14, 13, 0),
	gsSP1Triangle(12, 15, 14, 0),
	gsSPVertex(mario_000_displaylist_mesh_layer_1_vtx_0 + 192, 16, 0),
	gsSP1Triangle(0, 1, 2, 0),
	gsSP1Triangle(3, 2, 1, 0),
	gsSP1Triangle(4, 5, 0, 0),
	gsSP1Triangle(4, 6, 5, 0),
	gsSP1Triangle(7, 5, 6, 0),
	gsSP1Triangle(8, 7, 6, 0),
	gsSP1Triangle(8, 9, 7, 0),
	gsSP1Triangle(10, 7, 9, 0),
	gsSP1Triangle(9, 11, 10, 0),
	gsSP1Triangle(12, 10, 11, 0),
	gsSP1Triangle(10, 12, 13, 0),
	gsSP1Triangle(13, 12, 14, 0),
	gsSP1Triangle(14, 12, 15, 0),
	gsSPVertex(mario_000_displaylist_mesh_layer_1_vtx_0 + 208, 16, 0),
	gsSP1Triangle(0, 1, 2, 0),
	gsSP1Triangle(1, 3, 2, 0),
	gsSP1Triangle(4, 3, 1, 0),
	gsSP1Triangle(5, 0, 2, 0),
	gsSP1Triangle(6, 0, 5, 0),
	gsSP1Triangle(7, 6, 5, 0),
	gsSP1Triangle(8, 7, 5, 0),
	gsSP1Triangle(8, 5, 9, 0),
	gsSP1Triangle(9, 5, 10, 0),
	gsSP1Triangle(5, 2, 10, 0),
	gsSP1Triangle(10, 2, 11, 0),
	gsSP1Triangle(10, 11, 12, 0),
	gsSP1Triangle(12, 11, 13, 0),
	gsSP1Triangle(12, 13, 14, 0),
	gsSP1Triangle(13, 15, 14, 0),
	gsSP1Triangle(4, 14, 15, 0),
	gsSPVertex(mario_000_displaylist_mesh_layer_1_vtx_0 + 224, 16, 0),
	gsSP1Triangle(0, 1, 2, 0),
	gsSP1Triangle(0, 3, 1, 0),
	gsSP1Triangle(1, 3, 4, 0),
	gsSP1Triangle(4, 3, 5, 0),
	gsSP1Triangle(5, 3, 6, 0),
	gsSP1Triangle(5, 6, 7, 0),
	gsSP1Triangle(6, 8, 7, 0),
	gsSP1Triangle(9, 8, 6, 0),
	gsSP1Triangle(10, 8, 9, 0),
	gsSP1Triangle(10, 9, 11, 0),
	gsSP1Triangle(9, 12, 11, 0),
	gsSP1Triangle(9, 13, 12, 0),
	gsSP1Triangle(14, 12, 13, 0),
	gsSP1Triangle(14, 13, 15, 0),
	gsSPVertex(mario_000_displaylist_mesh_layer_1_vtx_0 + 240, 16, 0),
	gsSP1Triangle(0, 1, 2, 0),
	gsSP1Triangle(2, 1, 3, 0),
	gsSP1Triangle(4, 2, 3, 0),
	gsSP1Triangle(5, 2, 4, 0),
	gsSP1Triangle(6, 5, 4, 0),
	gsSP1Triangle(7, 6, 4, 0),
	gsSP1Triangle(4, 8, 7, 0),
	gsSP1Triangle(7, 8, 9, 0),
	gsSP1Triangle(8, 10, 9, 0),
	gsSP1Triangle(10, 8, 11, 0),
	gsSP1Triangle(11, 8, 12, 0),
	gsSP1Triangle(12, 8, 13, 0),
	gsSP1Triangle(13, 8, 14, 0),
	gsSP1Triangle(8, 15, 14, 0),
	gsSPVertex(mario_000_displaylist_mesh_layer_1_vtx_0 + 256, 16, 0),
	gsSP1Triangle(0, 1, 2, 0),
	gsSP1Triangle(3, 1, 4, 0),
	gsSP1Triangle(3, 4, 5, 0),
	gsSP1Triangle(6, 5, 4, 0),
	gsSP1Triangle(6, 4, 7, 0),
	gsSP1Triangle(8, 6, 7, 0),
	gsSP1Triangle(9, 8, 7, 0),
	gsSP1Triangle(10, 9, 7, 0),
	gsSP1Triangle(10, 7, 11, 0),
	gsSP1Triangle(12, 10, 11, 0),
	gsSP1Triangle(12, 11, 13, 0),
	gsSP1Triangle(11, 14, 13, 0),
	gsSP1Triangle(15, 13, 14, 0),
	gsSPVertex(mario_000_displaylist_mesh_layer_1_vtx_0 + 272, 16, 0),
	gsSP1Triangle(0, 1, 2, 0),
	gsSP1Triangle(3, 0, 2, 0),
	gsSP1Triangle(0, 4, 5, 0),
	gsSP1Triangle(6, 7, 8, 0),
	gsSP1Triangle(8, 9, 6, 0),
	gsSP1Triangle(6, 9, 10, 0),
	gsSP1Triangle(11, 10, 9, 0),
	gsSP1Triangle(11, 12, 10, 0),
	gsSP1Triangle(11, 13, 12, 0),
	gsSP1Triangle(14, 13, 11, 0),
	gsSP1Triangle(13, 14, 15, 0),
	gsSPVertex(mario_000_displaylist_mesh_layer_1_vtx_0 + 288, 16, 0),
	gsSP1Triangle(0, 1, 2, 0),
	gsSP1Triangle(2, 3, 0, 0),
	gsSP1Triangle(0, 3, 4, 0),
	gsSP1Triangle(5, 4, 3, 0),
	gsSP1Triangle(6, 5, 3, 0),
	gsSP1Triangle(7, 5, 6, 0),
	gsSP1Triangle(8, 5, 7, 0),
	gsSP1Triangle(8, 7, 9, 0),
	gsSP1Triangle(8, 9, 10, 0),
	gsSP1Triangle(8, 10, 5, 0),
	gsSP1Triangle(10, 4, 5, 0),
	gsSP1Triangle(11, 12, 13, 0),
	gsSP1Triangle(14, 12, 11, 0),
	gsSP1Triangle(11, 15, 14, 0),
	gsSPVertex(mario_000_displaylist_mesh_layer_1_vtx_0 + 304, 16, 0),
	gsSP1Triangle(0, 1, 2, 0),
	gsSP1Triangle(3, 1, 0, 0),
	gsSP1Triangle(3, 0, 4, 0),
	gsSP1Triangle(0, 5, 4, 0),
	gsSP1Triangle(5, 0, 6, 0),
	gsSP1Triangle(6, 0, 7, 0),
	gsSP1Triangle(7, 8, 6, 0),
	gsSP1Triangle(8, 7, 9, 0),
	gsSP1Triangle(10, 9, 7, 0),
	gsSP1Triangle(11, 9, 10, 0),
	gsSP1Triangle(12, 11, 10, 0),
	gsSP1Triangle(10, 13, 12, 0),
	gsSP1Triangle(14, 12, 13, 0),
	gsSP1Triangle(13, 15, 14, 0),
	gsSPVertex(mario_000_displaylist_mesh_layer_1_vtx_0 + 320, 14, 0),
	gsSP1Triangle(0, 1, 2, 0),
	gsSP1Triangle(0, 2, 3, 0),
	gsSP1Triangle(4, 3, 2, 0),
	gsSP1Triangle(3, 4, 5, 0),
	gsSP1Triangle(6, 5, 4, 0),
	gsSP1Triangle(6, 4, 7, 0),
	gsSP1Triangle(5, 6, 8, 0),
	gsSP1Triangle(8, 6, 9, 0),
	gsSP1Triangle(10, 5, 8, 0),
	gsSP1Triangle(10, 11, 5, 0),
	gsSP1Triangle(0, 11, 10, 0),
	gsSP1Triangle(0, 10, 12, 0),
	gsSP1Triangle(10, 13, 12, 0),
	gsSP1Triangle(10, 8, 13, 0),
	gsSP1Triangle(1, 12, 13, 0),
	gsSP1Triangle(0, 12, 1, 0),
	gsSPVertex(mario_000_displaylist_mesh_layer_1_vtx_0 + 334, 16, 0),
	gsSP1Triangle(0, 1, 2, 0),
	gsSP1Triangle(1, 0, 3, 0),
	gsSP1Triangle(3, 0, 4, 0),
	gsSP1Triangle(4, 5, 3, 0),
	gsSP1Triangle(5, 4, 6, 0),
	gsSP1Triangle(4, 7, 6, 0),
	gsSP1Triangle(8, 7, 4, 0),
	gsSP1Triangle(8, 9, 7, 0),
	gsSP1Triangle(10, 9, 8, 0),
	gsSP1Triangle(11, 10, 8, 0),
	gsSP1Triangle(12, 10, 11, 0),
	gsSP1Triangle(10, 12, 13, 0),
	gsSP1Triangle(13, 12, 14, 0),
	gsSP1Triangle(14, 15, 13, 0),
	gsSPVertex(mario_000_displaylist_mesh_layer_1_vtx_0 + 350, 16, 0),
	gsSP1Triangle(0, 1, 2, 0),
	gsSP1Triangle(1, 3, 2, 0),
	gsSP1Triangle(3, 1, 4, 0),
	gsSP1Triangle(3, 4, 5, 0),
	gsSP1Triangle(5, 4, 6, 0),
	gsSP1Triangle(5, 6, 7, 0),
	gsSP1Triangle(8, 5, 7, 0),
	gsSP1Triangle(8, 7, 9, 0),
	gsSP1Triangle(10, 9, 7, 0),
	gsSP1Triangle(9, 10, 11, 0),
	gsSP1Triangle(10, 12, 11, 0),
	gsSP1Triangle(13, 12, 10, 0),
	gsSP1Triangle(14, 12, 13, 0),
	gsSP1Triangle(15, 14, 13, 0),
	gsSPVertex(mario_000_displaylist_mesh_layer_1_vtx_0 + 366, 16, 0),
	gsSP1Triangle(0, 1, 2, 0),
	gsSP1Triangle(2, 1, 3, 0),
	gsSP1Triangle(0, 2, 4, 0),
	gsSP1Triangle(5, 4, 2, 0),
	gsSP1Triangle(6, 5, 2, 0),
	gsSP1Triangle(7, 5, 6, 0),
	gsSP1Triangle(8, 5, 7, 0),
	gsSP1Triangle(8, 7, 9, 0),
	gsSP1Triangle(10, 9, 7, 0),
	gsSP1Triangle(10, 11, 9, 0),
	gsSP1Triangle(12, 11, 10, 0),
	gsSP1Triangle(12, 10, 13, 0),
	gsSP1Triangle(10, 14, 13, 0),
	gsSP1Triangle(14, 15, 13, 0),
	gsSPVertex(mario_000_displaylist_mesh_layer_1_vtx_0 + 382, 16, 0),
	gsSP1Triangle(0, 1, 2, 0),
	gsSP1Triangle(0, 2, 3, 0),
	gsSP1Triangle(4, 0, 3, 0),
	gsSP1Triangle(5, 4, 3, 0),
	gsSP1Triangle(4, 6, 0, 0),
	gsSP1Triangle(6, 4, 7, 0),
	gsSP1Triangle(6, 7, 8, 0),
	gsSP1Triangle(6, 9, 0, 0),
	gsSP1Triangle(9, 6, 10, 0),
	gsSP1Triangle(10, 11, 9, 0),
	gsSP1Triangle(11, 12, 9, 0),
	gsSP1Triangle(12, 11, 13, 0),
	gsSP1Triangle(11, 14, 13, 0),
	gsSP1Triangle(13, 14, 15, 0),
	gsSPVertex(mario_000_displaylist_mesh_layer_1_vtx_0 + 398, 16, 0),
	gsSP1Triangle(0, 1, 2, 0),
	gsSP1Triangle(0, 3, 1, 0),
	gsSP1Triangle(1, 3, 4, 0),
	gsSP1Triangle(1, 4, 2, 0),
	gsSP1Triangle(5, 6, 7, 0),
	gsSP1Triangle(5, 8, 6, 0),
	gsSP1Triangle(5, 7, 9, 0),
	gsSP1Triangle(10, 5, 9, 0),
	gsSP1Triangle(9, 11, 10, 0),
	gsSP1Triangle(11, 12, 10, 0),
	gsSP1Triangle(12, 11, 13, 0),
	gsSP1Triangle(11, 14, 13, 0),
	gsSP1Triangle(11, 15, 14, 0),
	gsSPVertex(mario_000_displaylist_mesh_layer_1_vtx_0 + 414, 14, 0),
	gsSP1Triangle(0, 1, 2, 0),
	gsSP1Triangle(2, 1, 3, 0),
	gsSP1Triangle(1, 4, 3, 0),
	gsSP1Triangle(3, 4, 5, 0),
	gsSP1Triangle(6, 3, 5, 0),
	gsSP1Triangle(7, 3, 6, 0),
	gsSP1Triangle(7, 6, 8, 0),
	gsSP1Triangle(6, 9, 8, 0),
	gsSP1Triangle(9, 10, 8, 0),
	gsSP1Triangle(8, 10, 0, 0),
	gsSP1Triangle(2, 8, 0, 0),
	gsSP1Triangle(7, 8, 2, 0),
	gsSP1Triangle(7, 2, 3, 0),
	gsSP1Triangle(11, 12, 13, 0),
	gsSPVertex(mario_000_displaylist_mesh_layer_1_vtx_0 + 428, 14, 0),
	gsSP1Triangle(0, 1, 2, 0),
	gsSP1Triangle(1, 3, 2, 0),
	gsSP1Triangle(4, 5, 6, 0),
	gsSP1Triangle(4, 7, 5, 0),
	gsSP1Triangle(4, 8, 7, 0),
	gsSP1Triangle(4, 9, 8, 0),
	gsSP1Triangle(10, 9, 4, 0),
	gsSP1Triangle(10, 4, 6, 0),
	gsSP1Triangle(11, 10, 6, 0),
	gsSP1Triangle(10, 11, 9, 0),
	gsSP1Triangle(11, 12, 9, 0),
	gsSP1Triangle(9, 12, 8, 0),
	gsSP1Triangle(8, 12, 13, 0),
	gsSP1Triangle(13, 7, 8, 0),
	gsSPEndDisplayList(),
};

Vtx mario_000_displaylist_mesh_layer_1_vtx_1[69] = {
	{{{160, 11, 90},0, {-16, -16},{0xE, 0x62, 0x50, 0xFF}}},
	{{{200, 24, 100},0, {-16, -16},{0xD1, 0x76, 0xF7, 0xFF}}},
	{{{180, 20, 67},0, {-16, -16},{0xC, 0x64, 0x4E, 0xFF}}},
	{{{232, 39, 104},0, {-16, -16},{0xA4, 0x58, 0xFF, 0xFF}}},
	{{{213, 41, 71},0, {-16, -16},{0xB0, 0x55, 0x33, 0xFF}}},
	{{{195, 42, 45},0, {-16, -16},{0xF6, 0x54, 0x5F, 0xFF}}},
	{{{8, 34, -28},0, {-16, -16},{0x87, 0x19, 0xE1, 0xFF}}},
	{{{19, 6, -57},0, {-16, -16},{0x96, 0x25, 0xC4, 0xFF}}},
	{{{6, 6, -29},0, {-16, -16},{0x84, 0xE, 0xE8, 0xFF}}},
	{{{4, 7, 0},0, {-16, -16},{0x81, 0x3, 0x0, 0xFF}}},
	{{{7, 47, 0},0, {-16, -16},{0x86, 0x24, 0x0, 0xFF}}},
	{{{8, 34, 28},0, {-16, -16},{0x87, 0x19, 0x1F, 0xFF}}},
	{{{6, 6, 29},0, {-16, -16},{0x84, 0xE, 0x18, 0xFF}}},
	{{{19, 6, 56},0, {-16, -16},{0x98, 0x25, 0x3F, 0xFF}}},
	{{{21, 44, 53},0, {-16, -16},{0x9F, 0x29, 0x47, 0xFF}}},
	{{{39, 41, 71},0, {-16, -16},{0xCB, 0x2E, 0x6A, 0xFF}}},
	{{{19, 6, 56},0, {-16, -16},{0x98, 0x25, 0x3F, 0xFF}}},
	{{{44, 22, 78},0, {-16, -16},{0xC7, 0x28, 0x6A, 0xFF}}},
	{{{39, 41, 71},0, {-16, -16},{0xCB, 0x2E, 0x6A, 0xFF}}},
	{{{55, 44, 71},0, {-16, -16},{0xF9, 0x51, 0x62, 0xFF}}},
	{{{44, 62, 57},0, {-16, -16},{0x4, 0x67, 0x4B, 0xFF}}},
	{{{52, 53, 63},0, {-16, -16},{0x1F, 0x58, 0x56, 0xFF}}},
	{{{45, 67, 34},0, {-16, -16},{0x71, 0x2B, 0x28, 0xFF}}},
	{{{40, 74, 42},0, {-16, -16},{0x15, 0x5E, 0x53, 0xFF}}},
	{{{47, 88, 22},0, {-16, -16},{0x4F, 0x4D, 0x3F, 0xFF}}},
	{{{53, 87, 8},0, {-16, -16},{0x68, 0x41, 0x21, 0xFF}}},
	{{{49, 93, 8},0, {-16, -16},{0x31, 0x73, 0x18, 0xFF}}},
	{{{55, 87, 0},0, {-16, -16},{0x60, 0x54, 0x0, 0xFF}}},
	{{{49, 93, -9},0, {-16, -16},{0x31, 0x73, 0xE8, 0xFF}}},
	{{{53, 87, -9},0, {-16, -16},{0x68, 0x41, 0xDF, 0xFF}}},
	{{{47, 88, -22},0, {-16, -16},{0x4F, 0x4D, 0xC1, 0xFF}}},
	{{{45, 67, -35},0, {-16, -16},{0x71, 0x2B, 0xD8, 0xFF}}},
	{{{45, 67, -35},0, {-16, -16},{0x71, 0x2B, 0xD8, 0xFF}}},
	{{{40, 74, -42},0, {-16, -16},{0x15, 0x5E, 0xAD, 0xFF}}},
	{{{47, 88, -22},0, {-16, -16},{0x4F, 0x4D, 0xC1, 0xFF}}},
	{{{44, 62, -57},0, {-16, -16},{0x4, 0x67, 0xB5, 0xFF}}},
	{{{52, 53, -63},0, {-16, -16},{0x1F, 0x58, 0xAA, 0xFF}}},
	{{{55, 44, -71},0, {-16, -16},{0xF9, 0x51, 0x9E, 0xFF}}},
	{{{39, 41, -71},0, {-16, -16},{0xCB, 0x2E, 0x96, 0xFF}}},
	{{{44, 22, -78},0, {-16, -16},{0xBF, 0x2B, 0x9C, 0xFF}}},
	{{{19, 6, -57},0, {-16, -16},{0x96, 0x25, 0xC4, 0xFF}}},
	{{{42, 89, -22},0, {-16, -16},{0xEA, 0x71, 0xCB, 0xFF}}},
	{{{24, 77, -21},0, {-16, -16},{0xA0, 0x4C, 0xDE, 0xFF}}},
	{{{40, 93, 0},0, {-16, -16},{0xC8, 0x72, 0x0, 0xFF}}},
	{{{14, 61, -15},0, {-16, -16},{0x91, 0x39, 0xEA, 0xFF}}},
	{{{7, 47, 0},0, {-16, -16},{0x86, 0x24, 0x0, 0xFF}}},
	{{{8, 34, -28},0, {-16, -16},{0x87, 0x19, 0xE1, 0xFF}}},
	{{{14, 61, 14},0, {-16, -16},{0x91, 0x39, 0x16, 0xFF}}},
	{{{7, 47, 0},0, {-16, -16},{0x86, 0x24, 0x0, 0xFF}}},
	{{{8, 34, 28},0, {-16, -16},{0x87, 0x19, 0x1F, 0xFF}}},
	{{{14, 61, 14},0, {-16, -16},{0x91, 0x39, 0x16, 0xFF}}},
	{{{21, 44, 53},0, {-16, -16},{0x9F, 0x29, 0x47, 0xFF}}},
	{{{24, 77, 20},0, {-16, -16},{0xA0, 0x4C, 0x22, 0xFF}}},
	{{{40, 74, 42},0, {-16, -16},{0x15, 0x5E, 0x53, 0xFF}}},
	{{{44, 62, 57},0, {-16, -16},{0x4, 0x67, 0x4B, 0xFF}}},
	{{{39, 41, 71},0, {-16, -16},{0xCB, 0x2E, 0x6A, 0xFF}}},
	{{{42, 89, 22},0, {-16, -16},{0xEA, 0x71, 0x35, 0xFF}}},
	{{{47, 88, 22},0, {-16, -16},{0x4F, 0x4D, 0x3F, 0xFF}}},
	{{{49, 93, 8},0, {-16, -16},{0x31, 0x73, 0x18, 0xFF}}},
	{{{40, 93, 0},0, {-16, -16},{0xC8, 0x72, 0x0, 0xFF}}},
	{{{49, 93, -9},0, {-16, -16},{0x31, 0x73, 0xE8, 0xFF}}},
	{{{42, 89, -22},0, {-16, -16},{0xEA, 0x71, 0xCB, 0xFF}}},
	{{{47, 88, -22},0, {-16, -16},{0x4F, 0x4D, 0xC1, 0xFF}}},
	{{{195, 42, -46},0, {-16, -16},{0xF6, 0x54, 0xA1, 0xFF}}},
	{{{213, 41, -72},0, {-16, -16},{0xB0, 0x55, 0xCD, 0xFF}}},
	{{{180, 20, -67},0, {-16, -16},{0xC, 0x64, 0xB2, 0xFF}}},
	{{{232, 39, -105},0, {-16, -16},{0xA4, 0x58, 0x1, 0xFF}}},
	{{{200, 24, -100},0, {-16, -16},{0xD1, 0x76, 0x9, 0xFF}}},
	{{{160, 11, -90},0, {-16, -16},{0xE, 0x62, 0xB0, 0xFF}}},
};

Gfx mario_000_displaylist_mesh_layer_1_tri_1[] = {
	gsSPVertex(mario_000_displaylist_mesh_layer_1_vtx_1 + 0, 16, 0),
	gsSP1Triangle(0, 1, 2, 0),
	gsSP1Triangle(3, 2, 1, 0),
	gsSP1Triangle(4, 2, 3, 0),
	gsSP1Triangle(5, 2, 4, 0),
	gsSP1Triangle(6, 7, 8, 0),
	gsSP1Triangle(8, 9, 6, 0),
	gsSP1Triangle(10, 6, 9, 0),
	gsSP1Triangle(10, 9, 11, 0),
	gsSP1Triangle(12, 11, 9, 0),
	gsSP1Triangle(11, 12, 13, 0),
	gsSP1Triangle(14, 11, 13, 0),
	gsSP1Triangle(14, 13, 15, 0),
	gsSPVertex(mario_000_displaylist_mesh_layer_1_vtx_1 + 16, 16, 0),
	gsSP1Triangle(0, 1, 2, 0),
	gsSP1Triangle(1, 3, 2, 0),
	gsSP1Triangle(2, 3, 4, 0),
	gsSP1Triangle(4, 3, 5, 0),
	gsSP1Triangle(5, 6, 4, 0),
	gsSP1Triangle(4, 6, 7, 0),
	gsSP1Triangle(6, 8, 7, 0),
	gsSP1Triangle(6, 9, 8, 0),
	gsSP1Triangle(10, 8, 9, 0),
	gsSP1Triangle(11, 10, 9, 0),
	gsSP1Triangle(11, 12, 10, 0),
	gsSP1Triangle(11, 13, 12, 0),
	gsSP1Triangle(12, 13, 14, 0),
	gsSP1Triangle(15, 14, 13, 0),
	gsSPVertex(mario_000_displaylist_mesh_layer_1_vtx_1 + 32, 16, 0),
	gsSP1Triangle(0, 1, 2, 0),
	gsSP1Triangle(3, 1, 0, 0),
	gsSP1Triangle(4, 3, 0, 0),
	gsSP1Triangle(3, 4, 5, 0),
	gsSP1Triangle(6, 3, 5, 0),
	gsSP1Triangle(7, 6, 5, 0),
	gsSP1Triangle(8, 6, 7, 0),
	gsSP1Triangle(1, 9, 2, 0),
	gsSP1Triangle(1, 10, 9, 0),
	gsSP1Triangle(10, 11, 9, 0),
	gsSP1Triangle(11, 10, 12, 0),
	gsSP1Triangle(11, 12, 13, 0),
	gsSP1Triangle(12, 14, 13, 0),
	gsSP1Triangle(13, 15, 11, 0),
	gsSPVertex(mario_000_displaylist_mesh_layer_1_vtx_1 + 48, 15, 0),
	gsSP1Triangle(0, 1, 2, 0),
	gsSP1Triangle(1, 3, 2, 0),
	gsSP1Triangle(2, 3, 4, 0),
	gsSP1Triangle(4, 3, 5, 0),
	gsSP1Triangle(5, 3, 6, 0),
	gsSP1Triangle(6, 3, 7, 0),
	gsSP1Triangle(5, 8, 4, 0),
	gsSP1Triangle(5, 9, 8, 0),
	gsSP1Triangle(10, 8, 9, 0),
	gsSP1Triangle(11, 8, 10, 0),
	gsSP1Triangle(12, 11, 10, 0),
	gsSP1Triangle(11, 12, 13, 0),
	gsSP1Triangle(12, 14, 13, 0),
	gsSP1Triangle(4, 8, 11, 0),
	gsSP1Triangle(2, 4, 11, 0),
	gsSPVertex(mario_000_displaylist_mesh_layer_1_vtx_1 + 63, 6, 0),
	gsSP1Triangle(0, 1, 2, 0),
	gsSP1Triangle(1, 3, 2, 0),
	gsSP1Triangle(3, 4, 2, 0),
	gsSP1Triangle(5, 2, 4, 0),
	gsSPEndDisplayList(),
};

Vtx mario_000_displaylist_mesh_layer_1_vtx_2[38] = {
	{{{101, 38, 87},0, {484, 937},{0xE7, 0x51, 0x5F, 0xFF}}},
	{{{127, 40, 91},0, {266, 995},{0xEB, 0x49, 0x66, 0xFF}}},
	{{{139, 73, 70},0, {88, 691},{0xE9, 0x58, 0x58, 0xFF}}},
	{{{61, 65, 58},0, {740, 537},{0xDF, 0x55, 0x59, 0xFF}}},
	{{{101, 93, 33},0, {354, 285},{0xEA, 0x6C, 0x40, 0xFF}}},
	{{{134, 93, 44},0, {85, 403},{0xEA, 0x64, 0x4C, 0xFF}}},
	{{{101, 105, 0},0, {320, -12},{0xE5, 0x7C, 0x0, 0xFF}}},
	{{{62, 86, 28},0, {682, 237},{0xE3, 0x6D, 0x3A, 0xFF}}},
	{{{64, 94, 0},0, {648, -12},{0xDA, 0x79, 0x0, 0xFF}}},
	{{{62, 86, -28},0, {682, 237},{0xE3, 0x6D, 0xC6, 0xFF}}},
	{{{101, 93, -33},0, {354, 284},{0xEA, 0x6C, 0xC0, 0xFF}}},
	{{{134, 93, -44},0, {85, 403},{0xEA, 0x64, 0xB4, 0xFF}}},
	{{{139, 73, -70},0, {88, 691},{0xE9, 0x58, 0xA8, 0xFF}}},
	{{{61, 65, -58},0, {740, 537},{0xDF, 0x55, 0xA7, 0xFF}}},
	{{{101, 38, -87},0, {484, 937},{0xE7, 0x51, 0xA1, 0xFF}}},
	{{{127, 40, -91},0, {266, 995},{0xEB, 0x49, 0x9A, 0xFF}}},
	{{{61, 65, -58},0, {740, 537},{0xDF, 0x55, 0xA7, 0xFF}}},
	{{{101, 38, -87},0, {484, 937},{0xE7, 0x51, 0xA1, 0xFF}}},
	{{{59, 36, -75},0, {833, 806},{0xE1, 0x40, 0x97, 0xFF}}},
	{{{52, 53, -63},0, {840, 622},{0xDF, 0x45, 0x9B, 0xFF}}},
	{{{39, 61, -49},0, {929, 468},{0xD1, 0x58, 0xB1, 0xFF}}},
	{{{42, 82, -25},0, {862, 204},{0xDC, 0x6F, 0xCE, 0xFF}}},
	{{{62, 86, -28},0, {682, 237},{0xE3, 0x6D, 0xC6, 0xFF}}},
	{{{64, 94, 0},0, {648, -12},{0xDA, 0x79, 0x0, 0xFF}}},
	{{{44, 86, 0},0, {829, -12},{0xD0, 0x76, 0x0, 0xFF}}},
	{{{42, 82, 25},0, {862, 204},{0xDC, 0x6F, 0x32, 0xFF}}},
	{{{62, 86, 28},0, {682, 237},{0xE3, 0x6D, 0x3A, 0xFF}}},
	{{{61, 65, 58},0, {740, 537},{0xDF, 0x55, 0x59, 0xFF}}},
	{{{39, 61, 49},0, {929, 468},{0xD1, 0x58, 0x4F, 0xFF}}},
	{{{52, 53, 63},0, {840, 622},{0xDF, 0x45, 0x65, 0xFF}}},
	{{{59, 36, 75},0, {833, 806},{0xE1, 0x40, 0x69, 0xFF}}},
	{{{101, 38, 87},0, {484, 937},{0xE7, 0x51, 0x5F, 0xFF}}},
	{{{101, 93, 33},0, {354, 285},{0xEA, 0x6C, 0x40, 0xFF}}},
	{{{62, 86, 28},0, {682, 237},{0xE3, 0x6D, 0x3A, 0xFF}}},
	{{{61, 65, 58},0, {740, 537},{0xDF, 0x55, 0x59, 0xFF}}},
	{{{61, 65, -58},0, {740, 537},{0xDF, 0x55, 0xA7, 0xFF}}},
	{{{62, 86, -28},0, {682, 237},{0xE3, 0x6D, 0xC6, 0xFF}}},
	{{{101, 93, -33},0, {354, 284},{0xEA, 0x6C, 0xC0, 0xFF}}},
};

Gfx mario_000_displaylist_mesh_layer_1_tri_2[] = {
	gsSPVertex(mario_000_displaylist_mesh_layer_1_vtx_2 + 0, 16, 0),
	gsSP1Triangle(0, 1, 2, 0),
	gsSP1Triangle(3, 0, 2, 0),
	gsSP1Triangle(2, 4, 3, 0),
	gsSP1Triangle(2, 5, 4, 0),
	gsSP1Triangle(6, 4, 5, 0),
	gsSP1Triangle(4, 6, 7, 0),
	gsSP1Triangle(7, 6, 8, 0),
	gsSP1Triangle(9, 8, 6, 0),
	gsSP1Triangle(10, 9, 6, 0),
	gsSP1Triangle(6, 11, 10, 0),
	gsSP1Triangle(10, 11, 12, 0),
	gsSP1Triangle(10, 12, 13, 0),
	gsSP1Triangle(12, 14, 13, 0),
	gsSP1Triangle(14, 12, 15, 0),
	gsSPVertex(mario_000_displaylist_mesh_layer_1_vtx_2 + 16, 16, 0),
	gsSP1Triangle(0, 1, 2, 0),
	gsSP1Triangle(3, 0, 2, 0),
	gsSP1Triangle(3, 4, 0, 0),
	gsSP1Triangle(5, 0, 4, 0),
	gsSP1Triangle(6, 0, 5, 0),
	gsSP1Triangle(7, 6, 5, 0),
	gsSP1Triangle(7, 5, 8, 0),
	gsSP1Triangle(7, 8, 9, 0),
	gsSP1Triangle(7, 9, 10, 0),
	gsSP1Triangle(10, 9, 11, 0),
	gsSP1Triangle(9, 12, 11, 0),
	gsSP1Triangle(13, 11, 12, 0),
	gsSP1Triangle(13, 14, 11, 0),
	gsSP1Triangle(11, 14, 15, 0),
	gsSPVertex(mario_000_displaylist_mesh_layer_1_vtx_2 + 32, 6, 0),
	gsSP1Triangle(0, 1, 2, 0),
	gsSP1Triangle(3, 4, 5, 0),
	gsSPEndDisplayList(),
};

Vtx mario_000_displaylist_mesh_layer_1_vtx_3[8] = {
	{{{21, 44, -53},0, {530, 626},{0x9F, 0x29, 0xB9, 0xFF}}},
	{{{19, 6, -57},0, {896, 1008},{0x96, 0x25, 0xC4, 0xFF}}},
	{{{8, 34, -28},0, {896, 421},{0x87, 0x19, 0xE1, 0xFF}}},
	{{{39, 41, -71},0, {305, 884},{0xCB, 0x2E, 0x96, 0xFF}}},
	{{{44, 62, -57},0, {133, 569},{0x4, 0x67, 0xB5, 0xFF}}},
	{{{40, 74, -42},0, {134, 282},{0x15, 0x5E, 0xAD, 0xFF}}},
	{{{24, 77, -21},0, {380, -16},{0xA0, 0x4C, 0xDE, 0xFF}}},
	{{{14, 61, -15},0, {669, 41},{0x91, 0x39, 0xEA, 0xFF}}},
};

Gfx mario_000_displaylist_mesh_layer_1_tri_3[] = {
	gsSPVertex(mario_000_displaylist_mesh_layer_1_vtx_3 + 0, 8, 0),
	gsSP1Triangle(0, 1, 2, 0),
	gsSP1Triangle(0, 3, 1, 0),
	gsSP1Triangle(0, 4, 3, 0),
	gsSP1Triangle(5, 4, 0, 0),
	gsSP1Triangle(6, 5, 0, 0),
	gsSP1Triangle(7, 6, 0, 0),
	gsSP1Triangle(2, 7, 0, 0),
	gsSPEndDisplayList(),
};

Vtx mario_000_displaylist_mesh_layer_1_vtx_4[13] = {
	{{{55, 137, 6},0, {-16, -16},{0x12, 0x3F, 0x6D, 0xFF}}},
	{{{42, 129, 0},0, {-16, -16},{0x8A, 0x2F, 0x0, 0xFF}}},
	{{{51, 122, 9},0, {-16, -16},{0x9, 0xFB, 0x7F, 0xFF}}},
	{{{50, 138, 0},0, {-16, -16},{0xAF, 0x61, 0x0, 0xFF}}},
	{{{57, 141, 0},0, {-16, -16},{0x1C, 0x7C, 0x0, 0xFF}}},
	{{{61, 137, 0},0, {-16, -16},{0x79, 0x27, 0x0, 0xFF}}},
	{{{60, 127, 0},0, {-16, -16},{0x7D, 0xEA, 0x0, 0xFF}}},
	{{{56, 115, 0},0, {-16, -16},{0x7C, 0xE5, 0x0, 0xFF}}},
	{{{52, 89, 0},0, {-16, -16},{0x39, 0x8E, 0x0, 0xFF}}},
	{{{43, 90, 0},0, {-16, -16},{0xB2, 0x9C, 0x0, 0xFF}}},
	{{{40, 117, 0},0, {-16, -16},{0x81, 0x0, 0x0, 0xFF}}},
	{{{51, 122, -9},0, {-16, -16},{0x9, 0xFB, 0x81, 0xFF}}},
	{{{55, 137, -6},0, {-16, -16},{0x12, 0x3F, 0x93, 0xFF}}},
};

Gfx mario_000_displaylist_mesh_layer_1_tri_4[] = {
	gsSPVertex(mario_000_displaylist_mesh_layer_1_vtx_4 + 0, 13, 0),
	gsSP1Triangle(0, 1, 2, 0),
	gsSP1Triangle(1, 0, 3, 0),
	gsSP1Triangle(0, 4, 3, 0),
	gsSP1Triangle(4, 0, 5, 0),
	gsSP1Triangle(5, 0, 6, 0),
	gsSP1Triangle(0, 2, 6, 0),
	gsSP1Triangle(7, 6, 2, 0),
	gsSP1Triangle(8, 7, 2, 0),
	gsSP1Triangle(2, 9, 8, 0),
	gsSP1Triangle(10, 9, 2, 0),
	gsSP1Triangle(1, 10, 2, 0),
	gsSP1Triangle(1, 11, 10, 0),
	gsSP1Triangle(12, 11, 1, 0),
	gsSP1Triangle(1, 3, 12, 0),
	gsSP1Triangle(12, 3, 4, 0),
	gsSP1Triangle(4, 5, 12, 0),
	gsSP1Triangle(5, 6, 12, 0),
	gsSP1Triangle(12, 6, 11, 0),
	gsSP1Triangle(7, 11, 6, 0),
	gsSP1Triangle(8, 11, 7, 0),
	gsSP1Triangle(11, 8, 9, 0),
	gsSP1Triangle(10, 11, 9, 0),
	gsSPEndDisplayList(),
};

Vtx mario_000_offset_003_mesh_layer_1_vtx_0[30] = {
	{{{63, 10, -8},0, {-16, -16},{0xF9, 0x69, 0xB9, 0xFF}}},
	{{{48, 10, -8},0, {-16, -16},{0xFB, 0x69, 0xB9, 0xFF}}},
	{{{63, 10, 4},0, {-16, -16},{0xF9, 0x69, 0x47, 0xFF}}},
	{{{48, 0, -11},0, {-16, -16},{0xFC, 0x0, 0x81, 0xFF}}},
	{{{63, 0, -12},0, {-16, -16},{0xFA, 0x0, 0x81, 0xFF}}},
	{{{49, -9, -8},0, {-16, -16},{0xFB, 0x97, 0xB9, 0xFF}}},
	{{{65, -9, -8},0, {-16, -16},{0xF9, 0x97, 0xB9, 0xFF}}},
	{{{49, -9, 3},0, {-16, -16},{0xFC, 0x97, 0x47, 0xFF}}},
	{{{65, -9, 4},0, {-16, -16},{0xF9, 0x96, 0x46, 0xFF}}},
	{{{63, 0, 8},0, {-16, -16},{0xFA, 0xFF, 0x7F, 0xFF}}},
	{{{48, 0, 7},0, {-16, -16},{0xFC, 0x0, 0x7F, 0xFF}}},
	{{{48, 10, 3},0, {-16, -16},{0xFB, 0x69, 0x47, 0xFF}}},
	{{{2, 9, -7},0, {-16, -16},{0xFB, 0x69, 0xB9, 0xFF}}},
	{{{2, 0, -11},0, {-16, -16},{0xFC, 0x0, 0x81, 0xFF}}},
	{{{3, -8, -7},0, {-16, -16},{0xFC, 0x97, 0xB9, 0xFF}}},
	{{{3, -8, 3},0, {-16, -16},{0xFB, 0x9A, 0x4C, 0xFF}}},
	{{{48, 0, 7},0, {-16, -16},{0xFC, 0x0, 0x7F, 0xFF}}},
	{{{-21, 0, 4},0, {-16, -16},{0xD0, 0x0, 0x76, 0xFF}}},
	{{{3, -8, 3},0, {-16, -16},{0xFB, 0x9A, 0x4C, 0xFF}}},
	{{{2, 9, 3},0, {-16, -16},{0xFA, 0x66, 0x4C, 0xFF}}},
	{{{48, 10, 3},0, {-16, -16},{0xFB, 0x69, 0x47, 0xFF}}},
	{{{2, 9, -7},0, {-16, -16},{0xFB, 0x69, 0xB9, 0xFF}}},
	{{{-21, 7, -6},0, {-16, -16},{0xD6, 0x65, 0xC0, 0xFF}}},
	{{{-21, 0, -9},0, {-16, -16},{0xDE, 0x0, 0x86, 0xFF}}},
	{{{2, 0, -11},0, {-16, -16},{0xFC, 0x0, 0x81, 0xFF}}},
	{{{-21, -6, -6},0, {-16, -16},{0xD7, 0x9A, 0xC0, 0xFF}}},
	{{{3, -8, -7},0, {-16, -16},{0xFC, 0x97, 0xB9, 0xFF}}},
	{{{-21, -6, 2},0, {-16, -16},{0xCF, 0xA1, 0x44, 0xFF}}},
	{{{-30, 0, -4},0, {-16, -16},{0x82, 0x0, 0xEE, 0xFF}}},
	{{{-21, 7, 2},0, {-16, -16},{0xCF, 0x5F, 0x44, 0xFF}}},
};

Gfx mario_000_offset_003_mesh_layer_1_tri_0[] = {
	gsSPVertex(mario_000_offset_003_mesh_layer_1_vtx_0 + 0, 16, 0),
	gsSP1Triangle(0, 1, 2, 0),
	gsSP1Triangle(0, 3, 1, 0),
	gsSP1Triangle(4, 3, 0, 0),
	gsSP1Triangle(4, 5, 3, 0),
	gsSP1Triangle(6, 5, 4, 0),
	gsSP1Triangle(6, 7, 5, 0),
	gsSP1Triangle(8, 7, 6, 0),
	gsSP1Triangle(8, 9, 7, 0),
	gsSP1Triangle(9, 10, 7, 0),
	gsSP1Triangle(9, 11, 10, 0),
	gsSP1Triangle(2, 11, 9, 0),
	gsSP1Triangle(2, 1, 11, 0),
	gsSP1Triangle(1, 12, 11, 0),
	gsSP1Triangle(13, 12, 1, 0),
	gsSP1Triangle(3, 13, 1, 0),
	gsSP1Triangle(14, 13, 3, 0),
	gsSP1Triangle(5, 14, 3, 0),
	gsSP1Triangle(15, 14, 5, 0),
	gsSP1Triangle(7, 15, 5, 0),
	gsSP1Triangle(10, 15, 7, 0),
	gsSPVertex(mario_000_offset_003_mesh_layer_1_vtx_0 + 16, 14, 0),
	gsSP1Triangle(0, 1, 2, 0),
	gsSP1Triangle(3, 1, 0, 0),
	gsSP1Triangle(4, 3, 0, 0),
	gsSP1Triangle(5, 3, 4, 0),
	gsSP1Triangle(5, 6, 3, 0),
	gsSP1Triangle(5, 7, 6, 0),
	gsSP1Triangle(8, 7, 5, 0),
	gsSP1Triangle(9, 7, 8, 0),
	gsSP1Triangle(10, 9, 8, 0),
	gsSP1Triangle(2, 9, 10, 0),
	gsSP1Triangle(11, 9, 2, 0),
	gsSP1Triangle(2, 1, 11, 0),
	gsSP1Triangle(1, 12, 11, 0),
	gsSP1Triangle(1, 13, 12, 0),
	gsSP1Triangle(13, 1, 3, 0),
	gsSP1Triangle(3, 6, 13, 0),
	gsSP1Triangle(6, 12, 13, 0),
	gsSP1Triangle(7, 12, 6, 0),
	gsSP1Triangle(7, 9, 12, 0),
	gsSP1Triangle(11, 12, 9, 0),
	gsSPEndDisplayList(),
};

Vtx mario_000_offset_004_skinned_mesh_layer_1_vtx_0[6] = {
	{{{63, 10, 4},0, {-16, -16},{0xF9, 0x69, 0x47, 0xFF}}},
	{{{63, 10, -8},0, {-16, -16},{0xF9, 0x69, 0xB9, 0xFF}}},
	{{{63, 0, 8},0, {-16, -16},{0xFA, 0xFF, 0x7F, 0xFF}}},
	{{{65, -9, 4},0, {-16, -16},{0xF9, 0x96, 0x46, 0xFF}}},
	{{{63, 0, -12},0, {-16, -16},{0xFA, 0x0, 0x81, 0xFF}}},
	{{{65, -9, -8},0, {-16, -16},{0xF9, 0x97, 0xB9, 0xFF}}},
};

Gfx mario_000_offset_004_skinned_mesh_layer_1_tri_0[] = {
	gsSPVertex(mario_000_offset_004_skinned_mesh_layer_1_vtx_0 + 0, 6, 0),
	gsSPEndDisplayList(),
};

Vtx mario_000_offset_004_mesh_layer_1_vtx_0[6] = {
	{{{22, 12, 4},0, {-16, -16},{0xF6, 0x69, 0x47, 0xFF}}},
	{{{22, 11, -9},0, {-16, -16},{0xF7, 0x69, 0xB9, 0xFF}}},
	{{{22, 0, -13},0, {-16, -16},{0xF8, 0x1, 0x81, 0xFF}}},
	{{{19, -10, -9},0, {-16, -16},{0xF7, 0x97, 0xB9, 0xFF}}},
	{{{19, -10, 4},0, {-16, -16},{0xF7, 0x97, 0x47, 0xFF}}},
	{{{22, 0, 9},0, {-16, -16},{0xF7, 0x0, 0x7F, 0xFF}}},
};

Gfx mario_000_offset_004_mesh_layer_1_tri_0[] = {
	gsSPVertex(mario_000_offset_004_mesh_layer_1_vtx_0 + 0, 6, 6),
	gsSP1Triangle(6, 1, 0, 0),
	gsSP1Triangle(7, 1, 6, 0),
	gsSP1Triangle(7, 8, 1, 0),
	gsSP1Triangle(8, 4, 1, 0),
	gsSP1Triangle(9, 4, 8, 0),
	gsSP1Triangle(9, 5, 4, 0),
	gsSP1Triangle(9, 3, 5, 0),
	gsSP1Triangle(10, 3, 9, 0),
	gsSP1Triangle(2, 3, 10, 0),
	gsSP1Triangle(11, 2, 10, 0),
	gsSP1Triangle(11, 0, 2, 0),
	gsSP1Triangle(6, 0, 11, 0),
	gsSPEndDisplayList(),
};

Vtx mario_000_offset_004_mesh_layer_1_vtx_1[12] = {
	{{{58, 15, 6},0, {-16, -16},{0xF4, 0x6A, 0x45, 0xFF}}},
	{{{58, 15, -9},0, {-16, -16},{0xF6, 0x6D, 0xBF, 0xFF}}},
	{{{22, 12, 4},0, {-16, -16},{0xF6, 0x69, 0x47, 0xFF}}},
	{{{22, 11, -9},0, {-16, -16},{0xF7, 0x69, 0xB9, 0xFF}}},
	{{{58, 0, -17},0, {-16, -16},{0xF8, 0x1, 0x81, 0xFF}}},
	{{{22, 0, -13},0, {-16, -16},{0xF8, 0x1, 0x81, 0xFF}}},
	{{{19, -10, -9},0, {-16, -16},{0xF7, 0x97, 0xB9, 0xFF}}},
	{{{58, -13, -10},0, {-16, -16},{0xF6, 0x94, 0xBD, 0xFF}}},
	{{{19, -10, 4},0, {-16, -16},{0xF7, 0x97, 0x47, 0xFF}}},
	{{{58, -13, 6},0, {-16, -16},{0xF6, 0x94, 0x43, 0xFF}}},
	{{{58, 0, 12},0, {-16, -16},{0xF6, 0xFE, 0x7F, 0xFF}}},
	{{{22, 0, 9},0, {-16, -16},{0xF7, 0x0, 0x7F, 0xFF}}},
};

Gfx mario_000_offset_004_mesh_layer_1_tri_1[] = {
	gsSPVertex(mario_000_offset_004_mesh_layer_1_vtx_1 + 0, 12, 0),
	gsSP1Triangle(0, 1, 2, 0),
	gsSP1Triangle(1, 3, 2, 0),
	gsSP1Triangle(4, 3, 1, 0),
	gsSP1Triangle(5, 3, 4, 0),
	gsSP1Triangle(4, 6, 5, 0),
	gsSP1Triangle(7, 6, 4, 0),
	gsSP1Triangle(7, 8, 6, 0),
	gsSP1Triangle(9, 8, 7, 0),
	gsSP1Triangle(10, 8, 9, 0),
	gsSP1Triangle(11, 8, 10, 0),
	gsSP1Triangle(10, 2, 11, 0),
	gsSP1Triangle(0, 2, 10, 0),
	gsSPEndDisplayList(),
};

Vtx mario_000_displaylist_003_mesh_layer_1_vtx_0[46] = {
	{{{17, -38, -39},0, {-16, -16},{0x9E, 0xB8, 0xDB, 0xFF}}},
	{{{-14, -14, -4},0, {-16, -16},{0x8B, 0xCE, 0x3, 0xFF}}},
	{{{-10, 26, -38},0, {-16, -16},{0x88, 0xEC, 0xDA, 0xFF}}},
	{{{27, -58, 6},0, {-16, -16},{0xA2, 0xAC, 0xE, 0xFF}}},
	{{{5, -6, 36},0, {-16, -16},{0x99, 0xD2, 0x3A, 0xFF}}},
	{{{-18, 45, 8},0, {-16, -16},{0x82, 0xF5, 0xE, 0xFF}}},
	{{{26, -25, -32},0, {-16, -16},{0x17, 0xC9, 0x90, 0xFF}}},
	{{{17, -38, -39},0, {-16, -16},{0x5E, 0xEC, 0xAC, 0xFF}}},
	{{{-10, 26, -38},0, {-16, -16},{0x33, 0x54, 0xAF, 0xFF}}},
	{{{34, -41, 3},0, {-16, -16},{0x3D, 0x97, 0x26, 0xFF}}},
	{{{58, -45, 7},0, {-16, -16},{0x6, 0x8A, 0x2E, 0xFF}}},
	{{{80, -31, -61},0, {-16, -16},{0x1C, 0xB6, 0x9C, 0xFF}}},
	{{{33, 7, -44},0, {-16, -16},{0xC4, 0xFD, 0x90, 0xFF}}},
	{{{4, 24, -31},0, {-16, -16},{0xFC, 0x44, 0x95, 0xFF}}},
	{{{-1, 39, 5},0, {-16, -16},{0xDB, 0x71, 0x2D, 0xFF}}},
	{{{-18, 45, 8},0, {-16, -16},{0x2D, 0x74, 0x1B, 0xFF}}},
	{{{-1, 39, 5},0, {-16, -16},{0xDB, 0x71, 0x2D, 0xFF}}},
	{{{-18, 45, 8},0, {-16, -16},{0x2D, 0x74, 0x1B, 0xFF}}},
	{{{5, -6, 36},0, {-16, -16},{0x43, 0x1C, 0x68, 0xFF}}},
	{{{17, -1, 27},0, {-16, -16},{0xFE, 0xFD, 0x7F, 0xFF}}},
	{{{34, -41, 3},0, {-16, -16},{0x3D, 0x97, 0x26, 0xFF}}},
	{{{27, -58, 6},0, {-16, -16},{0x75, 0xD4, 0x17, 0xFF}}},
	{{{17, -38, -39},0, {-16, -16},{0x5E, 0xEC, 0xAC, 0xFF}}},
	{{{36, 6, 42},0, {-16, -16},{0xE3, 0xEF, 0x7B, 0xFF}}},
	{{{12, 59, 10},0, {-16, -16},{0xAF, 0x55, 0x30, 0xFF}}},
	{{{59, 81, 8},0, {-16, -16},{0x14, 0x79, 0x21, 0xFF}}},
	{{{86, 29, 41},0, {-16, -16},{0x40, 0x19, 0x6B, 0xFF}}},
	{{{107, -26, 4},0, {-16, -16},{0x65, 0xBF, 0x29, 0xFF}}},
	{{{58, -45, 7},0, {-16, -16},{0x6, 0x8A, 0x2E, 0xFF}}},
	{{{80, -31, -61},0, {-16, -16},{0x1C, 0xB6, 0x9C, 0xFF}}},
	{{{100, -6, -46},0, {-16, -16},{0x6A, 0xFE, 0xB9, 0xFF}}},
	{{{61, 12, -60},0, {-16, -16},{0xF5, 0x17, 0x84, 0xFF}}},
	{{{33, 7, -44},0, {-16, -16},{0xC4, 0xFD, 0x90, 0xFF}}},
	{{{61, 12, -60},0, {-16, -16},{0xF5, 0x17, 0x84, 0xFF}}},
	{{{80, -31, -61},0, {-16, -16},{0x1C, 0xB6, 0x9C, 0xFF}}},
	{{{32, 63, -28},0, {-16, -16},{0xD0, 0x5C, 0xB6, 0xFF}}},
	{{{4, 24, -31},0, {-16, -16},{0xFC, 0x44, 0x95, 0xFF}}},
	{{{12, 59, 10},0, {-16, -16},{0xAF, 0x55, 0x30, 0xFF}}},
	{{{-1, 39, 5},0, {-16, -16},{0xDB, 0x71, 0x2D, 0xFF}}},
	{{{59, 81, 8},0, {-16, -16},{0x14, 0x79, 0x21, 0xFF}}},
	{{{57, 55, -37},0, {-16, -16},{0x17, 0x55, 0xA4, 0xFF}}},
	{{{99, 40, -16},0, {-16, -16},{0x6C, 0x40, 0xEB, 0xFF}}},
	{{{86, 29, 41},0, {-16, -16},{0x40, 0x19, 0x6B, 0xFF}}},
	{{{107, -26, 4},0, {-16, -16},{0x65, 0xBF, 0x29, 0xFF}}},
	{{{100, -6, -46},0, {-16, -16},{0x6A, 0xFE, 0xB9, 0xFF}}},
	{{{90, 17, -46},0, {-16, -16},{0x48, 0x31, 0xA3, 0xFF}}},
};

Gfx mario_000_displaylist_003_mesh_layer_1_tri_0[] = {
	gsSPVertex(mario_000_displaylist_003_mesh_layer_1_vtx_0 + 0, 16, 0),
	gsSP1Triangle(0, 1, 2, 0),
	gsSP1Triangle(3, 1, 0, 0),
	gsSP1Triangle(4, 1, 3, 0),
	gsSP1Triangle(5, 1, 4, 0),
	gsSP1Triangle(2, 1, 5, 0),
	gsSP1Triangle(6, 7, 8, 0),
	gsSP1Triangle(7, 6, 9, 0),
	gsSP1Triangle(10, 9, 6, 0),
	gsSP1Triangle(6, 11, 10, 0),
	gsSP1Triangle(6, 12, 11, 0),
	gsSP1Triangle(6, 13, 12, 0),
	gsSP1Triangle(8, 13, 6, 0),
	gsSP1Triangle(14, 13, 8, 0),
	gsSP1Triangle(8, 15, 14, 0),
	gsSPVertex(mario_000_displaylist_003_mesh_layer_1_vtx_0 + 16, 16, 0),
	gsSP1Triangle(0, 1, 2, 0),
	gsSP1Triangle(2, 3, 0, 0),
	gsSP1Triangle(4, 3, 2, 0),
	gsSP1Triangle(2, 5, 4, 0),
	gsSP1Triangle(4, 5, 6, 0),
	gsSP1Triangle(7, 3, 4, 0),
	gsSP1Triangle(0, 3, 7, 0),
	gsSP1Triangle(0, 7, 8, 0),
	gsSP1Triangle(7, 9, 8, 0),
	gsSP1Triangle(7, 10, 9, 0),
	gsSP1Triangle(11, 10, 7, 0),
	gsSP1Triangle(12, 11, 7, 0),
	gsSP1Triangle(4, 12, 7, 0),
	gsSP1Triangle(13, 11, 12, 0),
	gsSP1Triangle(13, 14, 11, 0),
	gsSP1Triangle(15, 14, 13, 0),
	gsSPVertex(mario_000_displaylist_003_mesh_layer_1_vtx_0 + 32, 14, 0),
	gsSP1Triangle(0, 1, 2, 0),
	gsSP1Triangle(1, 0, 3, 0),
	gsSP1Triangle(3, 0, 4, 0),
	gsSP1Triangle(5, 3, 4, 0),
	gsSP1Triangle(4, 6, 5, 0),
	gsSP1Triangle(3, 5, 7, 0),
	gsSP1Triangle(7, 8, 3, 0),
	gsSP1Triangle(7, 9, 8, 0),
	gsSP1Triangle(10, 9, 7, 0),
	gsSP1Triangle(11, 9, 10, 0),
	gsSP1Triangle(12, 9, 11, 0),
	gsSP1Triangle(13, 9, 12, 0),
	gsSP1Triangle(1, 13, 12, 0),
	gsSP1Triangle(8, 13, 1, 0),
	gsSP1Triangle(1, 3, 8, 0),
	gsSP1Triangle(13, 8, 9, 0),
	gsSPEndDisplayList(),
};

Vtx mario_002_switch_option_right_hand_open_mesh_layer_1_vtx_0[58] = {
	{{{2, 3, 26},0, {-16, -16},{0x4A, 0x34, 0x59, 0xFF}}},
	{{{20, -46, 12},0, {-16, -16},{0x75, 0xDD, 0x23, 0xFF}}},
	{{{26, -32, 6},0, {-16, -16},{0x37, 0xA8, 0x49, 0xFF}}},
	{{{13, -39, -31},0, {-16, -16},{0x63, 0xDE, 0xB8, 0xFF}}},
	{{{20, -27, -27},0, {-16, -16},{0x10, 0xB2, 0x9D, 0xFF}}},
	{{{-10, 14, -43},0, {-16, -16},{0x32, 0x3C, 0x9C, 0xFF}}},
	{{{1, 15, -37},0, {-16, -16},{0xE1, 0x1C, 0x88, 0xFF}}},
	{{{-3, 35, -9},0, {-16, -16},{0xCE, 0x72, 0x18, 0xFF}}},
	{{{-17, 40, -8},0, {-16, -16},{0x2B, 0x78, 0x0, 0xFF}}},
	{{{11, 5, 17},0, {-16, -16},{0x5, 0x1B, 0x7C, 0xFF}}},
	{{{26, 16, 28},0, {-16, -16},{0xDE, 0xD, 0x7A, 0xFF}}},
	{{{45, -34, 10},0, {-16, -16},{0xFF, 0x9F, 0x52, 0xFF}}},
	{{{41, -37, -36},0, {-16, -16},{0xD8, 0x9D, 0xBB, 0xFF}}},
	{{{25, -1, -44},0, {-16, -16},{0xE0, 0xE3, 0x89, 0xFF}}},
	{{{11, 29, -52},0, {-16, -16},{0xDB, 0x1E, 0x8A, 0xFF}}},
	{{{6, 53, -9},0, {-16, -16},{0xAC, 0x5D, 0x17, 0xFF}}},
	{{{26, 16, 28},0, {-16, -16},{0xDE, 0xD, 0x7A, 0xFF}}},
	{{{70, 89, -20},0, {-16, -16},{0xF0, 0x7E, 0xF9, 0xFF}}},
	{{{6, 53, -9},0, {-16, -16},{0xAC, 0x5D, 0x17, 0xFF}}},
	{{{77, 41, 21},0, {-16, -16},{0x14, 0x28, 0x77, 0xFF}}},
	{{{83, -17, 10},0, {-16, -16},{0x43, 0xC1, 0x58, 0xFF}}},
	{{{45, -34, 10},0, {-16, -16},{0xFF, 0x9F, 0x52, 0xFF}}},
	{{{89, -47, -37},0, {-16, -16},{0x4B, 0xA4, 0xD4, 0xFF}}},
	{{{41, -37, -36},0, {-16, -16},{0xD8, 0x9D, 0xBB, 0xFF}}},
	{{{76, -18, -48},0, {-16, -16},{0x2D, 0x3, 0x89, 0xFF}}},
	{{{25, -1, -44},0, {-16, -16},{0xE0, 0xE3, 0x89, 0xFF}}},
	{{{26, 41, -41},0, {-16, -16},{0xF5, 0x41, 0x93, 0xFF}}},
	{{{11, 29, -52},0, {-16, -16},{0xDB, 0x1E, 0x8A, 0xFF}}},
	{{{78, 59, -34},0, {-16, -16},{0xF6, 0x16, 0x83, 0xFF}}},
	{{{119, 70, -42},0, {-16, -16},{0x32, 0x41, 0x9F, 0xFF}}},
	{{{121, 73, -21},0, {-16, -16},{0x4D, 0x5F, 0x22, 0xFF}}},
	{{{141, 34, -7},0, {-16, -16},{0x74, 0xF8, 0x34, 0xFF}}},
	{{{133, 28, -40},0, {-16, -16},{0x50, 0xD8, 0xA6, 0xFF}}},
	{{{141, 34, -7},0, {-16, -16},{0x74, 0xF8, 0x34, 0xFF}}},
	{{{83, -17, 10},0, {-16, -16},{0x43, 0xC1, 0x58, 0xFF}}},
	{{{89, -6, -27},0, {-16, -16},{0x65, 0xE3, 0xB8, 0xFF}}},
	{{{89, -47, -37},0, {-16, -16},{0x4B, 0xA4, 0xD4, 0xFF}}},
	{{{76, -18, -48},0, {-16, -16},{0x2D, 0x3, 0x89, 0xFF}}},
	{{{69, 10, -36},0, {-16, -16},{0x33, 0x1D, 0x8F, 0xFF}}},
	{{{26, 41, -41},0, {-16, -16},{0xF5, 0x41, 0x93, 0xFF}}},
	{{{78, 59, -34},0, {-16, -16},{0xF6, 0x16, 0x83, 0xFF}}},
	{{{119, 70, -42},0, {-16, -16},{0x32, 0x41, 0x9F, 0xFF}}},
	{{{121, 73, -21},0, {-16, -16},{0x4D, 0x5F, 0x22, 0xFF}}},
	{{{2, 3, 26},0, {-16, -16},{0xA8, 0xF0, 0x5A, 0xFF}}},
	{{{6, -38, 7},0, {-16, -16},{0xA7, 0xB0, 0x2A, 0xFF}}},
	{{{20, -46, 12},0, {-16, -16},{0xB9, 0xA1, 0x2D, 0xFF}}},
	{{{-6, -3, 17},0, {-16, -16},{0x97, 0xE2, 0x42, 0xFF}}},
	{{{-20, 22, -7},0, {-16, -16},{0x83, 0x0, 0x16, 0xFF}}},
	{{{-17, 40, -8},0, {-16, -16},{0x84, 0x15, 0x10, 0xFF}}},
	{{{-20, 22, -7},0, {-16, -16},{0x83, 0x0, 0x16, 0xFF}}},
	{{{2, 3, 26},0, {-16, -16},{0xA8, 0xF0, 0x5A, 0xFF}}},
	{{{-10, 14, -43},0, {-16, -16},{0x91, 0xF4, 0xC3, 0xFF}}},
	{{{-15, 4, -32},0, {-16, -16},{0x8D, 0xDE, 0xD6, 0xFF}}},
	{{{1, -33, -23},0, {-16, -16},{0x9F, 0xB3, 0xE2, 0xFF}}},
	{{{13, -39, -31},0, {-16, -16},{0xB5, 0xA4, 0xD4, 0xFF}}},
	{{{6, -38, 7},0, {-16, -16},{0xA7, 0xB0, 0x2A, 0xFF}}},
	{{{20, -46, 12},0, {-16, -16},{0xB9, 0xA1, 0x2D, 0xFF}}},
	{{{-6, -3, 17},0, {-16, -16},{0x97, 0xE2, 0x42, 0xFF}}},
};

Gfx mario_002_switch_option_right_hand_open_mesh_layer_1_tri_0[] = {
	gsSPVertex(mario_002_switch_option_right_hand_open_mesh_layer_1_vtx_0 + 0, 16, 0),
	gsSP1Triangle(0, 1, 2, 0),
	gsSP1Triangle(2, 1, 3, 0),
	gsSP1Triangle(3, 4, 2, 0),
	gsSP1Triangle(4, 3, 5, 0),
	gsSP1Triangle(5, 6, 4, 0),
	gsSP1Triangle(7, 6, 5, 0),
	gsSP1Triangle(5, 8, 7, 0),
	gsSP1Triangle(7, 8, 0, 0),
	gsSP1Triangle(0, 9, 7, 0),
	gsSP1Triangle(2, 9, 0, 0),
	gsSP1Triangle(10, 9, 2, 0),
	gsSP1Triangle(2, 11, 10, 0),
	gsSP1Triangle(2, 12, 11, 0),
	gsSP1Triangle(2, 4, 12, 0),
	gsSP1Triangle(4, 13, 12, 0),
	gsSP1Triangle(4, 6, 13, 0),
	gsSP1Triangle(6, 14, 13, 0),
	gsSP1Triangle(14, 6, 7, 0),
	gsSP1Triangle(7, 15, 14, 0),
	gsSP1Triangle(7, 10, 15, 0),
	gsSP1Triangle(7, 9, 10, 0),
	gsSPVertex(mario_002_switch_option_right_hand_open_mesh_layer_1_vtx_0 + 16, 16, 0),
	gsSP1Triangle(0, 1, 2, 0),
	gsSP1Triangle(0, 3, 1, 0),
	gsSP1Triangle(4, 3, 0, 0),
	gsSP1Triangle(5, 4, 0, 0),
	gsSP1Triangle(6, 4, 5, 0),
	gsSP1Triangle(5, 7, 6, 0),
	gsSP1Triangle(6, 7, 8, 0),
	gsSP1Triangle(7, 9, 8, 0),
	gsSP1Triangle(8, 9, 10, 0),
	gsSP1Triangle(9, 11, 10, 0),
	gsSP1Triangle(2, 10, 11, 0),
	gsSP1Triangle(10, 2, 1, 0),
	gsSP1Triangle(1, 12, 10, 0),
	gsSP1Triangle(13, 12, 1, 0),
	gsSP1Triangle(1, 14, 13, 0),
	gsSP1Triangle(14, 1, 3, 0),
	gsSP1Triangle(15, 14, 3, 0),
	gsSP1Triangle(4, 15, 3, 0),
	gsSPVertex(mario_002_switch_option_right_hand_open_mesh_layer_1_vtx_0 + 32, 16, 0),
	gsSP1Triangle(0, 1, 2, 0),
	gsSP1Triangle(3, 0, 2, 0),
	gsSP1Triangle(4, 3, 2, 0),
	gsSP1Triangle(5, 3, 4, 0),
	gsSP1Triangle(5, 6, 3, 0),
	gsSP1Triangle(5, 7, 6, 0),
	gsSP1Triangle(7, 8, 6, 0),
	gsSP1Triangle(6, 8, 3, 0),
	gsSP1Triangle(8, 0, 3, 0),
	gsSP1Triangle(8, 9, 0, 0),
	gsSP1Triangle(9, 1, 0, 0),
	gsSP1Triangle(10, 1, 9, 0),
	gsSP1Triangle(11, 12, 13, 0),
	gsSP1Triangle(11, 14, 12, 0),
	gsSP1Triangle(15, 14, 11, 0),
	gsSPVertex(mario_002_switch_option_right_hand_open_mesh_layer_1_vtx_0 + 48, 10, 0),
	gsSP1Triangle(0, 1, 2, 0),
	gsSP1Triangle(3, 1, 0, 0),
	gsSP1Triangle(3, 4, 1, 0),
	gsSP1Triangle(5, 4, 3, 0),
	gsSP1Triangle(6, 5, 3, 0),
	gsSP1Triangle(7, 5, 6, 0),
	gsSP1Triangle(8, 7, 6, 0),
	gsSP1Triangle(5, 7, 9, 0),
	gsSP1Triangle(9, 4, 5, 0),
	gsSP1Triangle(9, 1, 4, 0),
	gsSPEndDisplayList(),
};

Vtx mario_000_offset_006_mesh_layer_1_vtx_0[41] = {
	{{{48, 10, 9},0, {-16, -16},{0xFB, 0x69, 0x47, 0xFF}}},
	{{{2, 9, 8},0, {-16, -16},{0xFB, 0x69, 0x47, 0xFF}}},
	{{{-21, 0, 10},0, {-16, -16},{0xDE, 0x0, 0x7A, 0xFF}}},
	{{{48, 10, -2},0, {-16, -16},{0xFB, 0x69, 0xB9, 0xFF}}},
	{{{63, 10, -3},0, {-16, -16},{0xF9, 0x69, 0xB9, 0xFF}}},
	{{{63, 10, 9},0, {-16, -16},{0xF9, 0x69, 0x47, 0xFF}}},
	{{{48, 0, 12},0, {-16, -16},{0xFC, 0x0, 0x7F, 0xFF}}},
	{{{2, 0, 12},0, {-16, -16},{0xFC, 0x0, 0x7F, 0xFF}}},
	{{{-21, -6, 7},0, {-16, -16},{0xD7, 0x9A, 0x40, 0xFF}}},
	{{{-30, 0, 5},0, {-16, -16},{0x82, 0x0, 0x12, 0xFF}}},
	{{{-21, 7, 7},0, {-16, -16},{0xD6, 0x65, 0x40, 0xFF}}},
	{{{2, 9, -2},0, {-16, -16},{0xFA, 0x66, 0xB4, 0xFF}}},
	{{{48, 0, -6},0, {-16, -16},{0xFC, 0x0, 0x81, 0xFF}}},
	{{{63, 0, -7},0, {-16, -16},{0xFA, 0xFF, 0x81, 0xFF}}},
	{{{49, -9, -2},0, {-16, -16},{0xFC, 0x97, 0xB9, 0xFF}}},
	{{{65, -9, -3},0, {-16, -16},{0xF9, 0x96, 0xBA, 0xFF}}},
	{{{65, -9, -3},0, {-16, -16},{0xF9, 0x96, 0xBA, 0xFF}}},
	{{{65, -9, 9},0, {-16, -16},{0xF9, 0x97, 0x47, 0xFF}}},
	{{{49, -9, -2},0, {-16, -16},{0xFC, 0x97, 0xB9, 0xFF}}},
	{{{49, -9, 9},0, {-16, -16},{0xFB, 0x97, 0x47, 0xFF}}},
	{{{63, 0, 13},0, {-16, -16},{0xFA, 0x0, 0x7F, 0xFF}}},
	{{{48, 0, 12},0, {-16, -16},{0xFC, 0x0, 0x7F, 0xFF}}},
	{{{63, 10, 9},0, {-16, -16},{0xF9, 0x69, 0x47, 0xFF}}},
	{{{3, -8, 8},0, {-16, -16},{0xFC, 0x97, 0x47, 0xFF}}},
	{{{2, 0, 12},0, {-16, -16},{0xFC, 0x0, 0x7F, 0xFF}}},
	{{{-21, -6, 7},0, {-16, -16},{0xD7, 0x9A, 0x40, 0xFF}}},
	{{{3, -8, -2},0, {-16, -16},{0xFB, 0x9A, 0xB4, 0xFF}}},
	{{{-21, -6, -1},0, {-16, -16},{0xCF, 0xA1, 0xBC, 0xFF}}},
	{{{-30, 0, 5},0, {-16, -16},{0x82, 0x0, 0x12, 0xFF}}},
	{{{-21, 0, -3},0, {-16, -16},{0xD0, 0x0, 0x8A, 0xFF}}},
	{{{-21, 7, -1},0, {-16, -16},{0xCF, 0x5F, 0xBC, 0xFF}}},
	{{{-21, 7, 7},0, {-16, -16},{0xD6, 0x65, 0x40, 0xFF}}},
	{{{2, 9, -2},0, {-16, -16},{0xFA, 0x66, 0xB4, 0xFF}}},
	{{{-21, 7, -1},0, {-16, -16},{0xCF, 0x5F, 0xBC, 0xFF}}},
	{{{-21, 7, 7},0, {-16, -16},{0xD6, 0x65, 0x40, 0xFF}}},
	{{{-21, 0, -3},0, {-16, -16},{0xD0, 0x0, 0x8A, 0xFF}}},
	{{{48, 0, -6},0, {-16, -16},{0xFC, 0x0, 0x81, 0xFF}}},
	{{{3, -8, -2},0, {-16, -16},{0xFB, 0x9A, 0xB4, 0xFF}}},
	{{{49, -9, -2},0, {-16, -16},{0xFC, 0x97, 0xB9, 0xFF}}},
	{{{49, -9, 9},0, {-16, -16},{0xFB, 0x97, 0x47, 0xFF}}},
	{{{-21, -6, -1},0, {-16, -16},{0xCF, 0xA1, 0xBC, 0xFF}}},
};

Gfx mario_000_offset_006_mesh_layer_1_tri_0[] = {
	gsSPVertex(mario_000_offset_006_mesh_layer_1_vtx_0 + 0, 16, 0),
	gsSP1Triangle(0, 1, 2, 0),
	gsSP1Triangle(0, 3, 1, 0),
	gsSP1Triangle(4, 3, 0, 0),
	gsSP1Triangle(5, 4, 0, 0),
	gsSP1Triangle(5, 0, 6, 0),
	gsSP1Triangle(6, 0, 7, 0),
	gsSP1Triangle(0, 2, 7, 0),
	gsSP1Triangle(8, 7, 2, 0),
	gsSP1Triangle(2, 9, 8, 0),
	gsSP1Triangle(2, 10, 9, 0),
	gsSP1Triangle(1, 10, 2, 0),
	gsSP1Triangle(3, 10, 1, 0),
	gsSP1Triangle(3, 11, 10, 0),
	gsSP1Triangle(3, 12, 11, 0),
	gsSP1Triangle(13, 12, 3, 0),
	gsSP1Triangle(4, 13, 3, 0),
	gsSP1Triangle(13, 14, 12, 0),
	gsSP1Triangle(15, 14, 13, 0),
	gsSPVertex(mario_000_offset_006_mesh_layer_1_vtx_0 + 16, 16, 0),
	gsSP1Triangle(0, 1, 2, 0),
	gsSP1Triangle(1, 3, 2, 0),
	gsSP1Triangle(1, 4, 3, 0),
	gsSP1Triangle(4, 5, 3, 0),
	gsSP1Triangle(4, 6, 5, 0),
	gsSP1Triangle(3, 5, 7, 0),
	gsSP1Triangle(7, 5, 8, 0),
	gsSP1Triangle(7, 8, 9, 0),
	gsSP1Triangle(3, 7, 9, 0),
	gsSP1Triangle(3, 9, 10, 0),
	gsSP1Triangle(11, 10, 9, 0),
	gsSP1Triangle(11, 9, 12, 0),
	gsSP1Triangle(13, 11, 12, 0),
	gsSP1Triangle(13, 12, 14, 0),
	gsSP1Triangle(15, 14, 12, 0),
	gsSPVertex(mario_000_offset_006_mesh_layer_1_vtx_0 + 32, 9, 0),
	gsSP1Triangle(0, 1, 2, 0),
	gsSP1Triangle(1, 0, 3, 0),
	gsSP1Triangle(4, 3, 0, 0),
	gsSP1Triangle(4, 5, 3, 0),
	gsSP1Triangle(4, 6, 5, 0),
	gsSP1Triangle(6, 7, 5, 0),
	gsSP1Triangle(5, 8, 3, 0),
	gsSPEndDisplayList(),
};

Vtx mario_000_offset_007_skinned_mesh_layer_1_vtx_0[6] = {
	{{{63, 0, 13},0, {-16, -16},{0xFA, 0x0, 0x7F, 0xFF}}},
	{{{65, -9, 9},0, {-16, -16},{0xF9, 0x97, 0x47, 0xFF}}},
	{{{65, -9, -3},0, {-16, -16},{0xF9, 0x96, 0xBA, 0xFF}}},
	{{{63, 0, -7},0, {-16, -16},{0xFA, 0xFF, 0x81, 0xFF}}},
	{{{63, 10, 9},0, {-16, -16},{0xF9, 0x69, 0x47, 0xFF}}},
	{{{63, 10, -3},0, {-16, -16},{0xF9, 0x69, 0xB9, 0xFF}}},
};

Gfx mario_000_offset_007_skinned_mesh_layer_1_tri_0[] = {
	gsSPVertex(mario_000_offset_007_skinned_mesh_layer_1_vtx_0 + 0, 6, 0),
	gsSPEndDisplayList(),
};

Vtx mario_000_offset_007_mesh_layer_1_vtx_0[6] = {
	{{{19, -10, 10},0, {-16, -16},{0xF7, 0x97, 0x47, 0xFF}}},
	{{{22, 0, 14},0, {-16, -16},{0xF8, 0x1, 0x7F, 0xFF}}},
	{{{22, 11, 10},0, {-16, -16},{0xF7, 0x69, 0x47, 0xFF}}},
	{{{22, 12, -3},0, {-16, -16},{0xF6, 0x69, 0xB9, 0xFF}}},
	{{{22, 0, -8},0, {-16, -16},{0xF7, 0x0, 0x81, 0xFF}}},
	{{{19, -10, -3},0, {-16, -16},{0xF7, 0x97, 0xB9, 0xFF}}},
};

Gfx mario_000_offset_007_mesh_layer_1_tri_0[] = {
	gsSPVertex(mario_000_offset_007_mesh_layer_1_vtx_0 + 0, 6, 6),
	gsSP1Triangle(6, 0, 1, 0),
	gsSP1Triangle(6, 7, 0, 0),
	gsSP1Triangle(7, 4, 0, 0),
	gsSP1Triangle(8, 4, 7, 0),
	gsSP1Triangle(8, 9, 4, 0),
	gsSP1Triangle(9, 5, 4, 0),
	gsSP1Triangle(9, 10, 5, 0),
	gsSP1Triangle(10, 3, 5, 0),
	gsSP1Triangle(10, 11, 3, 0),
	gsSP1Triangle(3, 11, 2, 0),
	gsSP1Triangle(11, 6, 2, 0),
	gsSP1Triangle(6, 1, 2, 0),
	gsSPEndDisplayList(),
};

Vtx mario_000_offset_007_mesh_layer_1_vtx_1[12] = {
	{{{58, -13, 11},0, {-16, -16},{0xF6, 0x94, 0x43, 0xFF}}},
	{{{19, -10, 10},0, {-16, -16},{0xF7, 0x97, 0x47, 0xFF}}},
	{{{19, -10, -3},0, {-16, -16},{0xF7, 0x97, 0xB9, 0xFF}}},
	{{{58, 0, 18},0, {-16, -16},{0xF8, 0x1, 0x7F, 0xFF}}},
	{{{22, 0, 14},0, {-16, -16},{0xF8, 0x1, 0x7F, 0xFF}}},
	{{{22, 11, 10},0, {-16, -16},{0xF7, 0x69, 0x47, 0xFF}}},
	{{{58, 15, 10},0, {-16, -16},{0xF6, 0x6D, 0x41, 0xFF}}},
	{{{22, 12, -3},0, {-16, -16},{0xF6, 0x69, 0xB9, 0xFF}}},
	{{{58, 15, -5},0, {-16, -16},{0xF4, 0x6A, 0xBB, 0xFF}}},
	{{{58, 0, -11},0, {-16, -16},{0xF6, 0xFE, 0x81, 0xFF}}},
	{{{22, 0, -8},0, {-16, -16},{0xF7, 0x0, 0x81, 0xFF}}},
	{{{58, -13, -5},0, {-16, -16},{0xF6, 0x94, 0xBD, 0xFF}}},
};

Gfx mario_000_offset_007_mesh_layer_1_tri_1[] = {
	gsSPVertex(mario_000_offset_007_mesh_layer_1_vtx_1 + 0, 12, 0),
	gsSP1Triangle(0, 1, 2, 0),
	gsSP1Triangle(0, 3, 1, 0),
	gsSP1Triangle(3, 4, 1, 0),
	gsSP1Triangle(4, 3, 5, 0),
	gsSP1Triangle(3, 6, 5, 0),
	gsSP1Triangle(6, 7, 5, 0),
	gsSP1Triangle(8, 7, 6, 0),
	gsSP1Triangle(8, 9, 7, 0),
	gsSP1Triangle(9, 10, 7, 0),
	gsSP1Triangle(10, 9, 2, 0),
	gsSP1Triangle(9, 11, 2, 0),
	gsSP1Triangle(11, 0, 2, 0),
	gsSPEndDisplayList(),
};

Vtx mario_000_displaylist_004_mesh_layer_1_vtx_0[36] = {
	{{{-14, 26, 41},0, {-16, -16},{0x2D, 0x50, 0x58, 0xFF}}},
	{{{13, -38, 41},0, {-16, -16},{0x58, 0xE6, 0x58, 0xFF}}},
	{{{23, -26, 35},0, {-16, -16},{0xF, 0xBF, 0x6C, 0xFF}}},
	{{{31, -40, -1},0, {-16, -16},{0x3D, 0x99, 0xD4, 0xFF}}},
	{{{24, -57, -4},0, {-16, -16},{0x75, 0xD3, 0xED, 0xFF}}},
	{{{4, -3, -33},0, {-16, -16},{0x4C, 0x21, 0x9F, 0xFF}}},
	{{{15, 0, -23},0, {-16, -16},{0xC, 0x0, 0x82, 0xFF}}},
	{{{-2, 41, -1},0, {-16, -16},{0xDA, 0x71, 0xD4, 0xFF}}},
	{{{-19, 47, -4},0, {-16, -16},{0x2D, 0x75, 0xEC, 0xFF}}},
	{{{1, 24, 35},0, {-16, -16},{0xF5, 0x3F, 0x6E, 0xFF}}},
	{{{29, 6, 49},0, {-16, -16},{0xBF, 0xFA, 0x6D, 0xFF}}},
	{{{75, -33, 66},0, {-16, -16},{0x18, 0xB2, 0x62, 0xFF}}},
	{{{55, -44, -4},0, {-16, -16},{0x6, 0x8C, 0xCC, 0xFF}}},
	{{{35, 9, -37},0, {-16, -16},{0xE8, 0xF6, 0x84, 0xFF}}},
	{{{10, 60, -4},0, {-16, -16},{0xB1, 0x58, 0xD2, 0xFF}}},
	{{{29, 62, 34},0, {-16, -16},{0xCE, 0x59, 0x4B, 0xFF}}},
	{{{29, 62, 34},0, {-16, -16},{0xCE, 0x59, 0x4B, 0xFF}}},
	{{{29, 6, 49},0, {-16, -16},{0xBF, 0xFA, 0x6D, 0xFF}}},
	{{{57, 10, 66},0, {-16, -16},{0xF3, 0x14, 0x7D, 0xFF}}},
	{{{75, -33, 66},0, {-16, -16},{0x18, 0xB2, 0x62, 0xFF}}},
	{{{96, -8, 52},0, {-16, -16},{0x68, 0xFA, 0x49, 0xFF}}},
	{{{104, -26, 1},0, {-16, -16},{0x65, 0xBF, 0xD7, 0xFF}}},
	{{{55, -44, -4},0, {-16, -16},{0x6, 0x8C, 0xCC, 0xFF}}},
	{{{35, 9, -37},0, {-16, -16},{0xE8, 0xF6, 0x84, 0xFF}}},
	{{{86, 30, -33},0, {-16, -16},{0x45, 0x1C, 0x99, 0xFF}}},
	{{{58, 81, 0},0, {-16, -16},{0x17, 0x7A, 0xE4, 0xFF}}},
	{{{10, 60, -4},0, {-16, -16},{0xB1, 0x58, 0xD2, 0xFF}}},
	{{{54, 54, 44},0, {-16, -16},{0x14, 0x51, 0x5F, 0xFF}}},
	{{{86, 15, 52},0, {-16, -16},{0x45, 0x2D, 0x61, 0xFF}}},
	{{{97, 39, 24},0, {-16, -16},{0x6C, 0x3D, 0x1C, 0xFF}}},
	{{{4, -3, -33},0, {-16, -16},{0x99, 0xD6, 0xC2, 0xFF}}},
	{{{-16, -12, 6},0, {-16, -16},{0x8B, 0xD0, 0xF7, 0xFF}}},
	{{{-19, 47, -4},0, {-16, -16},{0x83, 0xF7, 0xEC, 0xFF}}},
	{{{24, -57, -4},0, {-16, -16},{0xA0, 0xAF, 0xED, 0xFF}}},
	{{{13, -38, 41},0, {-16, -16},{0x9B, 0xB9, 0x1E, 0xFF}}},
	{{{-14, 26, 41},0, {-16, -16},{0x86, 0xEB, 0x1E, 0xFF}}},
};

Gfx mario_000_displaylist_004_mesh_layer_1_tri_0[] = {
	gsSPVertex(mario_000_displaylist_004_mesh_layer_1_vtx_0 + 0, 16, 0),
	gsSP1Triangle(0, 1, 2, 0),
	gsSP1Triangle(3, 2, 1, 0),
	gsSP1Triangle(1, 4, 3, 0),
	gsSP1Triangle(3, 4, 5, 0),
	gsSP1Triangle(5, 6, 3, 0),
	gsSP1Triangle(7, 6, 5, 0),
	gsSP1Triangle(5, 8, 7, 0),
	gsSP1Triangle(7, 8, 0, 0),
	gsSP1Triangle(0, 9, 7, 0),
	gsSP1Triangle(2, 9, 0, 0),
	gsSP1Triangle(10, 9, 2, 0),
	gsSP1Triangle(11, 10, 2, 0),
	gsSP1Triangle(12, 11, 2, 0),
	gsSP1Triangle(2, 3, 12, 0),
	gsSP1Triangle(13, 12, 3, 0),
	gsSP1Triangle(3, 6, 13, 0),
	gsSP1Triangle(13, 6, 7, 0),
	gsSP1Triangle(14, 13, 7, 0),
	gsSP1Triangle(14, 7, 9, 0),
	gsSP1Triangle(15, 14, 9, 0),
	gsSP1Triangle(9, 10, 15, 0),
	gsSPVertex(mario_000_displaylist_004_mesh_layer_1_vtx_0 + 16, 14, 0),
	gsSP1Triangle(0, 1, 2, 0),
	gsSP1Triangle(3, 2, 1, 0),
	gsSP1Triangle(3, 4, 2, 0),
	gsSP1Triangle(5, 4, 3, 0),
	gsSP1Triangle(6, 5, 3, 0),
	gsSP1Triangle(7, 5, 6, 0),
	gsSP1Triangle(7, 8, 5, 0),
	gsSP1Triangle(9, 8, 7, 0),
	gsSP1Triangle(10, 9, 7, 0),
	gsSP1Triangle(9, 10, 0, 0),
	gsSP1Triangle(0, 11, 9, 0),
	gsSP1Triangle(11, 0, 2, 0),
	gsSP1Triangle(12, 11, 2, 0),
	gsSP1Triangle(4, 12, 2, 0),
	gsSP1Triangle(4, 13, 12, 0),
	gsSP1Triangle(5, 13, 4, 0),
	gsSP1Triangle(8, 13, 5, 0),
	gsSP1Triangle(9, 13, 8, 0),
	gsSP1Triangle(11, 13, 9, 0),
	gsSP1Triangle(13, 11, 12, 0),
	gsSPVertex(mario_000_displaylist_004_mesh_layer_1_vtx_0 + 30, 6, 0),
	gsSP1Triangle(0, 1, 2, 0),
	gsSP1Triangle(3, 1, 0, 0),
	gsSP1Triangle(4, 1, 3, 0),
	gsSP1Triangle(5, 1, 4, 0),
	gsSP1Triangle(2, 1, 5, 0),
	gsSPEndDisplayList(),
};

Vtx mario_002_switch_option_left_hand_open_mesh_layer_1_vtx_0[57] = {
	{{{7, 1, -26},0, {-16, -16},{0x4C, 0x2A, 0xA3, 0xFF}}},
	{{{-9, 41, 5},0, {-16, -16},{0x31, 0x75, 0xF3, 0xFF}}},
	{{{3, 36, 6},0, {-16, -16},{0xD7, 0x74, 0xE1, 0xFF}}},
	{{{-1, 18, 42},0, {-16, -16},{0x3D, 0x42, 0x5A, 0xFF}}},
	{{{9, 18, 35},0, {-16, -16},{0xEA, 0x28, 0x77, 0xFF}}},
	{{{26, -24, 28},0, {-16, -16},{0xD, 0xBA, 0x69, 0xFF}}},
	{{{19, -36, 33},0, {-16, -16},{0x67, 0xE2, 0x44, 0xFF}}},
	{{{30, -32, -4},0, {-16, -16},{0x37, 0xA3, 0xBD, 0xFF}}},
	{{{25, -46, -9},0, {-16, -16},{0x77, 0xE1, 0xE0, 0xFF}}},
	{{{16, 4, -17},0, {-16, -16},{0x0, 0x11, 0x82, 0xFF}}},
	{{{30, 13, -30},0, {-16, -16},{0xD7, 0x3, 0x88, 0xFF}}},
	{{{13, 53, 5},0, {-16, -16},{0xAE, 0x5E, 0xE7, 0xFF}}},
	{{{20, 33, 48},0, {-16, -16},{0xE2, 0x2A, 0x74, 0xFF}}},
	{{{32, 2, 43},0, {-16, -16},{0xE3, 0xEE, 0x7A, 0xFF}}},
	{{{46, -35, 37},0, {-16, -16},{0xD8, 0xA4, 0x4E, 0xFF}}},
	{{{48, -35, -9},0, {-16, -16},{0xF7, 0x99, 0xB6, 0xFF}}},
	{{{30, 13, -30},0, {-16, -16},{0xD7, 0x3, 0x88, 0xFF}}},
	{{{86, -19, -13},0, {-16, -16},{0x3E, 0xB9, 0xAB, 0xFF}}},
	{{{48, -35, -9},0, {-16, -16},{0xF7, 0x99, 0xB6, 0xFF}}},
	{{{81, 37, -28},0, {-16, -16},{0x10, 0x1D, 0x85, 0xFF}}},
	{{{76, 88, 9},0, {-16, -16},{0xF3, 0x7E, 0xFF, 0xFF}}},
	{{{13, 53, 5},0, {-16, -16},{0xAE, 0x5E, 0xE7, 0xFF}}},
	{{{34, 43, 36},0, {-16, -16},{0xFD, 0x4A, 0x67, 0xFF}}},
	{{{20, 33, 48},0, {-16, -16},{0xE2, 0x2A, 0x74, 0xFF}}},
	{{{32, 2, 43},0, {-16, -16},{0xE3, 0xEE, 0x7A, 0xFF}}},
	{{{81, -15, 45},0, {-16, -16},{0x35, 0xB, 0x73, 0xFF}}},
	{{{46, -35, 37},0, {-16, -16},{0xD8, 0xA4, 0x4E, 0xFF}}},
	{{{93, -45, 36},0, {-16, -16},{0x4C, 0xA7, 0x30, 0xFF}}},
	{{{93, -5, 22},0, {-16, -16},{0x68, 0xE6, 0x45, 0xFF}}},
	{{{136, 28, 31},0, {-16, -16},{0x52, 0xDE, 0x5B, 0xFF}}},
	{{{143, 31, -1},0, {-16, -16},{0x73, 0xF0, 0xCC, 0xFF}}},
	{{{125, 71, 9},0, {-16, -16},{0x4E, 0x5A, 0xD4, 0xFF}}},
	{{{124, 69, 30},0, {-16, -16},{0x39, 0x46, 0x5A, 0xFF}}},
	{{{125, 71, 9},0, {-16, -16},{0x4E, 0x5A, 0xD4, 0xFF}}},
	{{{76, 88, 9},0, {-16, -16},{0xF3, 0x7E, 0xFF, 0xFF}}},
	{{{84, 59, 25},0, {-16, -16},{0xFD, 0x21, 0x7B, 0xFF}}},
	{{{34, 43, 36},0, {-16, -16},{0xFD, 0x4A, 0x67, 0xFF}}},
	{{{75, 11, 32},0, {-16, -16},{0x3D, 0x24, 0x6A, 0xFF}}},
	{{{81, -15, 45},0, {-16, -16},{0x35, 0xB, 0x73, 0xFF}}},
	{{{93, -5, 22},0, {-16, -16},{0x68, 0xE6, 0x45, 0xFF}}},
	{{{93, -45, 36},0, {-16, -16},{0x4C, 0xA7, 0x30, 0xFF}}},
	{{{136, 28, 31},0, {-16, -16},{0x52, 0xDE, 0x5B, 0xFF}}},
	{{{143, 31, -1},0, {-16, -16},{0x73, 0xF0, 0xCC, 0xFF}}},
	{{{25, -46, -9},0, {-16, -16},{0xB8, 0x9E, 0xDA, 0xFF}}},
	{{{11, -38, -3},0, {-16, -16},{0xA4, 0xAD, 0xE3, 0xFF}}},
	{{{7, 1, -26},0, {-16, -16},{0x9E, 0xE7, 0xB3, 0xFF}}},
	{{{19, -36, 33},0, {-16, -16},{0xB6, 0xA8, 0x37, 0xFF}}},
	{{{7, -30, 26},0, {-16, -16},{0x9E, 0xBA, 0x2A, 0xFF}}},
	{{{-1, 18, 42},0, {-16, -16},{0x93, 0xFE, 0x42, 0xFF}}},
	{{{7, -30, 26},0, {-16, -16},{0x9E, 0xBA, 0x2A, 0xFF}}},
	{{{19, -36, 33},0, {-16, -16},{0xB6, 0xA8, 0x37, 0xFF}}},
	{{{-7, 7, 32},0, {-16, -16},{0x8D, 0xE7, 0x31, 0xFF}}},
	{{{-12, 23, 6},0, {-16, -16},{0x82, 0x0, 0xF0, 0xFF}}},
	{{{-9, 41, 5},0, {-16, -16},{0x83, 0x14, 0xF4, 0xFF}}},
	{{{7, 1, -26},0, {-16, -16},{0x9E, 0xE7, 0xB3, 0xFF}}},
	{{{0, -4, -15},0, {-16, -16},{0x91, 0xDE, 0xCC, 0xFF}}},
	{{{11, -38, -3},0, {-16, -16},{0xA4, 0xAD, 0xE3, 0xFF}}},
};

Gfx mario_002_switch_option_left_hand_open_mesh_layer_1_tri_0[] = {
	gsSPVertex(mario_002_switch_option_left_hand_open_mesh_layer_1_vtx_0 + 0, 16, 0),
	gsSP1Triangle(0, 1, 2, 0),
	gsSP1Triangle(2, 1, 3, 0),
	gsSP1Triangle(3, 4, 2, 0),
	gsSP1Triangle(5, 4, 3, 0),
	gsSP1Triangle(3, 6, 5, 0),
	gsSP1Triangle(7, 5, 6, 0),
	gsSP1Triangle(6, 8, 7, 0),
	gsSP1Triangle(7, 8, 0, 0),
	gsSP1Triangle(0, 9, 7, 0),
	gsSP1Triangle(2, 9, 0, 0),
	gsSP1Triangle(10, 9, 2, 0),
	gsSP1Triangle(11, 10, 2, 0),
	gsSP1Triangle(12, 11, 2, 0),
	gsSP1Triangle(2, 4, 12, 0),
	gsSP1Triangle(13, 12, 4, 0),
	gsSP1Triangle(13, 4, 5, 0),
	gsSP1Triangle(14, 13, 5, 0),
	gsSP1Triangle(14, 5, 7, 0),
	gsSP1Triangle(15, 14, 7, 0),
	gsSP1Triangle(10, 15, 7, 0),
	gsSP1Triangle(7, 9, 10, 0),
	gsSPVertex(mario_002_switch_option_left_hand_open_mesh_layer_1_vtx_0 + 16, 16, 0),
	gsSP1Triangle(0, 1, 2, 0),
	gsSP1Triangle(0, 3, 1, 0),
	gsSP1Triangle(4, 3, 0, 0),
	gsSP1Triangle(5, 4, 0, 0),
	gsSP1Triangle(4, 5, 6, 0),
	gsSP1Triangle(7, 6, 5, 0),
	gsSP1Triangle(6, 7, 8, 0),
	gsSP1Triangle(6, 8, 9, 0),
	gsSP1Triangle(9, 8, 10, 0),
	gsSP1Triangle(9, 10, 11, 0),
	gsSP1Triangle(11, 10, 2, 0),
	gsSP1Triangle(2, 1, 11, 0),
	gsSP1Triangle(1, 12, 11, 0),
	gsSP1Triangle(1, 13, 12, 0),
	gsSP1Triangle(1, 14, 13, 0),
	gsSP1Triangle(3, 14, 1, 0),
	gsSP1Triangle(3, 15, 14, 0),
	gsSP1Triangle(3, 4, 15, 0),
	gsSPVertex(mario_002_switch_option_left_hand_open_mesh_layer_1_vtx_0 + 32, 16, 0),
	gsSP1Triangle(0, 1, 2, 0),
	gsSP1Triangle(2, 3, 0, 0),
	gsSP1Triangle(4, 3, 2, 0),
	gsSP1Triangle(5, 3, 4, 0),
	gsSP1Triangle(5, 4, 6, 0),
	gsSP1Triangle(7, 5, 6, 0),
	gsSP1Triangle(8, 7, 6, 0),
	gsSP1Triangle(7, 3, 5, 0),
	gsSP1Triangle(7, 9, 3, 0),
	gsSP1Triangle(9, 0, 3, 0),
	gsSP1Triangle(9, 10, 0, 0),
	gsSP1Triangle(0, 10, 1, 0),
	gsSP1Triangle(11, 12, 13, 0),
	gsSP1Triangle(14, 12, 11, 0),
	gsSP1Triangle(14, 15, 12, 0),
	gsSPVertex(mario_002_switch_option_left_hand_open_mesh_layer_1_vtx_0 + 48, 9, 0),
	gsSP1Triangle(0, 1, 2, 0),
	gsSP1Triangle(0, 3, 1, 0),
	gsSP1Triangle(4, 3, 0, 0),
	gsSP1Triangle(5, 4, 0, 0),
	gsSP1Triangle(6, 4, 5, 0),
	gsSP1Triangle(6, 7, 4, 0),
	gsSP1Triangle(8, 7, 6, 0),
	gsSP1Triangle(7, 8, 1, 0),
	gsSP1Triangle(1, 3, 7, 0),
	gsSP1Triangle(3, 4, 7, 0),
	gsSPEndDisplayList(),
};

Vtx mario_004_switch_option_left_hand_peace_mesh_layer_1_vtx_0[63] = {
	{{{166, -13, -17},0, {-16, -16},{0x7A, 0x9, 0x22, 0xFF}}},
	{{{162, 14, -11},0, {-16, -16},{0x7A, 0xA, 0x21, 0xFF}}},
	{{{153, 7, 24},0, {-16, -16},{0x49, 0xF3, 0x67, 0xFF}}},
	{{{155, -15, 21},0, {-16, -16},{0x47, 0xF9, 0x69, 0xFF}}},
	{{{101, -29, 15},0, {-16, -16},{0x42, 0x96, 0x19, 0xFF}}},
	{{{98, 10, 29},0, {-16, -16},{0x5D, 0x28, 0x4C, 0xFF}}},
	{{{90, -3, 52},0, {-16, -16},{0x48, 0x2, 0x69, 0xFF}}},
	{{{84, 48, 24},0, {-16, -16},{0x53, 0x49, 0x3E, 0xFF}}},
	{{{105, 17, 3},0, {-16, -16},{0x41, 0x6C, 0xD, 0xFF}}},
	{{{153, 7, 24},0, {-16, -16},{0xC, 0x7B, 0x1E, 0xFF}}},
	{{{162, 14, -11},0, {-16, -16},{0xB, 0x7D, 0x13, 0xFF}}},
	{{{89, 18, -34},0, {-16, -16},{0x23, 0x1F, 0x8A, 0xFF}}},
	{{{84, 60, -7},0, {-16, -16},{0x51, 0x58, 0xD5, 0xFF}}},
	{{{56, 80, 1},0, {-16, -16},{0x6, 0x7D, 0xED, 0xFF}}},
	{{{33, 7, -37},0, {-16, -16},{0xDF, 0xFA, 0x85, 0xFF}}},
	{{{94, -22, -18},0, {-16, -16},{0x1A, 0xA8, 0xA8, 0xFF}}},
	{{{166, -13, -17},0, {-16, -16},{0x1E, 0x6, 0x85, 0xFF}}},
	{{{94, -22, -18},0, {-16, -16},{0x1A, 0xA8, 0xA8, 0xFF}}},
	{{{89, 18, -34},0, {-16, -16},{0x23, 0x1F, 0x8A, 0xFF}}},
	{{{162, 14, -11},0, {-16, -16},{0x26, 0x1F, 0x8B, 0xFF}}},
	{{{56, -47, -5},0, {-16, -16},{0x3, 0x8A, 0xD1, 0xFF}}},
	{{{33, 7, -37},0, {-16, -16},{0xDF, 0xFA, 0x85, 0xFF}}},
	{{{32, -43, 0},0, {-16, -16},{0x33, 0x94, 0xD4, 0xFF}}},
	{{{45, -29, 52},0, {-16, -16},{0xE7, 0xBC, 0x69, 0xFF}}},
	{{{88, -34, 39},0, {-16, -16},{0x3D, 0xA6, 0x41, 0xFF}}},
	{{{101, -29, 15},0, {-16, -16},{0x42, 0x96, 0x19, 0xFF}}},
	{{{155, -15, 21},0, {-16, -16},{0x15, 0x83, 0xF6, 0xFF}}},
	{{{166, -13, -17},0, {-16, -16},{0xF, 0x82, 0xFE, 0xFF}}},
	{{{90, -3, 52},0, {-16, -16},{0x48, 0x2, 0x69, 0xFF}}},
	{{{46, 49, 45},0, {-16, -16},{0xF7, 0x48, 0x68, 0xFF}}},
	{{{84, 48, 24},0, {-16, -16},{0x53, 0x49, 0x3E, 0xFF}}},
	{{{56, 80, 1},0, {-16, -16},{0x6, 0x7D, 0xED, 0xFF}}},
	{{{56, 80, 1},0, {-16, -16},{0x6, 0x7D, 0xED, 0xFF}}},
	{{{84, 48, 24},0, {-16, -16},{0x53, 0x49, 0x3E, 0xFF}}},
	{{{84, 60, -7},0, {-16, -16},{0x51, 0x58, 0xD5, 0xFF}}},
	{{{105, 17, 3},0, {-16, -16},{0x41, 0x6C, 0xD, 0xFF}}},
	{{{46, 49, 45},0, {-16, -16},{0xF7, 0x48, 0x68, 0xFF}}},
	{{{8, 58, -2},0, {-16, -16},{0xAF, 0x5D, 0xE2, 0xFF}}},
	{{{33, 7, -37},0, {-16, -16},{0xDF, 0xFA, 0x85, 0xFF}}},
	{{{-4, 38, 0},0, {-16, -16},{0xD9, 0x73, 0xD9, 0xFF}}},
	{{{14, -1, -22},0, {-16, -16},{0x3, 0x4, 0x81, 0xFF}}},
	{{{32, -43, 0},0, {-16, -16},{0x33, 0x94, 0xD4, 0xFF}}},
	{{{2, -5, -33},0, {-16, -16},{0xFA, 0x2, 0x81, 0xFF}}},
	{{{24, -59, -3},0, {-16, -16},{0x26, 0x8D, 0xDB, 0xFF}}},
	{{{23, -29, 36},0, {-16, -16},{0x16, 0xC5, 0x6E, 0xFF}}},
	{{{45, -29, 52},0, {-16, -16},{0xE7, 0xBC, 0x69, 0xFF}}},
	{{{18, 30, 41},0, {-16, -16},{0xC9, 0x2D, 0x69, 0xFF}}},
	{{{0, 21, 37},0, {-16, -16},{0x5, 0x44, 0x6B, 0xFF}}},
	{{{-15, 23, 43},0, {-16, -16},{0xD4, 0x3B, 0x68, 0xFF}}},
	{{{0, 21, 37},0, {-16, -16},{0x5, 0x44, 0x6B, 0xFF}}},
	{{{-4, 38, 0},0, {-16, -16},{0xD9, 0x73, 0xD9, 0xFF}}},
	{{{-22, 43, -3},0, {-16, -16},{0xC3, 0x69, 0xDA, 0xFF}}},
	{{{14, -1, -22},0, {-16, -16},{0x3, 0x4, 0x81, 0xFF}}},
	{{{2, -5, -33},0, {-16, -16},{0xFA, 0x2, 0x81, 0xFF}}},
	{{{-25, 24, 0},0, {-16, -16},{0x84, 0xFB, 0xE5, 0xFF}}},
	{{{-8, -12, -20},0, {-16, -16},{0x9B, 0xD0, 0xC4, 0xFF}}},
	{{{24, -59, -3},0, {-16, -16},{0x26, 0x8D, 0xDB, 0xFF}}},
	{{{6, -49, 0},0, {-16, -16},{0xAB, 0xA5, 0xE6, 0xFF}}},
	{{{15, -39, 42},0, {-16, -16},{0x12, 0xBA, 0x68, 0xFF}}},
	{{{23, -29, 36},0, {-16, -16},{0x16, 0xC5, 0x6E, 0xFF}}},
	{{{18, 30, 41},0, {-16, -16},{0xC9, 0x2D, 0x69, 0xFF}}},
	{{{0, -35, 32},0, {-16, -16},{0xA3, 0xB8, 0x31, 0xFF}}},
	{{{-21, 9, 33},0, {-16, -16},{0x8D, 0xE7, 0x2F, 0xFF}}},
};

Gfx mario_004_switch_option_left_hand_peace_mesh_layer_1_tri_0[] = {
	gsSPVertex(mario_004_switch_option_left_hand_peace_mesh_layer_1_vtx_0 + 0, 16, 0),
	gsSP1Triangle(0, 1, 2, 0),
	gsSP1Triangle(0, 2, 3, 0),
	gsSP1Triangle(4, 3, 2, 0),
	gsSP1Triangle(4, 2, 5, 0),
	gsSP1Triangle(4, 5, 6, 0),
	gsSP1Triangle(5, 7, 6, 0),
	gsSP1Triangle(8, 7, 5, 0),
	gsSP1Triangle(8, 5, 9, 0),
	gsSP1Triangle(8, 9, 10, 0),
	gsSP1Triangle(10, 11, 8, 0),
	gsSP1Triangle(11, 12, 8, 0),
	gsSP1Triangle(13, 12, 11, 0),
	gsSP1Triangle(13, 11, 14, 0),
	gsSP1Triangle(14, 11, 15, 0),
	gsSPVertex(mario_004_switch_option_left_hand_peace_mesh_layer_1_vtx_0 + 16, 16, 0),
	gsSP1Triangle(0, 1, 2, 0),
	gsSP1Triangle(2, 3, 0, 0),
	gsSP1Triangle(4, 5, 1, 0),
	gsSP1Triangle(5, 4, 6, 0),
	gsSP1Triangle(4, 7, 6, 0),
	gsSP1Triangle(7, 4, 8, 0),
	gsSP1Triangle(9, 8, 4, 0),
	gsSP1Triangle(9, 4, 1, 0),
	gsSP1Triangle(1, 10, 9, 0),
	gsSP1Triangle(10, 1, 11, 0),
	gsSP1Triangle(8, 9, 12, 0),
	gsSP1Triangle(8, 12, 7, 0),
	gsSP1Triangle(7, 12, 13, 0),
	gsSP1Triangle(12, 14, 13, 0),
	gsSP1Triangle(13, 14, 15, 0),
	gsSPVertex(mario_004_switch_option_left_hand_peace_mesh_layer_1_vtx_0 + 32, 16, 0),
	gsSP1Triangle(0, 1, 2, 0),
	gsSP1Triangle(1, 3, 2, 0),
	gsSP1Triangle(4, 0, 5, 0),
	gsSP1Triangle(5, 0, 6, 0),
	gsSP1Triangle(5, 6, 7, 0),
	gsSP1Triangle(6, 8, 7, 0),
	gsSP1Triangle(9, 8, 6, 0),
	gsSP1Triangle(10, 8, 9, 0),
	gsSP1Triangle(10, 9, 11, 0),
	gsSP1Triangle(11, 9, 12, 0),
	gsSP1Triangle(13, 12, 9, 0),
	gsSP1Triangle(12, 13, 14, 0),
	gsSP1Triangle(13, 4, 14, 0),
	gsSP1Triangle(4, 5, 14, 0),
	gsSP1Triangle(14, 5, 7, 0),
	gsSP1Triangle(7, 15, 14, 0),
	gsSPVertex(mario_004_switch_option_left_hand_peace_mesh_layer_1_vtx_0 + 48, 15, 0),
	gsSP1Triangle(0, 1, 2, 0),
	gsSP1Triangle(0, 2, 3, 0),
	gsSP1Triangle(3, 2, 4, 0),
	gsSP1Triangle(3, 4, 5, 0),
	gsSP1Triangle(5, 6, 3, 0),
	gsSP1Triangle(5, 7, 6, 0),
	gsSP1Triangle(8, 7, 5, 0),
	gsSP1Triangle(8, 9, 7, 0),
	gsSP1Triangle(10, 9, 8, 0),
	gsSP1Triangle(8, 11, 10, 0),
	gsSP1Triangle(10, 11, 1, 0),
	gsSP1Triangle(1, 11, 12, 0),
	gsSP1Triangle(10, 1, 0, 0),
	gsSP1Triangle(0, 13, 10, 0),
	gsSP1Triangle(0, 14, 13, 0),
	gsSP1Triangle(3, 14, 0, 0),
	gsSP1Triangle(3, 6, 14, 0),
	gsSP1Triangle(14, 6, 7, 0),
	gsSP1Triangle(13, 14, 7, 0),
	gsSP1Triangle(7, 9, 13, 0),
	gsSP1Triangle(10, 13, 9, 0),
	gsSPEndDisplayList(),
};

Vtx mario_000_offset_009_skinned_mesh_layer_1_vtx_0[9] = {
	{{{52, -3, 54},0, {289, 551},{0xDC, 0xEB, 0x78, 0xFF}}},
	{{{50, 16, 51},0, {298, 509},{0xC3, 0x47, 0x56, 0xFF}}},
	{{{56, -27, 45},0, {324, 604},{0xC2, 0xA4, 0x3F, 0xFF}}},
	{{{58, -31, 18},0, {426, 616},{0xDA, 0x8A, 0x1D, 0xFF}}},
	{{{35, -33, 13},0, {442, 620},{0x10, 0xB3, 0x64, 0xFF}}},
	{{{19, -6, 0},0, {491, 560},{0x88, 0x2A, 0x0, 0xFF}}},
	{{{45, 28, 13},0, {442, 479},{0xB4, 0x66, 0x5, 0xFF}}},
	{{{18, -51, 12},0, {447, 662},{0xDD, 0xD8, 0x73, 0xFF}}},
	{{{12, -47, 0},0, {491, 653},{0x84, 0x4, 0x1A, 0xFF}}},
};

Gfx mario_000_offset_009_skinned_mesh_layer_1_tri_0[] = {
	gsSPVertex(mario_000_offset_009_skinned_mesh_layer_1_vtx_0 + 0, 9, 0),
	gsSPEndDisplayList(),
};

Vtx mario_000_offset_009_mesh_layer_1_vtx_0[6] = {
	{{{-3, -5, 9},0, {298, 551},{0x9A, 0x48, 0x17, 0xFF}}},
	{{{-3, 12, 1},0, {331, 590},{0x99, 0x20, 0x43, 0xFF}}},
	{{{7, 12, -19},0, {405, 590},{0xC3, 0x53, 0xB5, 0xFF}}},
	{{{4, -3, -29},0, {445, 555},{0x77, 0xF3, 0xD6, 0xFF}}},
	{{{2, -23, -20},0, {407, 509},{0xA7, 0xC6, 0xBB, 0xFF}}},
	{{{-2, -23, 3},0, {324, 511},{0xA2, 0xC7, 0x40, 0xFF}}},
};

Gfx mario_000_offset_009_mesh_layer_1_tri_0[] = {
	gsSPVertex(mario_000_offset_009_mesh_layer_1_vtx_0 + 0, 6, 9),
	gsSP1Triangle(9, 0, 1, 0),
	gsSP1Triangle(10, 0, 9, 0),
	gsSP1Triangle(10, 2, 0, 0),
	gsSP1Triangle(2, 10, 3, 0),
	gsSP1Triangle(10, 4, 3, 0),
	gsSP1Triangle(4, 10, 11, 0),
	gsSP1Triangle(11, 7, 4, 0),
	gsSP1Triangle(11, 8, 7, 0),
	gsSP1Triangle(5, 8, 11, 0),
	gsSP1Triangle(11, 12, 5, 0),
	gsSP1Triangle(13, 5, 12, 0),
	gsSP1Triangle(5, 13, 6, 0),
	gsSP1Triangle(1, 6, 13, 0),
	gsSP1Triangle(13, 14, 1, 0),
	gsSP1Triangle(9, 1, 14, 0),
	gsSPEndDisplayList(),
};

Vtx mario_000_offset_009_mesh_layer_1_vtx_1[13] = {
	{{{-2, -23, 3},0, {324, 511},{0xA2, 0xC7, 0x40, 0xFF}}},
	{{{78, -17, 7},0, {252, 511},{0xF8, 0x97, 0x48, 0xFF}}},
	{{{-3, -5, 9},0, {298, 551},{0x9A, 0x48, 0x17, 0xFF}}},
	{{{2, -23, -20},0, {407, 509},{0xA7, 0xC6, 0xBB, 0xFF}}},
	{{{79, -17, -10},0, {345, 511},{0xB, 0x98, 0xB8, 0xFF}}},
	{{{14, -5, -25},0, {428, 551},{0x21, 0xFE, 0x85, 0xFF}}},
	{{{4, -3, -29},0, {445, 555},{0x77, 0xF3, 0xD6, 0xFF}}},
	{{{7, 12, -19},0, {405, 590},{0xC3, 0x53, 0xB5, 0xFF}}},
	{{{63, 10, -11},0, {349, 592},{0x8, 0x6B, 0xBB, 0xFF}}},
	{{{-3, 12, 1},0, {331, 590},{0x99, 0x20, 0x43, 0xFF}}},
	{{{61, 10, 6},0, {259, 592},{0xF6, 0x68, 0x49, 0xFF}}},
	{{{71, -3, 11},0, {231, 551},{0xF0, 0xFE, 0x7E, 0xFF}}},
	{{{75, -3, -16},0, {375, 551},{0x10, 0x5, 0x82, 0xFF}}},
};

Gfx mario_000_offset_009_mesh_layer_1_tri_1[] = {
	gsSPVertex(mario_000_offset_009_mesh_layer_1_vtx_1 + 0, 13, 0),
	gsSP1Triangle(0, 1, 2, 0),
	gsSP1Triangle(1, 0, 3, 0),
	gsSP1Triangle(1, 3, 4, 0),
	gsSP1Triangle(3, 5, 4, 0),
	gsSP1Triangle(3, 6, 5, 0),
	gsSP1Triangle(7, 5, 6, 0),
	gsSP1Triangle(7, 8, 5, 0),
	gsSP1Triangle(9, 8, 7, 0),
	gsSP1Triangle(10, 8, 9, 0),
	gsSP1Triangle(9, 11, 10, 0),
	gsSP1Triangle(2, 11, 9, 0),
	gsSP1Triangle(2, 1, 11, 0),
	gsSP1Triangle(12, 5, 8, 0),
	gsSP1Triangle(5, 12, 4, 0),
	gsSPEndDisplayList(),
};

Vtx mario_000_offset_010_skinned_mesh_layer_1_vtx_0[6] = {
	{{{61, 10, 6},0, {259, 592},{0xF6, 0x68, 0x49, 0xFF}}},
	{{{78, -17, 7},0, {252, 511},{0xF8, 0x97, 0x48, 0xFF}}},
	{{{71, -3, 11},0, {231, 551},{0xF0, 0xFE, 0x7E, 0xFF}}},
	{{{63, 10, -11},0, {349, 592},{0x8, 0x6B, 0xBB, 0xFF}}},
	{{{79, -17, -10},0, {345, 511},{0xB, 0x98, 0xB8, 0xFF}}},
	{{{75, -3, -16},0, {375, 551},{0x10, 0x5, 0x82, 0xFF}}},
};

Gfx mario_000_offset_010_skinned_mesh_layer_1_tri_0[] = {
	gsSPVertex(mario_000_offset_010_skinned_mesh_layer_1_vtx_0 + 0, 6, 0),
	gsSPEndDisplayList(),
};

Vtx mario_000_offset_010_mesh_layer_1_vtx_0[6] = {
	{{{-6, -3, 14},0, {217, 551},{0xE0, 0xF2, 0x7A, 0xFF}}},
	{{{-2, -17, 9},0, {242, 509},{0xED, 0x97, 0x45, 0xFF}}},
	{{{0, -17, -9},0, {338, 509},{0x5, 0x97, 0xB8, 0xFF}}},
	{{{-2, -3, -15},0, {368, 551},{0x12, 0x7, 0x82, 0xFF}}},
	{{{-8, 11, -8},0, {331, 595},{0xB, 0x6E, 0xC2, 0xFF}}},
	{{{-9, 11, 11},0, {233, 595},{0xEF, 0x61, 0x50, 0xFF}}},
};

Gfx mario_000_offset_010_mesh_layer_1_tri_0[] = {
	gsSPVertex(mario_000_offset_010_mesh_layer_1_vtx_0 + 0, 6, 6),
	gsSP1Triangle(1, 6, 2, 0),
	gsSP1Triangle(1, 7, 6, 0),
	gsSP1Triangle(7, 1, 8, 0),
	gsSP1Triangle(4, 8, 1, 0),
	gsSP1Triangle(9, 8, 4, 0),
	gsSP1Triangle(5, 9, 4, 0),
	gsSP1Triangle(3, 9, 5, 0),
	gsSP1Triangle(3, 10, 9, 0),
	gsSP1Triangle(0, 10, 3, 0),
	gsSP1Triangle(11, 10, 0, 0),
	gsSP1Triangle(6, 11, 0, 0),
	gsSP1Triangle(2, 6, 0, 0),
	gsSPEndDisplayList(),
};

Vtx mario_000_offset_010_mesh_layer_1_vtx_1[9] = {
	{{{13, 9, 43},0, {575, 576},{0xA2, 0x20, 0x50, 0xFF}}},
	{{{43, -5, 7},0, {594, 64},{0x81, 0xFB, 0x6, 0xFF}}},
	{{{13, -17, 43},0, {610, 576},{0x9F, 0xE6, 0x4E, 0xFF}}},
	{{{11, 27, 22},0, {552, 576},{0x9A, 0x47, 0x1C, 0xFF}}},
	{{{10, 25, -6},0, {554, 576},{0x97, 0x42, 0xE2, 0xFF}}},
	{{{10, 5, -25},0, {580, 576},{0x9C, 0x16, 0xB5, 0xFF}}},
	{{{11, -22, -23},0, {617, 576},{0x9E, 0xDC, 0xB8, 0xFF}}},
	{{{12, -40, -3},0, {640, 576},{0x9C, 0xB6, 0xE8, 0xFF}}},
	{{{13, -38, 25},0, {638, 576},{0x9E, 0xB9, 0x26, 0xFF}}},
};

Gfx mario_000_offset_010_mesh_layer_1_tri_1[] = {
	gsSPVertex(mario_000_offset_010_mesh_layer_1_vtx_1 + 0, 9, 0),
	gsSP1Triangle(0, 1, 2, 0),
	gsSP1Triangle(3, 1, 0, 0),
	gsSP1Triangle(4, 1, 3, 0),
	gsSP1Triangle(5, 1, 4, 0),
	gsSP1Triangle(6, 1, 5, 0),
	gsSP1Triangle(7, 1, 6, 0),
	gsSP1Triangle(8, 1, 7, 0),
	gsSP1Triangle(2, 1, 8, 0),
	gsSPEndDisplayList(),
};

Vtx mario_000_offset_010_mesh_layer_1_vtx_2[41] = {
	{{{13, 9, 43},0, {-16, -16},{0xA2, 0x20, 0x50, 0xFF}}},
	{{{13, -17, 43},0, {-16, -16},{0x9F, 0xE6, 0x4E, 0xFF}}},
	{{{34, 8, 39},0, {-16, -16},{0xFA, 0x32, 0x75, 0xFF}}},
	{{{35, -17, 38},0, {-16, -16},{0xFE, 0xD4, 0x77, 0xFF}}},
	{{{36, -36, 23},0, {-16, -16},{0xF9, 0x8F, 0x39, 0xFF}}},
	{{{13, -38, 25},0, {-16, -16},{0x9E, 0xB9, 0x26, 0xFF}}},
	{{{36, -37, -1},0, {-16, -16},{0xF8, 0x88, 0xD6, 0xFF}}},
	{{{12, -40, -3},0, {-16, -16},{0x9C, 0xB6, 0xE8, 0xFF}}},
	{{{34, -21, -19},0, {-16, -16},{0xFB, 0xC8, 0x8E, 0xFF}}},
	{{{11, -22, -23},0, {-16, -16},{0x9E, 0xDC, 0xB8, 0xFF}}},
	{{{10, 5, -25},0, {-16, -16},{0x9C, 0x16, 0xB5, 0xFF}}},
	{{{32, 5, -20},0, {-16, -16},{0xF9, 0x29, 0x88, 0xFF}}},
	{{{31, 23, -4},0, {-16, -16},{0xF2, 0x72, 0xC9, 0xFF}}},
	{{{10, 25, -6},0, {-16, -16},{0x97, 0x42, 0xE2, 0xFF}}},
	{{{11, 27, 22},0, {-16, -16},{0x9A, 0x47, 0x1C, 0xFF}}},
	{{{32, 25, 20},0, {-16, -16},{0xF4, 0x78, 0x29, 0xFF}}},
	{{{49, 30, 22},0, {-16, -16},{0x28, 0x73, 0x25, 0xFF}}},
	{{{32, 25, 20},0, {-16, -16},{0xF4, 0x78, 0x29, 0xFF}}},
	{{{34, 8, 39},0, {-16, -16},{0xFA, 0x32, 0x75, 0xFF}}},
	{{{52, 11, 44},0, {-16, -16},{0x30, 0x32, 0x6B, 0xFF}}},
	{{{54, -18, 43},0, {-16, -16},{0x35, 0xDB, 0x6D, 0xFF}}},
	{{{35, -17, 38},0, {-16, -16},{0xFE, 0xD4, 0x77, 0xFF}}},
	{{{36, -36, 23},0, {-16, -16},{0xF9, 0x8F, 0x39, 0xFF}}},
	{{{55, -40, 26},0, {-16, -16},{0x36, 0x9A, 0x35, 0xFF}}},
	{{{54, -41, -3},0, {-16, -16},{0x34, 0x94, 0xD6, 0xFF}}},
	{{{36, -37, -1},0, {-16, -16},{0xF8, 0x88, 0xD6, 0xFF}}},
	{{{51, -22, -23},0, {-16, -16},{0x2E, 0xD1, 0x93, 0xFF}}},
	{{{34, -21, -19},0, {-16, -16},{0xFB, 0xC8, 0x8E, 0xFF}}},
	{{{49, 8, -25},0, {-16, -16},{0x28, 0x2A, 0x8F, 0xFF}}},
	{{{32, 5, -20},0, {-16, -16},{0xF9, 0x29, 0x88, 0xFF}}},
	{{{31, 23, -4},0, {-16, -16},{0xF2, 0x72, 0xC9, 0xFF}}},
	{{{48, 29, -7},0, {-16, -16},{0x24, 0x6E, 0xCB, 0xFF}}},
	{{{49, 30, 22},0, {-16, -16},{0x28, 0x73, 0x25, 0xFF}}},
	{{{69, -5, 7},0, {-16, -16},{0x7E, 0x8, 0xF8, 0xFF}}},
	{{{48, 29, -7},0, {-16, -16},{0x24, 0x6E, 0xCB, 0xFF}}},
	{{{52, 11, 44},0, {-16, -16},{0x30, 0x32, 0x6B, 0xFF}}},
	{{{54, -18, 43},0, {-16, -16},{0x35, 0xDB, 0x6D, 0xFF}}},
	{{{55, -40, 26},0, {-16, -16},{0x36, 0x9A, 0x35, 0xFF}}},
	{{{54, -41, -3},0, {-16, -16},{0x34, 0x94, 0xD6, 0xFF}}},
	{{{51, -22, -23},0, {-16, -16},{0x2E, 0xD1, 0x93, 0xFF}}},
	{{{49, 8, -25},0, {-16, -16},{0x28, 0x2A, 0x8F, 0xFF}}},
};

Gfx mario_000_offset_010_mesh_layer_1_tri_2[] = {
	gsSPVertex(mario_000_offset_010_mesh_layer_1_vtx_2 + 0, 16, 0),
	gsSP1Triangle(0, 1, 2, 0),
	gsSP1Triangle(2, 1, 3, 0),
	gsSP1Triangle(3, 1, 4, 0),
	gsSP1Triangle(5, 4, 1, 0),
	gsSP1Triangle(4, 5, 6, 0),
	gsSP1Triangle(7, 6, 5, 0),
	gsSP1Triangle(6, 7, 8, 0),
	gsSP1Triangle(9, 8, 7, 0),
	gsSP1Triangle(9, 10, 8, 0),
	gsSP1Triangle(8, 10, 11, 0),
	gsSP1Triangle(11, 10, 12, 0),
	gsSP1Triangle(13, 12, 10, 0),
	gsSP1Triangle(13, 14, 12, 0),
	gsSP1Triangle(12, 14, 15, 0),
	gsSP1Triangle(14, 0, 15, 0),
	gsSP1Triangle(15, 0, 2, 0),
	gsSPVertex(mario_000_offset_010_mesh_layer_1_vtx_2 + 16, 16, 0),
	gsSP1Triangle(0, 1, 2, 0),
	gsSP1Triangle(3, 0, 2, 0),
	gsSP1Triangle(3, 2, 4, 0),
	gsSP1Triangle(4, 2, 5, 0),
	gsSP1Triangle(4, 5, 6, 0),
	gsSP1Triangle(7, 4, 6, 0),
	gsSP1Triangle(7, 6, 8, 0),
	gsSP1Triangle(8, 6, 9, 0),
	gsSP1Triangle(8, 9, 10, 0),
	gsSP1Triangle(10, 9, 11, 0),
	gsSP1Triangle(10, 11, 12, 0),
	gsSP1Triangle(12, 11, 13, 0),
	gsSP1Triangle(12, 13, 14, 0),
	gsSP1Triangle(15, 12, 14, 0),
	gsSP1Triangle(15, 14, 1, 0),
	gsSP1Triangle(0, 15, 1, 0),
	gsSPVertex(mario_000_offset_010_mesh_layer_1_vtx_2 + 32, 9, 0),
	gsSP1Triangle(0, 1, 2, 0),
	gsSP1Triangle(3, 1, 0, 0),
	gsSP1Triangle(4, 1, 3, 0),
	gsSP1Triangle(5, 1, 4, 0),
	gsSP1Triangle(6, 1, 5, 0),
	gsSP1Triangle(7, 1, 6, 0),
	gsSP1Triangle(8, 1, 7, 0),
	gsSP1Triangle(2, 1, 8, 0),
	gsSPEndDisplayList(),
};

Vtx mario_000_offset_010_mesh_layer_1_vtx_3[16] = {
	{{{2, -3, 16},0, {205, 551},{0xE6, 0xF6, 0x7C, 0xFF}}},
	{{{43, -12, 22},0, {124, 530},{0xEF, 0xD0, 0x74, 0xFF}}},
	{{{43, -1, 22},0, {124, 572},{0xF7, 0x2C, 0x77, 0xFF}}},
	{{{-2, -17, 9},0, {242, 509},{0xED, 0x97, 0x45, 0xFF}}},
	{{{-6, -3, 14},0, {217, 551},{0xE0, 0xF2, 0x7A, 0xFF}}},
	{{{-9, 11, 11},0, {233, 595},{0xEF, 0x61, 0x50, 0xFF}}},
	{{{42, 7, 13},0, {180, 602},{0x7, 0x75, 0x31, 0xFF}}},
	{{{42, 7, 1},0, {256, 602},{0x11, 0x77, 0xD6, 0xFF}}},
	{{{-8, 11, -8},0, {331, 595},{0xB, 0x6E, 0xC2, 0xFF}}},
	{{{42, -1, -7},0, {312, 572},{0x17, 0x31, 0x8D, 0xFF}}},
	{{{6, -3, -13},0, {361, 551},{0x11, 0x9, 0x82, 0xFF}}},
	{{{42, -12, -7},0, {312, 530},{0x13, 0xCC, 0x8E, 0xFF}}},
	{{{0, -17, -9},0, {338, 509},{0x5, 0x97, 0xB8, 0xFF}}},
	{{{42, -20, 1},0, {256, 502},{0x2, 0x87, 0xD9, 0xFF}}},
	{{{42, -20, 13},0, {180, 502},{0xF5, 0x8B, 0x31, 0xFF}}},
	{{{-2, -3, -15},0, {368, 551},{0x12, 0x7, 0x82, 0xFF}}},
};

Gfx mario_000_offset_010_mesh_layer_1_tri_3[] = {
	gsSPVertex(mario_000_offset_010_mesh_layer_1_vtx_3 + 0, 16, 0),
	gsSP1Triangle(0, 1, 2, 0),
	gsSP1Triangle(3, 1, 0, 0),
	gsSP1Triangle(3, 0, 4, 0),
	gsSP1Triangle(4, 0, 5, 0),
	gsSP1Triangle(0, 2, 5, 0),
	gsSP1Triangle(5, 2, 6, 0),
	gsSP1Triangle(6, 7, 5, 0),
	gsSP1Triangle(5, 7, 8, 0),
	gsSP1Triangle(8, 7, 9, 0),
	gsSP1Triangle(10, 8, 9, 0),
	gsSP1Triangle(10, 9, 11, 0),
	gsSP1Triangle(10, 11, 12, 0),
	gsSP1Triangle(13, 12, 11, 0),
	gsSP1Triangle(12, 13, 3, 0),
	gsSP1Triangle(14, 3, 13, 0),
	gsSP1Triangle(14, 1, 3, 0),
	gsSP1Triangle(15, 10, 12, 0),
	gsSP1Triangle(8, 10, 15, 0),
	gsSPEndDisplayList(),
};

Vtx mario_000_offset_011_mesh_layer_1_vtx_0[58] = {
	{{{-28, 59, 39},0, {1000, -7},{0xDF, 0x69, 0x40, 0xFF}}},
	{{{-32, 39, 45},0, {832, -7},{0xB3, 0x13, 0x63, 0xFF}}},
	{{{2, 52, 51},0, {1000, 32},{0xD, 0x5F, 0x54, 0xFF}}},
	{{{-4, 37, 52},0, {864, 32},{0xF0, 0xA, 0x7E, 0xFF}}},
	{{{44, 26, 53},0, {896, 192},{0x2, 0x2, 0x7F, 0xFF}}},
	{{{48, 35, 52},0, {1000, 192},{0x1F, 0x58, 0x56, 0xFF}}},
	{{{87, 10, 51},0, {896, 258},{0xA, 0xF9, 0x7E, 0xFF}}},
	{{{91, 19, 50},0, {1000, 258},{0x29, 0x55, 0x55, 0xFF}}},
	{{{112, 0, 47},0, {898, 323},{0x20, 0xE8, 0x79, 0xFF}}},
	{{{116, 9, 47},0, {1001, 323},{0x3E, 0x49, 0x54, 0xFF}}},
	{{{143, -6, 31},0, {1001, 395},{0x5E, 0x32, 0x45, 0xFF}}},
	{{{140, -14, 31},0, {907, 395},{0x3F, 0xC9, 0x60, 0xFF}}},
	{{{157, -20, 10},0, {1001, 436},{0x7F, 0xF6, 0xFD, 0xFF}}},
	{{{153, -25, 10},0, {915, 431},{0x54, 0xA1, 0x1, 0xFF}}},
	{{{140, -15, -10},0, {907, 395},{0x38, 0xC5, 0x9E, 0xFF}}},
	{{{143, -7, -11},0, {1001, 395},{0x58, 0x2C, 0xB0, 0xFF}}},
	{{{140, -15, -10},0, {907, 395},{0x38, 0xC5, 0x9E, 0xFF}}},
	{{{112, -2, -23},0, {898, 323},{0x1C, 0xE2, 0x88, 0xFF}}},
	{{{143, -7, -11},0, {1001, 395},{0x58, 0x2C, 0xB0, 0xFF}}},
	{{{115, 7, -23},0, {1001, 323},{0x3C, 0x45, 0xA9, 0xFF}}},
	{{{87, 8, -29},0, {896, 258},{0xC, 0xE9, 0x84, 0xFF}}},
	{{{90, 17, -29},0, {1000, 258},{0x2B, 0x4C, 0xA4, 0xFF}}},
	{{{43, 23, -33},0, {896, 192},{0x1, 0xEF, 0x82, 0xFF}}},
	{{{47, 33, -34},0, {1000, 192},{0x21, 0x4E, 0xA2, 0xFF}}},
	{{{1, 50, -34},0, {1000, 32},{0xE, 0x55, 0xA3, 0xFF}}},
	{{{-5, 35, -33},0, {864, 32},{0xEF, 0xF7, 0x82, 0xFF}}},
	{{{-28, 57, -26},0, {1000, -7},{0xDC, 0x5D, 0xB1, 0xFF}}},
	{{{-33, 37, -27},0, {832, -7},{0xB5, 0x8, 0x9A, 0xFF}}},
	{{{-28, 59, 39},0, {1000, 1070},{0xDF, 0x69, 0x40, 0xFF}}},
	{{{-40, 58, 25},0, {1000, 782},{0xA6, 0x55, 0x1A, 0xFF}}},
	{{{-32, 39, 45},0, {805, 1213},{0xB3, 0x13, 0x63, 0xFF}}},
	{{{-44, 28, 19},0, {663, 770},{0x83, 0xA, 0x16, 0xFF}}},
	{{{-41, 57, -9},0, {1000, 722},{0xA6, 0x54, 0xE3, 0xFF}}},
	{{{-44, 28, 19},0, {663, 770},{0x83, 0xA, 0x16, 0xFF}}},
	{{{-40, 58, 25},0, {1000, 782},{0xA6, 0x55, 0x1A, 0xFF}}},
	{{{-44, 27, -5},0, {663, 734},{0x84, 0x9, 0xE7, 0xFF}}},
	{{{-33, 37, -27},0, {805, 291},{0xB5, 0x8, 0x9A, 0xFF}}},
	{{{-28, 57, -26},0, {1000, 434},{0xDC, 0x5D, 0xB1, 0xFF}}},
	{{{-41, 57, -9},0, {418, 1519},{0xA6, 0x54, 0xE3, 0xFF}}},
	{{{-40, 58, 25},0, {467, 1519},{0xA6, 0x55, 0x1A, 0xFF}}},
	{{{-28, 59, 39},0, {489, 1413},{0xDF, 0x69, 0x40, 0xFF}}},
	{{{-28, 57, -26},0, {395, 1413},{0xDC, 0x5D, 0xB1, 0xFF}}},
	{{{1, 50, -34},0, {384, 1139},{0xE, 0x55, 0xA3, 0xFF}}},
	{{{2, 52, 51},0, {506, 1139},{0xD, 0x5F, 0x54, 0xFF}}},
	{{{47, 33, -34},0, {384, 690},{0x21, 0x4E, 0xA2, 0xFF}}},
	{{{48, 35, 52},0, {509, 690},{0x1F, 0x58, 0x56, 0xFF}}},
	{{{90, 17, -29},0, {390, 269},{0x2B, 0x4C, 0xA4, 0xFF}}},
	{{{91, 19, 50},0, {506, 269},{0x29, 0x55, 0x55, 0xFF}}},
	{{{90, 17, -29},0, {390, 269},{0x2B, 0x4C, 0xA4, 0xFF}}},
	{{{91, 19, 50},0, {506, 269},{0x29, 0x55, 0x55, 0xFF}}},
	{{{115, 7, -23},0, {399, 23},{0x3C, 0x45, 0xA9, 0xFF}}},
	{{{116, 9, 47},0, {500, 23},{0x3E, 0x49, 0x54, 0xFF}}},
	{{{143, -6, 31},0, {477, -261},{0x5E, 0x32, 0x45, 0xFF}}},
	{{{143, -7, -11},0, {415, -261},{0x58, 0x2C, 0xB0, 0xFF}}},
	{{{157, -20, 10},0, {444, -427},{0x7F, 0xF6, 0xFD, 0xFF}}},
	{{{36, -1, 55},0, {322, 1},{0xD3, 0xDD, 0x72, 0xFF}}},
	{{{31, 0, 49},0, {320, 1},{0x9B, 0xF3, 0x4B, 0xFF}}},
	{{{33, -5, 48},0, {321, -2},{0xC4, 0xAC, 0x4A, 0xFF}}},
};

Gfx mario_000_offset_011_mesh_layer_1_tri_0[] = {
	gsSPVertex(mario_000_offset_011_mesh_layer_1_vtx_0 + 0, 16, 0),
	gsSP1Triangle(0, 1, 2, 0),
	gsSP1Triangle(2, 1, 3, 0),
	gsSP1Triangle(3, 4, 2, 0),
	gsSP1Triangle(5, 2, 4, 0),
	gsSP1Triangle(6, 5, 4, 0),
	gsSP1Triangle(7, 5, 6, 0),
	gsSP1Triangle(8, 7, 6, 0),
	gsSP1Triangle(9, 7, 8, 0),
	gsSP1Triangle(10, 9, 8, 0),
	gsSP1Triangle(11, 10, 8, 0),
	gsSP1Triangle(10, 11, 12, 0),
	gsSP1Triangle(11, 13, 12, 0),
	gsSP1Triangle(14, 12, 13, 0),
	gsSP1Triangle(15, 12, 14, 0),
	gsSPVertex(mario_000_offset_011_mesh_layer_1_vtx_0 + 16, 16, 0),
	gsSP1Triangle(0, 1, 2, 0),
	gsSP1Triangle(2, 1, 3, 0),
	gsSP1Triangle(1, 4, 3, 0),
	gsSP1Triangle(3, 4, 5, 0),
	gsSP1Triangle(4, 6, 5, 0),
	gsSP1Triangle(7, 5, 6, 0),
	gsSP1Triangle(6, 8, 7, 0),
	gsSP1Triangle(9, 8, 6, 0),
	gsSP1Triangle(8, 9, 10, 0),
	gsSP1Triangle(9, 11, 10, 0),
	gsSP1Triangle(12, 13, 14, 0),
	gsSP1Triangle(13, 15, 14, 0),
	gsSPVertex(mario_000_offset_011_mesh_layer_1_vtx_0 + 32, 16, 0),
	gsSP1Triangle(0, 1, 2, 0),
	gsSP1Triangle(3, 1, 0, 0),
	gsSP1Triangle(0, 4, 3, 0),
	gsSP1Triangle(4, 0, 5, 0),
	gsSP1Triangle(6, 7, 8, 0),
	gsSP1Triangle(9, 6, 8, 0),
	gsSP1Triangle(9, 8, 10, 0),
	gsSP1Triangle(11, 10, 8, 0),
	gsSP1Triangle(10, 11, 12, 0),
	gsSP1Triangle(13, 12, 11, 0),
	gsSP1Triangle(12, 13, 14, 0),
	gsSP1Triangle(14, 13, 15, 0),
	gsSPVertex(mario_000_offset_011_mesh_layer_1_vtx_0 + 48, 10, 0),
	gsSP1Triangle(0, 1, 2, 0),
	gsSP1Triangle(2, 1, 3, 0),
	gsSP1Triangle(3, 4, 2, 0),
	gsSP1Triangle(2, 4, 5, 0),
	gsSP1Triangle(4, 6, 5, 0),
	gsSP1Triangle(7, 8, 9, 0),
	gsSPEndDisplayList(),
};

Vtx mario_000_offset_011_mesh_layer_1_vtx_1[16] = {
	{{{44, 26, 53},0, {321, 28},{0xF0, 0x6C, 0x42, 0xFF}}},
	{{{45, 22, 59},0, {322, 24},{0xEC, 0x2D, 0x75, 0xFF}}},
	{{{87, 10, 51},0, {338, 29},{0x54, 0x3D, 0x49, 0xFF}}},
	{{{40, 24, 52},0, {320, 26},{0xA5, 0x36, 0x47, 0xFF}}},
	{{{31, 0, 49},0, {320, 1},{0x9B, 0xF3, 0x4B, 0xFF}}},
	{{{36, -1, 55},0, {322, 1},{0xD3, 0xDD, 0x72, 0xFF}}},
	{{{43, 3, 52},0, {324, 8},{0x39, 0x4, 0x71, 0xFF}}},
	{{{74, -8, 49},0, {335, 8},{0xF5, 0x8, 0x7E, 0xFF}}},
	{{{76, -15, 50},0, {337, 2},{0x16, 0xBD, 0x69, 0xFF}}},
	{{{33, -5, 48},0, {321, -2},{0xC4, 0xAC, 0x4A, 0xFF}}},
	{{{76, -20, 42},0, {338, -1},{0x4, 0x98, 0x48, 0xFF}}},
	{{{81, -18, 43},0, {339, 2},{0x41, 0xAF, 0x49, 0xFF}}},
	{{{85, 8, 56},0, {337, 25},{0x30, 0xA, 0x75, 0xFF}}},
	{{{90, 6, 50},0, {339, 26},{0x64, 0xE3, 0x49, 0xFF}}},
	{{{78, 4, 51},0, {335, 20},{0xCA, 0xD4, 0x6A, 0xFF}}},
	{{{48, 15, 53},0, {323, 20},{0x22, 0xBA, 0x64, 0xFF}}},
};

Gfx mario_000_offset_011_mesh_layer_1_tri_1[] = {
	gsSPVertex(mario_000_offset_011_mesh_layer_1_vtx_1 + 0, 16, 0),
	gsSP1Triangle(0, 1, 2, 0),
	gsSP1Triangle(0, 3, 1, 0),
	gsSP1Triangle(1, 3, 4, 0),
	gsSP1Triangle(5, 1, 4, 0),
	gsSP1Triangle(5, 6, 1, 0),
	gsSP1Triangle(6, 5, 7, 0),
	gsSP1Triangle(8, 7, 5, 0),
	gsSP1Triangle(5, 9, 8, 0),
	gsSP1Triangle(10, 8, 9, 0),
	gsSP1Triangle(8, 10, 11, 0),
	gsSP1Triangle(12, 8, 11, 0),
	gsSP1Triangle(13, 12, 11, 0),
	gsSP1Triangle(12, 13, 2, 0),
	gsSP1Triangle(1, 12, 2, 0),
	gsSP1Triangle(12, 1, 14, 0),
	gsSP1Triangle(14, 1, 15, 0),
	gsSP1Triangle(6, 15, 1, 0),
	gsSP1Triangle(12, 14, 8, 0),
	gsSP1Triangle(8, 14, 7, 0),
	gsSPEndDisplayList(),
};

Vtx mario_000_offset_011_mesh_layer_1_vtx_2[46] = {
	{{{44, 26, 53},0, {0, 981},{0x2, 0x2, 0x7F, 0xFF}}},
	{{{-4, 37, 52},0, {0, 988},{0xF0, 0xA, 0x7E, 0xFF}}},
	{{{38, 9, 52},0, {0, 981},{0xFF, 0xEC, 0x7D, 0xFF}}},
	{{{-10, 19, 51},0, {1, 988},{0xE6, 0xEC, 0x7B, 0xFF}}},
	{{{-32, 39, 45},0, {1, 992},{0xB3, 0x13, 0x63, 0xFF}}},
	{{{-34, 26, 43},0, {2, 992},{0xAA, 0xFF, 0x5E, 0xFF}}},
	{{{-44, 28, 19},0, {6, 994},{0x83, 0xA, 0x16, 0xFF}}},
	{{{-42, -6, 36},0, {4, 992},{0xA8, 0xCB, 0x4B, 0xFF}}},
	{{{-45, -5, 9},0, {9, 992},{0x8B, 0xCF, 0x2, 0xFF}}},
	{{{-44, 27, -5},0, {10, 994},{0x84, 0x9, 0xE7, 0xFF}}},
	{{{-42, -7, -16},0, {13, 992},{0xA3, 0xC8, 0xBE, 0xFF}}},
	{{{-35, 24, -25},0, {14, 992},{0xB2, 0xFC, 0x9C, 0xFF}}},
	{{{-33, 37, -27},0, {14, 992},{0xB5, 0x8, 0x9A, 0xFF}}},
	{{{-5, 35, -33},0, {15, 988},{0xEF, 0xF7, 0x82, 0xFF}}},
	{{{-22, -12, -20},0, {14, 988},{0xE1, 0xB8, 0x9C, 0xFF}}},
	{{{26, -25, -22},0, {14, 981},{0xF7, 0xAA, 0xA3, 0xFF}}},
	{{{26, -25, -22},0, {14, 981},{0xF7, 0xAA, 0xA3, 0xFF}}},
	{{{-5, 35, -33},0, {15, 988},{0xEF, 0xF7, 0x82, 0xFF}}},
	{{{43, 23, -33},0, {15, 981},{0x1, 0xEF, 0x82, 0xFF}}},
	{{{-16, -30, 7},0, {10, 987},{0xD5, 0x88, 0xFE, 0xFF}}},
	{{{-22, -12, -20},0, {14, 988},{0xE1, 0xB8, 0x9C, 0xFF}}},
	{{{-42, -7, -16},0, {13, 992},{0xA3, 0xC8, 0xBE, 0xFF}}},
	{{{-45, -5, 9},0, {9, 992},{0x8B, 0xCF, 0x2, 0xFF}}},
	{{{-42, -6, 36},0, {4, 992},{0xA8, 0xCB, 0x4B, 0xFF}}},
	{{{-21, -12, 37},0, {4, 988},{0xE0, 0xB2, 0x5F, 0xFF}}},
	{{{26, -23, 42},0, {3, 981},{0xF2, 0xA8, 0x5B, 0xFF}}},
	{{{23, -33, 8},0, {9, 981},{0xF5, 0x82, 0x2, 0xFF}}},
	{{{-10, 19, 51},0, {1, 988},{0xE6, 0xEC, 0x7B, 0xFF}}},
	{{{38, 9, 52},0, {0, 981},{0xFF, 0xEC, 0x7D, 0xFF}}},
	{{{-34, 26, 43},0, {2, 992},{0xAA, 0xFF, 0x5E, 0xFF}}},
	{{{-35, 24, -25},0, {14, 992},{0xB2, 0xFC, 0x9C, 0xFF}}},
	{{{82, -4, 49},0, {1, 974},{0x6, 0xE1, 0x7B, 0xFF}}},
	{{{112, 0, 47},0, {1, 970},{0x20, 0xE8, 0x79, 0xFF}}},
	{{{87, 10, 51},0, {0, 974},{0xA, 0xF9, 0x7E, 0xFF}}},
	{{{101, -30, 37},0, {3, 970},{0x13, 0xA3, 0x55, 0xFF}}},
	{{{73, -29, 42},0, {3, 974},{0x0, 0xA6, 0x5A, 0xFF}}},
	{{{98, -38, 10},0, {8, 970},{0x4, 0x81, 0x2, 0xFF}}},
	{{{70, -38, 10},0, {9, 974},{0xF9, 0x81, 0x2, 0xFF}}},
	{{{73, -30, -18},0, {13, 974},{0x2, 0xA4, 0xA8, 0xFF}}},
	{{{101, -32, -14},0, {12, 970},{0x12, 0xA3, 0xAB, 0xFF}}},
	{{{87, 8, -29},0, {14, 974},{0xC, 0xE9, 0x84, 0xFF}}},
	{{{112, -2, -23},0, {13, 970},{0x1C, 0xE2, 0x88, 0xFF}}},
	{{{140, -15, -10},0, {11, 966},{0x38, 0xC5, 0x9E, 0xFF}}},
	{{{136, -35, 10},0, {8, 965},{0x32, 0x8B, 0x0, 0xFF}}},
	{{{153, -25, 10},0, {7, 963},{0x54, 0xA1, 0x1, 0xFF}}},
	{{{140, -14, 31},0, {3, 966},{0x3F, 0xC9, 0x60, 0xFF}}},
};

Gfx mario_000_offset_011_mesh_layer_1_tri_2[] = {
	gsSPVertex(mario_000_offset_011_mesh_layer_1_vtx_2 + 0, 16, 0),
	gsSP1Triangle(0, 1, 2, 0),
	gsSP1Triangle(2, 1, 3, 0),
	gsSP1Triangle(1, 4, 3, 0),
	gsSP1Triangle(3, 4, 5, 0),
	gsSP1Triangle(4, 6, 5, 0),
	gsSP1Triangle(5, 6, 7, 0),
	gsSP1Triangle(7, 6, 8, 0),
	gsSP1Triangle(9, 8, 6, 0),
	gsSP1Triangle(8, 9, 10, 0),
	gsSP1Triangle(10, 9, 11, 0),
	gsSP1Triangle(12, 11, 9, 0),
	gsSP1Triangle(13, 11, 12, 0),
	gsSP1Triangle(13, 14, 11, 0),
	gsSP1Triangle(14, 13, 15, 0),
	gsSPVertex(mario_000_offset_011_mesh_layer_1_vtx_2 + 16, 15, 0),
	gsSP1Triangle(0, 1, 2, 0),
	gsSP1Triangle(3, 4, 0, 0),
	gsSP1Triangle(3, 5, 4, 0),
	gsSP1Triangle(3, 6, 5, 0),
	gsSP1Triangle(7, 6, 3, 0),
	gsSP1Triangle(8, 7, 3, 0),
	gsSP1Triangle(9, 8, 3, 0),
	gsSP1Triangle(9, 3, 10, 0),
	gsSP1Triangle(10, 3, 0, 0),
	gsSP1Triangle(8, 9, 11, 0),
	gsSP1Triangle(12, 11, 9, 0),
	gsSP1Triangle(11, 13, 8, 0),
	gsSP1Triangle(8, 13, 7, 0),
	gsSP1Triangle(4, 5, 14, 0),
	gsSPVertex(mario_000_offset_011_mesh_layer_1_vtx_2 + 31, 15, 0),
	gsSP1Triangle(0, 1, 2, 0),
	gsSP1Triangle(1, 0, 3, 0),
	gsSP1Triangle(4, 3, 0, 0),
	gsSP1Triangle(3, 4, 5, 0),
	gsSP1Triangle(6, 5, 4, 0),
	gsSP1Triangle(6, 7, 5, 0),
	gsSP1Triangle(5, 7, 8, 0),
	gsSP1Triangle(7, 9, 8, 0),
	gsSP1Triangle(8, 9, 10, 0),
	gsSP1Triangle(8, 10, 11, 0),
	gsSP1Triangle(12, 8, 11, 0),
	gsSP1Triangle(11, 13, 12, 0),
	gsSP1Triangle(12, 13, 14, 0),
	gsSP1Triangle(3, 12, 14, 0),
	gsSP1Triangle(14, 1, 3, 0),
	gsSP1Triangle(5, 12, 3, 0),
	gsSP1Triangle(5, 8, 12, 0),
	gsSPEndDisplayList(),
};

Vtx mario_000_offset_011_mesh_layer_1_vtx_3[12] = {
	{{{87, 10, 51},0, {-16, -16},{0xA, 0xF9, 0x7E, 0xFF}}},
	{{{44, 26, 53},0, {-16, -16},{0x2, 0x2, 0x7F, 0xFF}}},
	{{{82, -4, 49},0, {-16, -16},{0x6, 0xE1, 0x7B, 0xFF}}},
	{{{38, 9, 52},0, {-16, -16},{0xFF, 0xEC, 0x7D, 0xFF}}},
	{{{73, -29, 42},0, {-16, -16},{0x0, 0xA6, 0x5A, 0xFF}}},
	{{{26, -23, 42},0, {-16, -16},{0xF2, 0xA8, 0x5B, 0xFF}}},
	{{{70, -38, 10},0, {-16, -16},{0xF9, 0x81, 0x2, 0xFF}}},
	{{{23, -33, 8},0, {-16, -16},{0xF5, 0x82, 0x2, 0xFF}}},
	{{{26, -25, -22},0, {-16, -16},{0xF7, 0xAA, 0xA3, 0xFF}}},
	{{{73, -30, -18},0, {-16, -16},{0x2, 0xA4, 0xA8, 0xFF}}},
	{{{43, 23, -33},0, {-16, -16},{0x1, 0xEF, 0x82, 0xFF}}},
	{{{87, 8, -29},0, {-16, -16},{0xC, 0xE9, 0x84, 0xFF}}},
};

Gfx mario_000_offset_011_mesh_layer_1_tri_3[] = {
	gsSPVertex(mario_000_offset_011_mesh_layer_1_vtx_3 + 0, 12, 0),
	gsSP1Triangle(0, 1, 2, 0),
	gsSP1Triangle(3, 2, 1, 0),
	gsSP1Triangle(2, 3, 4, 0),
	gsSP1Triangle(5, 4, 3, 0),
	gsSP1Triangle(4, 5, 6, 0),
	gsSP1Triangle(6, 5, 7, 0),
	gsSP1Triangle(7, 8, 6, 0),
	gsSP1Triangle(6, 8, 9, 0),
	gsSP1Triangle(8, 10, 9, 0),
	gsSP1Triangle(9, 10, 11, 0),
	gsSPEndDisplayList(),
};

Vtx mario_000_displaylist_002_mesh_layer_4_vtx_0[4] = {
	{{{13, 23, 24},0, {-16, 1978},{0xE9, 0x0, 0x7D, 0xFF}}},
	{{{93, 23, 40},0, {974, 1978},{0xE7, 0x0, 0x7D, 0xFF}}},
	{{{92, 184, 39},0, {974, -34},{0xE9, 0x0, 0x7D, 0xFF}}},
	{{{13, 184, 24},0, {-16, -34},{0xE9, 0x0, 0x7D, 0xFF}}},
};

Gfx mario_000_displaylist_002_mesh_layer_4_tri_0[] = {
	gsSPVertex(mario_000_displaylist_002_mesh_layer_4_vtx_0 + 0, 4, 0),
	gsSP1Triangle(0, 1, 2, 0),
	gsSP1Triangle(0, 2, 3, 0),
	gsSPEndDisplayList(),
};

Vtx mario_000_displaylist_002_mesh_layer_4_vtx_1[4] = {
	{{{-67, 184, 9},0, {-16, -34},{0xE9, 0x0, 0x7D, 0xFF}}},
	{{{-67, 23, 9},0, {-16, 1978},{0xE9, 0x0, 0x7D, 0xFF}}},
	{{{13, 23, 24},0, {974, 1978},{0xE9, 0x0, 0x7D, 0xFF}}},
	{{{13, 184, 24},0, {974, -34},{0xE9, 0x0, 0x7D, 0xFF}}},
};

Gfx mario_000_displaylist_002_mesh_layer_4_tri_1[] = {
	gsSPVertex(mario_000_displaylist_002_mesh_layer_4_vtx_1 + 0, 4, 0),
	gsSP1Triangle(0, 1, 2, 0),
	gsSP1Triangle(0, 2, 3, 0),
	gsSPEndDisplayList(),
};

Vtx mario_000_offset_012_skinned_mesh_layer_1_vtx_0[10] = {
	{{{45, 28, -13},0, {542, 479},{0xB4, 0x66, 0xFB, 0xFF}}},
	{{{19, -6, 0},0, {491, 560},{0x88, 0x2A, 0x0, 0xFF}}},
	{{{43, 27, 0},0, {491, 483},{0xB6, 0x67, 0x0, 0xFF}}},
	{{{12, -47, 0},0, {491, 653},{0x84, 0x4, 0x1A, 0xFF}}},
	{{{11, -51, -12},0, {537, 662},{0xB2, 0xE0, 0xA1, 0xFF}}},
	{{{35, -33, -13},0, {542, 620},{0xD, 0xB2, 0x9C, 0xFF}}},
	{{{58, -31, -18},0, {558, 616},{0xDA, 0x8A, 0xE3, 0xFF}}},
	{{{56, -27, -45},0, {661, 604},{0xC2, 0xA4, 0xC1, 0xFF}}},
	{{{52, -3, -54},0, {695, 551},{0xDC, 0xEB, 0x88, 0xFF}}},
	{{{50, 16, -51},0, {686, 509},{0xC3, 0x47, 0xAA, 0xFF}}},
};

Gfx mario_000_offset_012_skinned_mesh_layer_1_tri_0[] = {
	gsSPVertex(mario_000_offset_012_skinned_mesh_layer_1_vtx_0 + 0, 10, 0),
	gsSPEndDisplayList(),
};

Vtx mario_000_offset_012_mesh_layer_1_vtx_0[6] = {
	{{{2, -23, 20},0, {577, 509},{0xA7, 0xC6, 0x45, 0xFF}}},
	{{{-2, -23, -3},0, {661, 511},{0xA2, 0xC7, 0xC0, 0xFF}}},
	{{{-3, -5, -9},0, {686, 551},{0x9A, 0x48, 0xE9, 0xFF}}},
	{{{-3, 12, -1},0, {654, 590},{0x99, 0x20, 0xBD, 0xFF}}},
	{{{7, 12, 19},0, {579, 590},{0xC4, 0x53, 0x4B, 0xFF}}},
	{{{4, -3, 29},0, {540, 555},{0x77, 0xF3, 0x2A, 0xFF}}},
};

Gfx mario_000_offset_012_mesh_layer_1_tri_0[] = {
	gsSPVertex(mario_000_offset_012_mesh_layer_1_vtx_0 + 0, 6, 10),
	gsSP1Triangle(2, 0, 10, 0),
	gsSP1Triangle(11, 10, 0, 0),
	gsSP1Triangle(0, 9, 11, 0),
	gsSP1Triangle(12, 11, 9, 0),
	gsSP1Triangle(12, 9, 8, 0),
	gsSP1Triangle(13, 12, 8, 0),
	gsSP1Triangle(13, 8, 7, 0),
	gsSP1Triangle(7, 6, 13, 0),
	gsSP1Triangle(13, 6, 5, 0),
	gsSP1Triangle(5, 14, 13, 0),
	gsSP1Triangle(14, 5, 4, 0),
	gsSP1Triangle(14, 4, 3, 0),
	gsSP1Triangle(1, 14, 3, 0),
	gsSP1Triangle(14, 1, 15, 0),
	gsSP1Triangle(10, 15, 1, 0),
	gsSP1Triangle(2, 10, 1, 0),
	gsSPEndDisplayList(),
};

Vtx mario_000_offset_012_mesh_layer_1_vtx_1[13] = {
	{{{2, -23, 20},0, {577, 509},{0xA7, 0xC6, 0x45, 0xFF}}},
	{{{14, -5, 25},0, {556, 551},{0x21, 0xFE, 0x7B, 0xFF}}},
	{{{4, -3, 29},0, {540, 555},{0x77, 0xF3, 0x2A, 0xFF}}},
	{{{79, -17, 10},0, {640, 511},{0xB, 0x98, 0x48, 0xFF}}},
	{{{-2, -23, -3},0, {661, 511},{0xA2, 0xC7, 0xC0, 0xFF}}},
	{{{78, -17, -7},0, {733, 511},{0xF8, 0x97, 0xB8, 0xFF}}},
	{{{-3, -5, -9},0, {686, 551},{0x9A, 0x48, 0xE9, 0xFF}}},
	{{{71, -3, -11},0, {753, 551},{0xF0, 0xFE, 0x82, 0xFF}}},
	{{{-3, 12, -1},0, {654, 590},{0x99, 0x20, 0xBD, 0xFF}}},
	{{{61, 10, -6},0, {726, 592},{0xF6, 0x68, 0xB7, 0xFF}}},
	{{{63, 10, 11},0, {633, 592},{0x8, 0x6B, 0x45, 0xFF}}},
	{{{7, 12, 19},0, {579, 590},{0xC4, 0x53, 0x4B, 0xFF}}},
	{{{75, -3, 16},0, {607, 551},{0x10, 0x5, 0x7E, 0xFF}}},
};

Gfx mario_000_offset_012_mesh_layer_1_tri_1[] = {
	gsSPVertex(mario_000_offset_012_mesh_layer_1_vtx_1 + 0, 13, 0),
	gsSP1Triangle(0, 1, 2, 0),
	gsSP1Triangle(0, 3, 1, 0),
	gsSP1Triangle(3, 0, 4, 0),
	gsSP1Triangle(3, 4, 5, 0),
	gsSP1Triangle(4, 6, 5, 0),
	gsSP1Triangle(6, 7, 5, 0),
	gsSP1Triangle(6, 8, 7, 0),
	gsSP1Triangle(8, 9, 7, 0),
	gsSP1Triangle(9, 8, 10, 0),
	gsSP1Triangle(8, 11, 10, 0),
	gsSP1Triangle(11, 1, 10, 0),
	gsSP1Triangle(11, 2, 1, 0),
	gsSP1Triangle(12, 10, 1, 0),
	gsSP1Triangle(1, 3, 12, 0),
	gsSPEndDisplayList(),
};

Vtx mario_000_offset_013_skinned_mesh_layer_1_vtx_0[6] = {
	{{{63, 10, 11},0, {633, 592},{0x8, 0x6B, 0x45, 0xFF}}},
	{{{75, -3, 16},0, {607, 551},{0x10, 0x5, 0x7E, 0xFF}}},
	{{{79, -17, 10},0, {640, 511},{0xB, 0x98, 0x48, 0xFF}}},
	{{{78, -17, -7},0, {733, 511},{0xF8, 0x97, 0xB8, 0xFF}}},
	{{{61, 10, -6},0, {726, 592},{0xF6, 0x68, 0xB7, 0xFF}}},
	{{{71, -3, -11},0, {753, 551},{0xF0, 0xFE, 0x82, 0xFF}}},
};

Gfx mario_000_offset_013_skinned_mesh_layer_1_tri_0[] = {
	gsSPVertex(mario_000_offset_013_skinned_mesh_layer_1_vtx_0 + 0, 6, 0),
	gsSPEndDisplayList(),
};

Vtx mario_000_offset_013_mesh_layer_1_vtx_0[6] = {
	{{{-2, -3, 15},0, {616, 551},{0x12, 0x7, 0x7E, 0xFF}}},
	{{{0, -17, 9},0, {647, 509},{0x5, 0x97, 0x48, 0xFF}}},
	{{{-2, -17, -9},0, {742, 509},{0xED, 0x97, 0xBB, 0xFF}}},
	{{{-6, -3, -14},0, {767, 551},{0xE0, 0xF2, 0x86, 0xFF}}},
	{{{-9, 11, -11},0, {751, 595},{0xEF, 0x61, 0xB0, 0xFF}}},
	{{{-8, 11, 8},0, {651, 595},{0xB, 0x6E, 0x3E, 0xFF}}},
};

Gfx mario_000_offset_013_mesh_layer_1_tri_0[] = {
	gsSPVertex(mario_000_offset_013_mesh_layer_1_vtx_0 + 0, 6, 6),
	gsSP1Triangle(0, 1, 6, 0),
	gsSP1Triangle(1, 2, 6, 0),
	gsSP1Triangle(6, 2, 7, 0),
	gsSP1Triangle(2, 3, 7, 0),
	gsSP1Triangle(8, 7, 3, 0),
	gsSP1Triangle(3, 9, 8, 0),
	gsSP1Triangle(3, 5, 9, 0),
	gsSP1Triangle(5, 4, 9, 0),
	gsSP1Triangle(9, 4, 10, 0),
	gsSP1Triangle(10, 4, 11, 0),
	gsSP1Triangle(4, 0, 11, 0),
	gsSP1Triangle(0, 6, 11, 0),
	gsSPEndDisplayList(),
};

Vtx mario_000_offset_013_mesh_layer_1_vtx_1[9] = {
	{{{11, -22, 23},0, {617, 576},{0x9E, 0xDC, 0x48, 0xFF}}},
	{{{10, 5, 25},0, {580, 576},{0x9C, 0x16, 0x4B, 0xFF}}},
	{{{43, -5, -7},0, {594, 64},{0x81, 0xFB, 0xFA, 0xFF}}},
	{{{10, 25, 6},0, {554, 576},{0x97, 0x42, 0x1E, 0xFF}}},
	{{{11, 27, -22},0, {552, 576},{0x9A, 0x47, 0xE4, 0xFF}}},
	{{{13, 9, -43},0, {575, 576},{0xA2, 0x20, 0xB0, 0xFF}}},
	{{{13, -17, -43},0, {610, 576},{0x9F, 0xE6, 0xB2, 0xFF}}},
	{{{13, -38, -25},0, {638, 576},{0x9E, 0xB9, 0xDA, 0xFF}}},
	{{{12, -40, 3},0, {640, 576},{0x9C, 0xB6, 0x18, 0xFF}}},
};

Gfx mario_000_offset_013_mesh_layer_1_tri_1[] = {
	gsSPVertex(mario_000_offset_013_mesh_layer_1_vtx_1 + 0, 9, 0),
	gsSP1Triangle(0, 1, 2, 0),
	gsSP1Triangle(1, 3, 2, 0),
	gsSP1Triangle(3, 4, 2, 0),
	gsSP1Triangle(4, 5, 2, 0),
	gsSP1Triangle(5, 6, 2, 0),
	gsSP1Triangle(6, 7, 2, 0),
	gsSP1Triangle(7, 8, 2, 0),
	gsSP1Triangle(8, 0, 2, 0),
	gsSPEndDisplayList(),
};

Vtx mario_000_offset_013_mesh_layer_1_vtx_2[41] = {
	{{{11, -22, 23},0, {-16, -16},{0x9E, 0xDC, 0x48, 0xFF}}},
	{{{34, -21, 19},0, {-16, -16},{0xFB, 0xC8, 0x72, 0xFF}}},
	{{{10, 5, 25},0, {-16, -16},{0x9C, 0x16, 0x4B, 0xFF}}},
	{{{12, -40, 3},0, {-16, -16},{0x9C, 0xB6, 0x18, 0xFF}}},
	{{{36, -37, 1},0, {-16, -16},{0xF8, 0x88, 0x2A, 0xFF}}},
	{{{13, -38, -25},0, {-16, -16},{0x9E, 0xB9, 0xDA, 0xFF}}},
	{{{36, -36, -23},0, {-16, -16},{0xF9, 0x8F, 0xC7, 0xFF}}},
	{{{13, -17, -43},0, {-16, -16},{0x9F, 0xE6, 0xB2, 0xFF}}},
	{{{35, -17, -38},0, {-16, -16},{0xFE, 0xD4, 0x89, 0xFF}}},
	{{{34, 8, -39},0, {-16, -16},{0xFA, 0x32, 0x8B, 0xFF}}},
	{{{13, 9, -43},0, {-16, -16},{0xA2, 0x20, 0xB0, 0xFF}}},
	{{{32, 25, -20},0, {-16, -16},{0xF4, 0x78, 0xD7, 0xFF}}},
	{{{11, 27, -22},0, {-16, -16},{0x9A, 0x47, 0xE4, 0xFF}}},
	{{{31, 23, 4},0, {-16, -16},{0xF2, 0x72, 0x37, 0xFF}}},
	{{{10, 25, 6},0, {-16, -16},{0x97, 0x42, 0x1E, 0xFF}}},
	{{{32, 5, 20},0, {-16, -16},{0xF9, 0x29, 0x78, 0xFF}}},
	{{{49, 8, 25},0, {-16, -16},{0x28, 0x2A, 0x71, 0xFF}}},
	{{{32, 5, 20},0, {-16, -16},{0xF9, 0x29, 0x78, 0xFF}}},
	{{{34, -21, 19},0, {-16, -16},{0xFB, 0xC8, 0x72, 0xFF}}},
	{{{51, -22, 23},0, {-16, -16},{0x2E, 0xD1, 0x6D, 0xFF}}},
	{{{36, -37, 1},0, {-16, -16},{0xF8, 0x88, 0x2A, 0xFF}}},
	{{{54, -41, 3},0, {-16, -16},{0x34, 0x94, 0x2A, 0xFF}}},
	{{{36, -36, -23},0, {-16, -16},{0xF9, 0x8F, 0xC7, 0xFF}}},
	{{{55, -40, -26},0, {-16, -16},{0x36, 0x9A, 0xCB, 0xFF}}},
	{{{54, -18, -43},0, {-16, -16},{0x35, 0xDB, 0x93, 0xFF}}},
	{{{35, -17, -38},0, {-16, -16},{0xFE, 0xD4, 0x89, 0xFF}}},
	{{{34, 8, -39},0, {-16, -16},{0xFA, 0x32, 0x8B, 0xFF}}},
	{{{52, 11, -44},0, {-16, -16},{0x30, 0x32, 0x95, 0xFF}}},
	{{{49, 30, -22},0, {-16, -16},{0x28, 0x73, 0xDB, 0xFF}}},
	{{{32, 25, -20},0, {-16, -16},{0xF4, 0x78, 0xD7, 0xFF}}},
	{{{48, 29, 7},0, {-16, -16},{0x24, 0x6E, 0x35, 0xFF}}},
	{{{31, 23, 4},0, {-16, -16},{0xF2, 0x72, 0x37, 0xFF}}},
	{{{48, 29, 7},0, {-16, -16},{0x24, 0x6E, 0x35, 0xFF}}},
	{{{49, 8, 25},0, {-16, -16},{0x28, 0x2A, 0x71, 0xFF}}},
	{{{69, -5, -7},0, {-16, -16},{0x7E, 0x8, 0x8, 0xFF}}},
	{{{51, -22, 23},0, {-16, -16},{0x2E, 0xD1, 0x6D, 0xFF}}},
	{{{54, -41, 3},0, {-16, -16},{0x34, 0x94, 0x2A, 0xFF}}},
	{{{55, -40, -26},0, {-16, -16},{0x36, 0x9A, 0xCB, 0xFF}}},
	{{{54, -18, -43},0, {-16, -16},{0x35, 0xDB, 0x93, 0xFF}}},
	{{{52, 11, -44},0, {-16, -16},{0x30, 0x32, 0x95, 0xFF}}},
	{{{49, 30, -22},0, {-16, -16},{0x28, 0x73, 0xDB, 0xFF}}},
};

Gfx mario_000_offset_013_mesh_layer_1_tri_2[] = {
	gsSPVertex(mario_000_offset_013_mesh_layer_1_vtx_2 + 0, 16, 0),
	gsSP1Triangle(0, 1, 2, 0),
	gsSP1Triangle(0, 3, 1, 0),
	gsSP1Triangle(4, 1, 3, 0),
	gsSP1Triangle(3, 5, 4, 0),
	gsSP1Triangle(6, 4, 5, 0),
	gsSP1Triangle(5, 7, 6, 0),
	gsSP1Triangle(8, 6, 7, 0),
	gsSP1Triangle(9, 8, 7, 0),
	gsSP1Triangle(10, 9, 7, 0),
	gsSP1Triangle(11, 9, 10, 0),
	gsSP1Triangle(12, 11, 10, 0),
	gsSP1Triangle(13, 11, 12, 0),
	gsSP1Triangle(14, 13, 12, 0),
	gsSP1Triangle(14, 2, 13, 0),
	gsSP1Triangle(15, 13, 2, 0),
	gsSP1Triangle(1, 15, 2, 0),
	gsSPVertex(mario_000_offset_013_mesh_layer_1_vtx_2 + 16, 16, 0),
	gsSP1Triangle(0, 1, 2, 0),
	gsSP1Triangle(3, 0, 2, 0),
	gsSP1Triangle(3, 2, 4, 0),
	gsSP1Triangle(5, 3, 4, 0),
	gsSP1Triangle(5, 4, 6, 0),
	gsSP1Triangle(7, 5, 6, 0),
	gsSP1Triangle(7, 6, 8, 0),
	gsSP1Triangle(8, 6, 9, 0),
	gsSP1Triangle(8, 9, 10, 0),
	gsSP1Triangle(11, 8, 10, 0),
	gsSP1Triangle(11, 10, 12, 0),
	gsSP1Triangle(12, 10, 13, 0),
	gsSP1Triangle(12, 13, 14, 0),
	gsSP1Triangle(14, 13, 15, 0),
	gsSP1Triangle(14, 15, 0, 0),
	gsSP1Triangle(0, 15, 1, 0),
	gsSPVertex(mario_000_offset_013_mesh_layer_1_vtx_2 + 32, 9, 0),
	gsSP1Triangle(0, 1, 2, 0),
	gsSP1Triangle(1, 3, 2, 0),
	gsSP1Triangle(3, 4, 2, 0),
	gsSP1Triangle(4, 5, 2, 0),
	gsSP1Triangle(5, 6, 2, 0),
	gsSP1Triangle(6, 7, 2, 0),
	gsSP1Triangle(7, 8, 2, 0),
	gsSP1Triangle(8, 0, 2, 0),
	gsSPEndDisplayList(),
};

Vtx mario_000_offset_013_mesh_layer_1_vtx_3[16] = {
	{{{-2, -3, 15},0, {616, 551},{0x12, 0x7, 0x7E, 0xFF}}},
	{{{0, -17, 9},0, {647, 509},{0x5, 0x97, 0x48, 0xFF}}},
	{{{6, -3, 13},0, {623, 551},{0x11, 0x9, 0x7E, 0xFF}}},
	{{{42, -12, 7},0, {672, 530},{0x13, 0xCC, 0x72, 0xFF}}},
	{{{42, -20, -1},0, {728, 502},{0x2, 0x87, 0x27, 0xFF}}},
	{{{-2, -17, -9},0, {742, 509},{0xED, 0x97, 0xBB, 0xFF}}},
	{{{42, -20, -13},0, {805, 502},{0xF5, 0x8B, 0xCF, 0xFF}}},
	{{{43, -12, -22},0, {860, 530},{0xEF, 0xD0, 0x8C, 0xFF}}},
	{{{2, -3, -16},0, {779, 551},{0xE6, 0xF6, 0x84, 0xFF}}},
	{{{-6, -3, -14},0, {767, 551},{0xE0, 0xF2, 0x86, 0xFF}}},
	{{{-9, 11, -11},0, {751, 595},{0xEF, 0x61, 0xB0, 0xFF}}},
	{{{43, -1, -22},0, {860, 572},{0xF7, 0x2C, 0x89, 0xFF}}},
	{{{42, 7, -13},0, {805, 602},{0x7, 0x75, 0xCF, 0xFF}}},
	{{{42, 7, -1},0, {728, 602},{0x11, 0x77, 0x2A, 0xFF}}},
	{{{-8, 11, 8},0, {651, 595},{0xB, 0x6E, 0x3E, 0xFF}}},
	{{{42, -1, 7},0, {672, 572},{0x17, 0x31, 0x73, 0xFF}}},
};

Gfx mario_000_offset_013_mesh_layer_1_tri_3[] = {
	gsSPVertex(mario_000_offset_013_mesh_layer_1_vtx_3 + 0, 16, 0),
	gsSP1Triangle(0, 1, 2, 0),
	gsSP1Triangle(2, 1, 3, 0),
	gsSP1Triangle(4, 3, 1, 0),
	gsSP1Triangle(1, 5, 4, 0),
	gsSP1Triangle(6, 4, 5, 0),
	gsSP1Triangle(6, 5, 7, 0),
	gsSP1Triangle(5, 8, 7, 0),
	gsSP1Triangle(5, 9, 8, 0),
	gsSP1Triangle(9, 10, 8, 0),
	gsSP1Triangle(8, 10, 11, 0),
	gsSP1Triangle(10, 12, 11, 0),
	gsSP1Triangle(12, 10, 13, 0),
	gsSP1Triangle(10, 14, 13, 0),
	gsSP1Triangle(14, 15, 13, 0),
	gsSP1Triangle(2, 15, 14, 0),
	gsSP1Triangle(14, 0, 2, 0),
	gsSP1Triangle(2, 3, 15, 0),
	gsSP1Triangle(8, 11, 7, 0),
	gsSPEndDisplayList(),
};

Vtx mario_000_displaylist_005_mesh_layer_1_vtx_0[55] = {
	{{{-5, 35, 27},0, {864, 32},{0xFD, 0xF9, 0x7F, 0xFF}}},
	{{{-28, 57, 26},0, {1000, -7},{0xE3, 0x59, 0x56, 0xFF}}},
	{{{-33, 37, 27},0, {832, -7},{0xC1, 0x5, 0x6E, 0xFF}}},
	{{{1, 50, 27},0, {1000, 32},{0x17, 0x55, 0x5C, 0xFF}}},
	{{{43, 23, 27},0, {896, 192},{0xFC, 0xF6, 0x7F, 0xFF}}},
	{{{47, 33, 27},0, {1000, 192},{0x1B, 0x53, 0x5D, 0xFF}}},
	{{{90, 17, 29},0, {1000, 258},{0x25, 0x4D, 0x5E, 0xFF}}},
	{{{87, 8, 29},0, {896, 258},{0x3, 0xEC, 0x7D, 0xFF}}},
	{{{115, 7, 23},0, {1001, 323},{0x3C, 0x45, 0x58, 0xFF}}},
	{{{112, -2, 23},0, {898, 323},{0x1D, 0xE2, 0x78, 0xFF}}},
	{{{143, -7, 11},0, {1001, 395},{0x58, 0x2C, 0x50, 0xFF}}},
	{{{140, -15, 10},0, {907, 395},{0x38, 0xC5, 0x62, 0xFF}}},
	{{{157, -20, -10},0, {1001, 436},{0x7F, 0xF6, 0x3, 0xFF}}},
	{{{153, -25, -10},0, {915, 431},{0x54, 0xA1, 0xFF, 0xFF}}},
	{{{140, -14, -31},0, {907, 395},{0x3F, 0xC9, 0xA0, 0xFF}}},
	{{{143, -6, -31},0, {1001, 395},{0x5E, 0x32, 0xBB, 0xFF}}},
	{{{140, -14, -31},0, {907, 395},{0x3F, 0xC9, 0xA0, 0xFF}}},
	{{{112, 0, -47},0, {898, 323},{0x20, 0xE8, 0x88, 0xFF}}},
	{{{143, -6, -31},0, {1001, 395},{0x5E, 0x32, 0xBB, 0xFF}}},
	{{{116, 9, -46},0, {1001, 323},{0x3E, 0x49, 0xAC, 0xFF}}},
	{{{91, 19, -50},0, {1000, 258},{0x29, 0x55, 0xAB, 0xFF}}},
	{{{87, 10, -51},0, {896, 258},{0xA, 0xF9, 0x82, 0xFF}}},
	{{{48, 35, -52},0, {1000, 192},{0x20, 0x58, 0xAA, 0xFF}}},
	{{{44, 26, -53},0, {896, 192},{0x2, 0x2, 0x81, 0xFF}}},
	{{{2, 52, -51},0, {1000, 32},{0xD, 0x5F, 0xAC, 0xFF}}},
	{{{-4, 37, -52},0, {864, 32},{0xF0, 0xA, 0x82, 0xFF}}},
	{{{-32, 39, -45},0, {832, -7},{0xB3, 0x13, 0x9D, 0xFF}}},
	{{{-28, 59, -39},0, {1000, -7},{0xDF, 0x69, 0xC0, 0xFF}}},
	{{{-33, 37, 27},0, {805, 291},{0xC1, 0x5, 0x6E, 0xFF}}},
	{{{-28, 57, 26},0, {1000, 434},{0xE3, 0x59, 0x56, 0xFF}}},
	{{{-41, 57, 9},0, {1000, 722},{0xA6, 0x54, 0x1D, 0xFF}}},
	{{{-44, 27, 5},0, {663, 734},{0x84, 0x9, 0x19, 0xFF}}},
	{{{-44, 27, 5},0, {663, 734},{0x84, 0x9, 0x19, 0xFF}}},
	{{{-41, 57, 9},0, {1000, 722},{0xA6, 0x54, 0x1D, 0xFF}}},
	{{{-44, 28, -19},0, {663, 770},{0x83, 0xA, 0xEA, 0xFF}}},
	{{{-40, 58, -25},0, {1000, 782},{0xA6, 0x56, 0xE6, 0xFF}}},
	{{{-32, 39, -45},0, {805, 1213},{0xB3, 0x13, 0x9D, 0xFF}}},
	{{{-28, 59, -39},0, {1000, 1070},{0xDF, 0x69, 0xC0, 0xFF}}},
	{{{-41, 57, 9},0, {420, 1519},{0xA6, 0x54, 0x1D, 0xFF}}},
	{{{-28, 59, -39},0, {491, 1413},{0xDF, 0x69, 0xC0, 0xFF}}},
	{{{-40, 58, -25},0, {469, 1519},{0xA6, 0x56, 0xE6, 0xFF}}},
	{{{-28, 57, 26},0, {397, 1413},{0xE3, 0x59, 0x56, 0xFF}}},
	{{{1, 50, 27},0, {386, 1139},{0x17, 0x55, 0x5C, 0xFF}}},
	{{{2, 52, -51},0, {508, 1139},{0xD, 0x5F, 0xAC, 0xFF}}},
	{{{47, 33, 27},0, {386, 690},{0x1B, 0x53, 0x5D, 0xFF}}},
	{{{48, 35, -52},0, {511, 690},{0x20, 0x58, 0xAA, 0xFF}}},
	{{{90, 17, 29},0, {392, 269},{0x25, 0x4D, 0x5E, 0xFF}}},
	{{{91, 19, -50},0, {508, 269},{0x29, 0x55, 0xAB, 0xFF}}},
	{{{90, 17, 29},0, {392, 269},{0x25, 0x4D, 0x5E, 0xFF}}},
	{{{115, 7, 23},0, {401, 23},{0x3C, 0x45, 0x58, 0xFF}}},
	{{{91, 19, -50},0, {508, 269},{0x29, 0x55, 0xAB, 0xFF}}},
	{{{116, 9, -46},0, {502, 23},{0x3E, 0x49, 0xAC, 0xFF}}},
	{{{143, -6, -31},0, {479, -261},{0x5E, 0x32, 0xBB, 0xFF}}},
	{{{143, -7, 11},0, {417, -261},{0x58, 0x2C, 0x50, 0xFF}}},
	{{{157, -20, -10},0, {446, -427},{0x7F, 0xF6, 0x3, 0xFF}}},
};

Gfx mario_000_displaylist_005_mesh_layer_1_tri_0[] = {
	gsSPVertex(mario_000_displaylist_005_mesh_layer_1_vtx_0 + 0, 16, 0),
	gsSP1Triangle(0, 1, 2, 0),
	gsSP1Triangle(3, 1, 0, 0),
	gsSP1Triangle(0, 4, 3, 0),
	gsSP1Triangle(4, 5, 3, 0),
	gsSP1Triangle(5, 4, 6, 0),
	gsSP1Triangle(7, 6, 4, 0),
	gsSP1Triangle(8, 6, 7, 0),
	gsSP1Triangle(9, 8, 7, 0),
	gsSP1Triangle(10, 8, 9, 0),
	gsSP1Triangle(11, 10, 9, 0),
	gsSP1Triangle(10, 11, 12, 0),
	gsSP1Triangle(11, 13, 12, 0),
	gsSP1Triangle(14, 12, 13, 0),
	gsSP1Triangle(15, 12, 14, 0),
	gsSPVertex(mario_000_displaylist_005_mesh_layer_1_vtx_0 + 16, 16, 0),
	gsSP1Triangle(0, 1, 2, 0),
	gsSP1Triangle(2, 1, 3, 0),
	gsSP1Triangle(3, 1, 4, 0),
	gsSP1Triangle(1, 5, 4, 0),
	gsSP1Triangle(4, 5, 6, 0),
	gsSP1Triangle(5, 7, 6, 0),
	gsSP1Triangle(6, 7, 8, 0),
	gsSP1Triangle(9, 8, 7, 0),
	gsSP1Triangle(8, 9, 10, 0),
	gsSP1Triangle(11, 8, 10, 0),
	gsSP1Triangle(12, 13, 14, 0),
	gsSP1Triangle(14, 15, 12, 0),
	gsSPVertex(mario_000_displaylist_005_mesh_layer_1_vtx_0 + 32, 16, 0),
	gsSP1Triangle(0, 1, 2, 0),
	gsSP1Triangle(1, 3, 2, 0),
	gsSP1Triangle(3, 4, 2, 0),
	gsSP1Triangle(5, 4, 3, 0),
	gsSP1Triangle(6, 7, 8, 0),
	gsSP1Triangle(9, 7, 6, 0),
	gsSP1Triangle(9, 10, 7, 0),
	gsSP1Triangle(11, 7, 10, 0),
	gsSP1Triangle(10, 12, 11, 0),
	gsSP1Triangle(13, 11, 12, 0),
	gsSP1Triangle(12, 14, 13, 0),
	gsSP1Triangle(14, 15, 13, 0),
	gsSPVertex(mario_000_displaylist_005_mesh_layer_1_vtx_0 + 48, 7, 0),
	gsSP1Triangle(0, 1, 2, 0),
	gsSP1Triangle(1, 3, 2, 0),
	gsSP1Triangle(3, 1, 4, 0),
	gsSP1Triangle(1, 5, 4, 0),
	gsSP1Triangle(4, 5, 6, 0),
	gsSPEndDisplayList(),
};

Vtx mario_000_displaylist_005_mesh_layer_1_vtx_1[46] = {
	{{{26, -25, 22},0, {20, 981},{0xF9, 0xB0, 0x62, 0xFF}}},
	{{{43, 23, 27},0, {20, 981},{0xFC, 0xF6, 0x7F, 0xFF}}},
	{{{-5, 35, 27},0, {20, 988},{0xFD, 0xF9, 0x7F, 0xFF}}},
	{{{-22, -12, 20},0, {21, 988},{0xE5, 0xBC, 0x68, 0xFF}}},
	{{{-35, 24, 25},0, {21, 992},{0xBB, 0xFC, 0x6B, 0xFF}}},
	{{{-33, 37, 27},0, {21, 992},{0xC1, 0x5, 0x6E, 0xFF}}},
	{{{-44, 27, 5},0, {24, 994},{0x84, 0x9, 0x19, 0xFF}}},
	{{{-42, -7, 16},0, {21, 992},{0xA4, 0xC8, 0x43, 0xFF}}},
	{{{-45, -5, -9},0, {26, 992},{0x8B, 0xCF, 0xFE, 0xFF}}},
	{{{-44, 28, -19},0, {28, 994},{0x83, 0xA, 0xEA, 0xFF}}},
	{{{-42, -6, -36},0, {30, 992},{0xA9, 0xCB, 0xB5, 0xFF}}},
	{{{-34, 26, -43},0, {32, 992},{0xAA, 0xFF, 0xA2, 0xFF}}},
	{{{-32, 39, -45},0, {33, 992},{0xB3, 0x13, 0x9D, 0xFF}}},
	{{{-10, 19, -51},0, {34, 988},{0xE5, 0xEC, 0x85, 0xFF}}},
	{{{-4, 37, -52},0, {35, 988},{0xF0, 0xA, 0x82, 0xFF}}},
	{{{38, 9, -52},0, {34, 981},{0xFE, 0xEC, 0x83, 0xFF}}},
	{{{44, 26, -53},0, {35, 981},{0x2, 0x2, 0x81, 0xFF}}},
	{{{38, 9, -52},0, {34, 981},{0xFE, 0xEC, 0x83, 0xFF}}},
	{{{-4, 37, -52},0, {35, 988},{0xF0, 0xA, 0x82, 0xFF}}},
	{{{26, -23, -42},0, {32, 981},{0xF2, 0xA8, 0xA5, 0xFF}}},
	{{{-10, 19, -51},0, {34, 988},{0xE5, 0xEC, 0x85, 0xFF}}},
	{{{-21, -12, -37},0, {30, 988},{0xDF, 0xB2, 0xA1, 0xFF}}},
	{{{-16, -30, -7},0, {25, 987},{0xD5, 0x88, 0x2, 0xFF}}},
	{{{23, -33, -8},0, {25, 981},{0xF5, 0x82, 0xFE, 0xFF}}},
	{{{26, -25, 22},0, {20, 981},{0xF9, 0xB0, 0x62, 0xFF}}},
	{{{-22, -12, 20},0, {21, 988},{0xE5, 0xBC, 0x68, 0xFF}}},
	{{{-42, -7, 16},0, {21, 992},{0xA4, 0xC8, 0x43, 0xFF}}},
	{{{-35, 24, 25},0, {21, 992},{0xBB, 0xFC, 0x6B, 0xFF}}},
	{{{-45, -5, -9},0, {26, 992},{0x8B, 0xCF, 0xFE, 0xFF}}},
	{{{-42, -6, -36},0, {30, 992},{0xA9, 0xCB, 0xB5, 0xFF}}},
	{{{-34, 26, -43},0, {32, 992},{0xAA, 0xFF, 0xA2, 0xFF}}},
	{{{82, -4, -49},0, {34, 974},{0x6, 0xE1, 0x85, 0xFF}}},
	{{{87, 10, -51},0, {35, 974},{0xA, 0xF9, 0x82, 0xFF}}},
	{{{112, 0, -47},0, {34, 970},{0x20, 0xE8, 0x88, 0xFF}}},
	{{{101, -30, -37},0, {31, 970},{0x13, 0xA3, 0xAB, 0xFF}}},
	{{{140, -14, -31},0, {31, 966},{0x3F, 0xC9, 0xA0, 0xFF}}},
	{{{136, -35, -10},0, {27, 965},{0x32, 0x8B, 0x0, 0xFF}}},
	{{{153, -25, -10},0, {27, 963},{0x54, 0xA1, 0xFF, 0xFF}}},
	{{{140, -15, 10},0, {24, 966},{0x38, 0xC5, 0x62, 0xFF}}},
	{{{101, -32, 14},0, {22, 970},{0x11, 0xA3, 0x55, 0xFF}}},
	{{{112, -2, 23},0, {22, 970},{0x1D, 0xE2, 0x78, 0xFF}}},
	{{{87, 8, 29},0, {21, 974},{0x3, 0xEC, 0x7D, 0xFF}}},
	{{{73, -30, 18},0, {21, 974},{0x0, 0xA7, 0x5B, 0xFF}}},
	{{{98, -38, -10},0, {26, 970},{0x4, 0x81, 0xFE, 0xFF}}},
	{{{70, -38, -10},0, {26, 974},{0xF9, 0x81, 0xFE, 0xFF}}},
	{{{73, -29, -42},0, {32, 974},{0x0, 0xA6, 0xA6, 0xFF}}},
};

Gfx mario_000_displaylist_005_mesh_layer_1_tri_1[] = {
	gsSPVertex(mario_000_displaylist_005_mesh_layer_1_vtx_1 + 0, 16, 0),
	gsSP1Triangle(0, 1, 2, 0),
	gsSP1Triangle(3, 0, 2, 0),
	gsSP1Triangle(2, 4, 3, 0),
	gsSP1Triangle(2, 5, 4, 0),
	gsSP1Triangle(5, 6, 4, 0),
	gsSP1Triangle(7, 4, 6, 0),
	gsSP1Triangle(8, 7, 6, 0),
	gsSP1Triangle(6, 9, 8, 0),
	gsSP1Triangle(10, 8, 9, 0),
	gsSP1Triangle(11, 10, 9, 0),
	gsSP1Triangle(12, 11, 9, 0),
	gsSP1Triangle(13, 11, 12, 0),
	gsSP1Triangle(14, 13, 12, 0),
	gsSP1Triangle(15, 13, 14, 0),
	gsSPVertex(mario_000_displaylist_005_mesh_layer_1_vtx_1 + 16, 15, 0),
	gsSP1Triangle(0, 1, 2, 0),
	gsSP1Triangle(1, 3, 4, 0),
	gsSP1Triangle(5, 4, 3, 0),
	gsSP1Triangle(3, 6, 5, 0),
	gsSP1Triangle(3, 7, 6, 0),
	gsSP1Triangle(7, 8, 6, 0),
	gsSP1Triangle(6, 8, 9, 0),
	gsSP1Triangle(6, 9, 10, 0),
	gsSP1Triangle(9, 11, 10, 0),
	gsSP1Triangle(6, 10, 12, 0),
	gsSP1Triangle(13, 6, 12, 0),
	gsSP1Triangle(5, 6, 13, 0),
	gsSP1Triangle(5, 13, 14, 0),
	gsSP1Triangle(4, 5, 14, 0),
	gsSPVertex(mario_000_displaylist_005_mesh_layer_1_vtx_1 + 31, 15, 0),
	gsSP1Triangle(0, 1, 2, 0),
	gsSP1Triangle(2, 3, 0, 0),
	gsSP1Triangle(4, 3, 2, 0),
	gsSP1Triangle(3, 4, 5, 0),
	gsSP1Triangle(5, 4, 6, 0),
	gsSP1Triangle(7, 5, 6, 0),
	gsSP1Triangle(5, 7, 8, 0),
	gsSP1Triangle(8, 7, 9, 0),
	gsSP1Triangle(8, 9, 10, 0),
	gsSP1Triangle(11, 8, 10, 0),
	gsSP1Triangle(12, 8, 11, 0),
	gsSP1Triangle(13, 12, 11, 0),
	gsSP1Triangle(13, 14, 12, 0),
	gsSP1Triangle(3, 12, 14, 0),
	gsSP1Triangle(14, 0, 3, 0),
	gsSP1Triangle(12, 3, 5, 0),
	gsSP1Triangle(12, 5, 8, 0),
	gsSPEndDisplayList(),
};

Vtx mario_000_displaylist_005_mesh_layer_1_vtx_2[12] = {
	{{{73, -30, 18},0, {-16, -16},{0x0, 0xA7, 0x5B, 0xFF}}},
	{{{87, 8, 29},0, {-16, -16},{0x3, 0xEC, 0x7D, 0xFF}}},
	{{{43, 23, 27},0, {-16, -16},{0xFC, 0xF6, 0x7F, 0xFF}}},
	{{{26, -25, 22},0, {-16, -16},{0xF9, 0xB0, 0x62, 0xFF}}},
	{{{70, -38, -10},0, {-16, -16},{0xF9, 0x81, 0xFE, 0xFF}}},
	{{{23, -33, -8},0, {-16, -16},{0xF5, 0x82, 0xFE, 0xFF}}},
	{{{26, -23, -42},0, {-16, -16},{0xF2, 0xA8, 0xA5, 0xFF}}},
	{{{73, -29, -42},0, {-16, -16},{0x0, 0xA6, 0xA6, 0xFF}}},
	{{{38, 9, -52},0, {-16, -16},{0xFE, 0xEC, 0x83, 0xFF}}},
	{{{82, -4, -49},0, {-16, -16},{0x6, 0xE1, 0x85, 0xFF}}},
	{{{44, 26, -53},0, {-16, -16},{0x2, 0x2, 0x81, 0xFF}}},
	{{{87, 10, -51},0, {-16, -16},{0xA, 0xF9, 0x82, 0xFF}}},
};

Gfx mario_000_displaylist_005_mesh_layer_1_tri_2[] = {
	gsSPVertex(mario_000_displaylist_005_mesh_layer_1_vtx_2 + 0, 12, 0),
	gsSP1Triangle(0, 1, 2, 0),
	gsSP1Triangle(3, 0, 2, 0),
	gsSP1Triangle(4, 0, 3, 0),
	gsSP1Triangle(5, 4, 3, 0),
	gsSP1Triangle(4, 5, 6, 0),
	gsSP1Triangle(7, 4, 6, 0),
	gsSP1Triangle(6, 8, 7, 0),
	gsSP1Triangle(9, 7, 8, 0),
	gsSP1Triangle(8, 10, 9, 0),
	gsSP1Triangle(11, 9, 10, 0),
	gsSPEndDisplayList(),
};

Vtx mario_000_displaylist_005_mesh_layer_1_vtx_3[16] = {
	{{{85, 8, -56},0, {337, 25},{0x30, 0xA, 0x8B, 0xFF}}},
	{{{87, 10, -51},0, {338, 29},{0x55, 0x3D, 0xB7, 0xFF}}},
	{{{90, 6, -49},0, {339, 26},{0x64, 0xE4, 0xB7, 0xFF}}},
	{{{45, 22, -59},0, {322, 24},{0xEC, 0x2D, 0x8B, 0xFF}}},
	{{{78, 4, -51},0, {335, 20},{0xCB, 0xD4, 0x95, 0xFF}}},
	{{{76, -15, -50},0, {337, 2},{0x17, 0xBD, 0x97, 0xFF}}},
	{{{81, -18, -43},0, {339, 2},{0x40, 0xAF, 0xB6, 0xFF}}},
	{{{76, -20, -42},0, {338, -1},{0x4, 0x98, 0xB8, 0xFF}}},
	{{{33, -5, -48},0, {321, -2},{0xC4, 0xAC, 0xB6, 0xFF}}},
	{{{36, -1, -55},0, {322, 1},{0xD3, 0xDD, 0x8E, 0xFF}}},
	{{{31, 0, -49},0, {320, 1},{0x9A, 0xF3, 0xB5, 0xFF}}},
	{{{40, 24, -52},0, {320, 26},{0xA5, 0x36, 0xB9, 0xFF}}},
	{{{44, 26, -53},0, {321, 28},{0xF0, 0x6C, 0xBE, 0xFF}}},
	{{{43, 3, -52},0, {324, 8},{0x39, 0x4, 0x8E, 0xFF}}},
	{{{48, 15, -52},0, {323, 20},{0x22, 0xBA, 0x9C, 0xFF}}},
	{{{74, -8, -49},0, {335, 8},{0xF5, 0x8, 0x82, 0xFF}}},
};

Gfx mario_000_displaylist_005_mesh_layer_1_tri_3[] = {
	gsSPVertex(mario_000_displaylist_005_mesh_layer_1_vtx_3 + 0, 16, 0),
	gsSP1Triangle(0, 1, 2, 0),
	gsSP1Triangle(3, 1, 0, 0),
	gsSP1Triangle(0, 4, 3, 0),
	gsSP1Triangle(0, 5, 4, 0),
	gsSP1Triangle(0, 6, 5, 0),
	gsSP1Triangle(2, 6, 0, 0),
	gsSP1Triangle(5, 6, 7, 0),
	gsSP1Triangle(7, 8, 5, 0),
	gsSP1Triangle(9, 5, 8, 0),
	gsSP1Triangle(9, 8, 10, 0),
	gsSP1Triangle(9, 10, 3, 0),
	gsSP1Triangle(3, 10, 11, 0),
	gsSP1Triangle(12, 3, 11, 0),
	gsSP1Triangle(12, 1, 3, 0),
	gsSP1Triangle(9, 3, 13, 0),
	gsSP1Triangle(13, 3, 14, 0),
	gsSP1Triangle(4, 14, 3, 0),
	gsSP1Triangle(13, 15, 9, 0),
	gsSP1Triangle(5, 9, 15, 0),
	gsSP1Triangle(5, 15, 4, 0),
	gsSPEndDisplayList(),
};

Vtx mario_000_displaylist_001_mesh_layer_4_vtx_0[4] = {
	{{{13, 23, -24},0, {-16, 1978},{0x17, 0x0, 0x7D, 0xFF}}},
	{{{93, 23, -40},0, {974, 1978},{0x19, 0x0, 0x7D, 0xFF}}},
	{{{92, 184, -39},0, {974, -34},{0x17, 0x0, 0x7D, 0xFF}}},
	{{{13, 184, -24},0, {-16, -34},{0x17, 0x0, 0x7D, 0xFF}}},
};

Gfx mario_000_displaylist_001_mesh_layer_4_tri_0[] = {
	gsSPVertex(mario_000_displaylist_001_mesh_layer_4_vtx_0 + 0, 4, 0),
	gsSP1Triangle(0, 1, 2, 0),
	gsSP1Triangle(0, 2, 3, 0),
	gsSPEndDisplayList(),
};

Vtx mario_000_displaylist_001_mesh_layer_4_vtx_1[4] = {
	{{{-67, 184, -9},0, {-16, -34},{0x17, 0x0, 0x7D, 0xFF}}},
	{{{13, 23, -24},0, {974, 1978},{0x17, 0x0, 0x7D, 0xFF}}},
	{{{13, 184, -24},0, {974, -34},{0x17, 0x0, 0x7D, 0xFF}}},
	{{{-67, 23, -9},0, {-16, 1978},{0x17, 0x0, 0x7D, 0xFF}}},
};

Gfx mario_000_displaylist_001_mesh_layer_4_tri_1[] = {
	gsSPVertex(mario_000_displaylist_001_mesh_layer_4_vtx_1 + 0, 4, 0),
	gsSP1Triangle(0, 1, 2, 0),
	gsSP1Triangle(0, 3, 1, 0),
	gsSPEndDisplayList(),
};


Gfx mat_mario_sonic_blue_v4[] = {
	gsDPPipeSync(),
	gsDPSetCombineLERP(0, 0, 0, SHADE, 0, 0, 0, ENVIRONMENT, 0, 0, 0, SHADE, 0, 0, 0, ENVIRONMENT),
	gsSPTexture(65535, 65535, 0, 0, 1),
	gsSPSetLights1(mario_sonic_blue_v4_lights),
	gsSPEndDisplayList(),
};

Gfx mat_mario_sonic_skin_v4[] = {
	gsDPPipeSync(),
	gsDPSetCombineLERP(0, 0, 0, SHADE, 0, 0, 0, ENVIRONMENT, 0, 0, 0, SHADE, 0, 0, 0, ENVIRONMENT),
	gsSPTexture(65535, 65535, 0, 0, 1),
	gsSPSetLights1(mario_sonic_skin_v4_lights),
	gsSPEndDisplayList(),
};

Gfx mat_mario_metal_v4[] = {
	gsDPPipeSync(),
	gsDPSetCombineLERP(0, 0, 0, TEXEL0, 0, 0, 0, ENVIRONMENT, 0, 0, 0, TEXEL0, 0, 0, 0, ENVIRONMENT),
	gsSPSetGeometryMode(G_TEXTURE_GEN),
	gsSPTexture(4031, 1983, 0, 0, 1),
	gsDPTileSync(),
	gsDPSetTextureImage(G_IM_FMT_RGBA, G_IM_SIZ_16b_LOAD_BLOCK, 1, mario_metal_rgba16),
	gsDPSetTile(G_IM_FMT_RGBA, G_IM_SIZ_16b_LOAD_BLOCK, 0, 0, 7, 0, G_TX_WRAP | G_TX_NOMIRROR, 5, 0, G_TX_WRAP | G_TX_NOMIRROR, 6, 0),
	gsDPLoadSync(),
	gsDPLoadBlock(7, 0, 0, 2047, 128),
	gsDPPipeSync(),
	gsDPSetTile(G_IM_FMT_RGBA, G_IM_SIZ_16b, 16, 0, 0, 0, G_TX_WRAP | G_TX_NOMIRROR, 5, 0, G_TX_WRAP | G_TX_NOMIRROR, 6, 0),
	gsDPSetTileSize(0, 0, 0, 252, 124),
	gsSPEndDisplayList(),
};

Gfx mat_revert_mario_metal_v4[] = {
	gsDPPipeSync(),
	gsSPClearGeometryMode(G_TEXTURE_GEN),
	gsSPEndDisplayList(),
};

Gfx mat_mario_sonic_eye_texture[] = {
	gsDPPipeSync(),
	gsDPSetCombineLERP(TEXEL0, 0, SHADE, 0, 0, 0, 0, ENVIRONMENT, TEXEL0, 0, SHADE, 0, 0, 0, 0, ENVIRONMENT),
	gsSPTexture(65535, 65535, 0, 0, 1),
	gsDPTileSync(),
	gsDPSetTextureImage(G_IM_FMT_RGBA, G_IM_SIZ_16b_LOAD_BLOCK, 1, mario_soniceyenew_rgba16),
	gsDPSetTile(G_IM_FMT_RGBA, G_IM_SIZ_16b_LOAD_BLOCK, 0, 0, 7, 0, G_TX_WRAP | G_TX_NOMIRROR, 5, 0, G_TX_WRAP | G_TX_NOMIRROR, 5, 0),
	gsDPLoadSync(),
	gsDPLoadBlock(7, 0, 0, 1023, 256),
	gsDPPipeSync(),
	gsDPSetTile(G_IM_FMT_RGBA, G_IM_SIZ_16b, 8, 0, 0, 0, G_TX_WRAP | G_TX_NOMIRROR, 5, 0, G_TX_WRAP | G_TX_NOMIRROR, 5, 0),
	gsDPSetTileSize(0, 0, 0, 124, 124),
	gsSPSetLights1(mario_sonic_eye_texture_lights),
	gsSPEndDisplayList(),
};

Gfx mat_mario_sonic_mouth_none[] = {
	gsDPPipeSync(),
	gsDPSetCombineLERP(0, 0, 0, SHADE, 0, 0, 0, ENVIRONMENT, 0, 0, 0, SHADE, 0, 0, 0, ENVIRONMENT),
	gsSPTexture(65535, 65535, 0, 0, 1),
	gsSPSetLights1(mario_sonic_mouth_none_lights),
	gsSPEndDisplayList(),
};

Gfx mat_mario_sonic_nose_v4[] = {
	gsDPPipeSync(),
	gsDPSetCombineLERP(0, 0, 0, SHADE, 0, 0, 0, ENVIRONMENT, 0, 0, 0, SHADE, 0, 0, 0, ENVIRONMENT),
	gsSPTexture(65535, 65535, 0, 0, 1),
	gsSPSetLights1(mario_sonic_nose_v4_lights),
	gsSPEndDisplayList(),
};

Gfx mat_mario_sonic_mouth[] = {
	gsDPPipeSync(),
	gsDPSetCombineLERP(TEXEL0, 0, SHADE, 0, 0, 0, 0, ENVIRONMENT, TEXEL0, 0, SHADE, 0, 0, 0, 0, ENVIRONMENT),
	gsSPTexture(65535, 65535, 0, 0, 1),
	gsDPTileSync(),
	gsDPSetTextureImage(G_IM_FMT_RGBA, G_IM_SIZ_16b_LOAD_BLOCK, 1, mario_sonic_mouth_rgba16),
	gsDPSetTile(G_IM_FMT_RGBA, G_IM_SIZ_16b_LOAD_BLOCK, 0, 0, 7, 0, G_TX_WRAP | G_TX_NOMIRROR, 5, 0, G_TX_WRAP | G_TX_NOMIRROR, 5, 0),
	gsDPLoadSync(),
	gsDPLoadBlock(7, 0, 0, 1023, 256),
	gsDPPipeSync(),
	gsDPSetTile(G_IM_FMT_RGBA, G_IM_SIZ_16b, 8, 0, 0, 0, G_TX_WRAP | G_TX_NOMIRROR, 5, 0, G_TX_WRAP | G_TX_NOMIRROR, 5, 0),
	gsDPSetTileSize(0, 0, 0, 124, 124),
	gsSPSetLights1(mario_sonic_mouth_lights),
	gsSPEndDisplayList(),
};

Gfx mat_mario_sonic_eye_half[] = {
	gsDPPipeSync(),
	gsDPSetCombineLERP(TEXEL0, 0, SHADE, 0, 0, 0, 0, ENVIRONMENT, TEXEL0, 0, SHADE, 0, 0, 0, 0, ENVIRONMENT),
	gsSPTexture(65535, 65535, 0, 0, 1),
	gsDPTileSync(),
	gsDPSetTextureImage(G_IM_FMT_RGBA, G_IM_SIZ_16b_LOAD_BLOCK, 1, mario_soniceyenew_half_rgba16),
	gsDPSetTile(G_IM_FMT_RGBA, G_IM_SIZ_16b_LOAD_BLOCK, 0, 0, 7, 0, G_TX_WRAP | G_TX_NOMIRROR, 5, 0, G_TX_WRAP | G_TX_NOMIRROR, 5, 0),
	gsDPLoadSync(),
	gsDPLoadBlock(7, 0, 0, 1023, 256),
	gsDPPipeSync(),
	gsDPSetTile(G_IM_FMT_RGBA, G_IM_SIZ_16b, 8, 0, 0, 0, G_TX_WRAP | G_TX_NOMIRROR, 5, 0, G_TX_WRAP | G_TX_NOMIRROR, 5, 0),
	gsDPSetTileSize(0, 0, 0, 124, 124),
	gsSPSetLights1(mario_sonic_eye_half_lights),
	gsSPEndDisplayList(),
};

Gfx mat_mario_sonic_eye_closed[] = {
	gsDPPipeSync(),
	gsDPSetCombineLERP(TEXEL0, 0, SHADE, 0, 0, 0, 0, ENVIRONMENT, TEXEL0, 0, SHADE, 0, 0, 0, 0, ENVIRONMENT),
	gsSPTexture(65535, 65535, 0, 0, 1),
	gsDPTileSync(),
	gsDPSetTextureImage(G_IM_FMT_RGBA, G_IM_SIZ_16b_LOAD_BLOCK, 1, mario_soniceyenew_closed_rgba16),
	gsDPSetTile(G_IM_FMT_RGBA, G_IM_SIZ_16b_LOAD_BLOCK, 0, 0, 7, 0, G_TX_WRAP | G_TX_NOMIRROR, 5, 0, G_TX_WRAP | G_TX_NOMIRROR, 5, 0),
	gsDPLoadSync(),
	gsDPLoadBlock(7, 0, 0, 1023, 256),
	gsDPPipeSync(),
	gsDPSetTile(G_IM_FMT_RGBA, G_IM_SIZ_16b, 8, 0, 0, 0, G_TX_WRAP | G_TX_NOMIRROR, 5, 0, G_TX_WRAP | G_TX_NOMIRROR, 5, 0),
	gsDPSetTileSize(0, 0, 0, 124, 124),
	gsSPSetLights1(mario_sonic_eye_closed_lights),
	gsSPEndDisplayList(),
};

Gfx mat_mario_sonic_eye_dead[] = {
	gsDPPipeSync(),
	gsDPSetCombineLERP(TEXEL0, 0, SHADE, 0, 0, 0, 0, ENVIRONMENT, TEXEL0, 0, SHADE, 0, 0, 0, 0, ENVIRONMENT),
	gsSPTexture(65535, 65535, 0, 0, 1),
	gsDPTileSync(),
	gsDPSetTextureImage(G_IM_FMT_RGBA, G_IM_SIZ_16b_LOAD_BLOCK, 1, mario_soniceyenew_dead_rgba16),
	gsDPSetTile(G_IM_FMT_RGBA, G_IM_SIZ_16b_LOAD_BLOCK, 0, 0, 7, 0, G_TX_WRAP | G_TX_NOMIRROR, 5, 0, G_TX_WRAP | G_TX_NOMIRROR, 5, 0),
	gsDPLoadSync(),
	gsDPLoadBlock(7, 0, 0, 1023, 256),
	gsDPPipeSync(),
	gsDPSetTile(G_IM_FMT_RGBA, G_IM_SIZ_16b, 8, 0, 0, 0, G_TX_WRAP | G_TX_NOMIRROR, 5, 0, G_TX_WRAP | G_TX_NOMIRROR, 5, 0),
	gsDPSetTileSize(0, 0, 0, 124, 124),
	gsSPSetLights1(mario_sonic_eye_dead_lights),
	gsSPEndDisplayList(),
};

Gfx mat_mario_gloves_001_v4[] = {
	gsDPPipeSync(),
	gsDPSetCombineLERP(0, 0, 0, SHADE, 0, 0, 0, ENVIRONMENT, 0, 0, 0, SHADE, 0, 0, 0, ENVIRONMENT),
	gsSPTexture(65535, 65535, 0, 0, 1),
	gsSPSetLights1(mario_gloves_001_v4_lights),
	gsSPEndDisplayList(),
};

Gfx mat_mario_gloves_v4[] = {
	gsDPPipeSync(),
	gsDPSetCombineLERP(0, 0, 0, SHADE, 0, 0, 0, ENVIRONMENT, 0, 0, 0, SHADE, 0, 0, 0, ENVIRONMENT),
	gsSPTexture(65535, 65535, 0, 0, 1),
	gsSPSetLights1(mario_gloves_v4_lights),
	gsSPEndDisplayList(),
};

Gfx mat_mario_sonic_texture_v4[] = {
	gsDPPipeSync(),
	gsDPSetCombineLERP(TEXEL0, 0, SHADE, 0, 0, 0, 0, ENVIRONMENT, TEXEL0, 0, SHADE, 0, 0, 0, 0, ENVIRONMENT),
	gsSPTexture(65535, 65535, 0, 0, 1),
	gsDPTileSync(),
	gsDPSetTextureImage(G_IM_FMT_RGBA, G_IM_SIZ_16b_LOAD_BLOCK, 1, mario_sonic_new2_rgba16),
	gsDPSetTile(G_IM_FMT_RGBA, G_IM_SIZ_16b_LOAD_BLOCK, 0, 0, 7, 0, G_TX_WRAP | G_TX_NOMIRROR, 5, 0, G_TX_WRAP | G_TX_NOMIRROR, 5, 0),
	gsDPLoadSync(),
	gsDPLoadBlock(7, 0, 0, 1023, 256),
	gsDPPipeSync(),
	gsDPSetTile(G_IM_FMT_RGBA, G_IM_SIZ_16b, 8, 0, 0, 0, G_TX_WRAP | G_TX_NOMIRROR, 5, 0, G_TX_WRAP | G_TX_NOMIRROR, 5, 0),
	gsDPSetTileSize(0, 0, 0, 124, 124),
	gsSPSetLights1(mario_sonic_texture_v4_lights),
	gsSPEndDisplayList(),
};

Gfx mat_mario_sonic_white_v4[] = {
	gsDPPipeSync(),
	gsDPSetCombineLERP(0, 0, 0, SHADE, 0, 0, 0, ENVIRONMENT, 0, 0, 0, SHADE, 0, 0, 0, ENVIRONMENT),
	gsSPTexture(65535, 65535, 0, 0, 1),
	gsSPSetLights1(mario_sonic_white_v4_lights),
	gsSPEndDisplayList(),
};

Gfx mat_mario_sonic_buckle_v4[] = {
	gsDPPipeSync(),
	gsDPSetCombineLERP(0, 0, 0, SHADE, 0, 0, 0, ENVIRONMENT, 0, 0, 0, SHADE, 0, 0, 0, ENVIRONMENT),
	gsSPTexture(65535, 65535, 0, 0, 1),
	gsSPSetLights1(mario_sonic_buckle_v4_lights),
	gsSPEndDisplayList(),
};

Gfx mat_mario_sonic_shoe_v4[] = {
	gsDPPipeSync(),
	gsDPSetCombineLERP(0, 0, 0, SHADE, 0, 0, 0, ENVIRONMENT, 0, 0, 0, SHADE, 0, 0, 0, ENVIRONMENT),
	gsSPTexture(65535, 65535, 0, 0, 1),
	gsSPSetLights1(mario_sonic_shoe_v4_lights),
	gsSPEndDisplayList(),
};

Gfx mat_mario_wing_2_001_v4[] = {
	gsDPPipeSync(),
	gsDPSetCombineLERP(0, 0, 0, TEXEL0, TEXEL0, 0, ENVIRONMENT, 0, 0, 0, 0, TEXEL0, TEXEL0, 0, ENVIRONMENT, 0),
	gsSPClearGeometryMode(G_CULL_BACK),
	gsSPTexture(65535, 65535, 0, 0, 1),
	gsDPTileSync(),
	gsDPSetTextureImage(G_IM_FMT_RGBA, G_IM_SIZ_16b_LOAD_BLOCK, 1, mario_wing_2_rgba16),
	gsDPSetTile(G_IM_FMT_RGBA, G_IM_SIZ_16b_LOAD_BLOCK, 0, 0, 7, 0, G_TX_WRAP | G_TX_NOMIRROR, 6, 0, G_TX_CLAMP | G_TX_NOMIRROR, 5, 0),
	gsDPLoadSync(),
	gsDPLoadBlock(7, 0, 0, 2047, 256),
	gsDPPipeSync(),
	gsDPSetTile(G_IM_FMT_RGBA, G_IM_SIZ_16b, 8, 0, 0, 0, G_TX_WRAP | G_TX_NOMIRROR, 6, 0, G_TX_CLAMP | G_TX_NOMIRROR, 5, 0),
	gsDPSetTileSize(0, 0, 0, 124, 252),
	gsSPEndDisplayList(),
};

Gfx mat_revert_mario_wing_2_001_v4[] = {
	gsDPPipeSync(),
	gsSPSetGeometryMode(G_CULL_BACK),
	gsSPEndDisplayList(),
};

Gfx mat_mario_wing_1_001_v4[] = {
	gsDPPipeSync(),
	gsDPSetCombineLERP(0, 0, 0, TEXEL0, TEXEL0, 0, ENVIRONMENT, 0, 0, 0, 0, TEXEL0, TEXEL0, 0, ENVIRONMENT, 0),
	gsSPClearGeometryMode(G_CULL_BACK),
	gsSPTexture(65535, 65535, 0, 0, 1),
	gsDPTileSync(),
	gsDPSetTextureImage(G_IM_FMT_RGBA, G_IM_SIZ_16b_LOAD_BLOCK, 1, mario_wing1_rgba16),
	gsDPSetTile(G_IM_FMT_RGBA, G_IM_SIZ_16b_LOAD_BLOCK, 0, 0, 7, 0, G_TX_WRAP | G_TX_NOMIRROR, 6, 0, G_TX_CLAMP | G_TX_NOMIRROR, 5, 0),
	gsDPLoadSync(),
	gsDPLoadBlock(7, 0, 0, 2047, 256),
	gsDPPipeSync(),
	gsDPSetTile(G_IM_FMT_RGBA, G_IM_SIZ_16b, 8, 0, 0, 0, G_TX_WRAP | G_TX_NOMIRROR, 6, 0, G_TX_CLAMP | G_TX_NOMIRROR, 5, 0),
	gsDPSetTileSize(0, 0, 0, 124, 252),
	gsSPEndDisplayList(),
};

Gfx mat_revert_mario_wing_1_001_v4[] = {
	gsDPPipeSync(),
	gsSPSetGeometryMode(G_CULL_BACK),
	gsSPEndDisplayList(),
};

Gfx mario_000_offset_mesh_layer_1[] = {
	gsSPDisplayList(mat_mario_sonic_blue_v4),
	gsSPDisplayList(mario_000_offset_mesh_layer_1_tri_0),
	gsSPDisplayList(mat_mario_sonic_skin_v4),
	gsSPDisplayList(mario_000_offset_mesh_layer_1_tri_1),
	gsSPEndDisplayList(),
};

Gfx mario_000_offset_mesh_layer_1_mat_override_metal_v4_0[] = {
	gsSPDisplayList(mat_mario_metal_v4),
	gsSPDisplayList(mario_000_offset_mesh_layer_1_tri_0),
	gsSPDisplayList(mario_000_offset_mesh_layer_1_tri_1),
	gsSPDisplayList(mat_revert_mario_metal_v4),
	gsSPEndDisplayList(),
};

Gfx mario_000_offset_001_skinned_mesh_layer_1[] = {
	gsSPDisplayList(mat_mario_sonic_blue_v4),
	gsSPDisplayList(mario_000_offset_001_skinned_mesh_layer_1_tri_0),
	gsSPDisplayList(mat_mario_sonic_skin_v4),
	gsSPDisplayList(mario_000_offset_001_skinned_mesh_layer_1_tri_1),
	gsSPEndDisplayList(),
};

Gfx mario_000_offset_001_skinned_mesh_layer_1_mat_override_metal_v4_0[] = {
	gsSPDisplayList(mat_mario_metal_v4),
	gsSPDisplayList(mario_000_offset_001_skinned_mesh_layer_1_tri_0),
	gsSPDisplayList(mario_000_offset_001_skinned_mesh_layer_1_tri_1),
	gsSPDisplayList(mat_revert_mario_metal_v4),
	gsSPEndDisplayList(),
};

Gfx mario_000_offset_001_mesh_layer_1[] = {
	gsSPDisplayList(mat_mario_sonic_blue_v4),
	gsSPDisplayList(mario_000_offset_001_mesh_layer_1_tri_0),
	gsSPDisplayList(mat_mario_sonic_skin_v4),
	gsSPDisplayList(mario_000_offset_001_mesh_layer_1_tri_1),
	gsSPDisplayList(mat_mario_sonic_blue_v4),
	gsSPDisplayList(mario_000_offset_001_mesh_layer_1_tri_2),
	gsSPDisplayList(mat_mario_sonic_skin_v4),
	gsSPDisplayList(mario_000_offset_001_mesh_layer_1_tri_3),
	gsSPEndDisplayList(),
};

Gfx mario_000_offset_001_mesh_layer_1_mat_override_metal_v4_0[] = {
	gsSPDisplayList(mat_mario_metal_v4),
	gsSPDisplayList(mario_000_offset_001_mesh_layer_1_tri_0),
	gsSPDisplayList(mario_000_offset_001_mesh_layer_1_tri_1),
	gsSPDisplayList(mario_000_offset_001_mesh_layer_1_tri_2),
	gsSPDisplayList(mario_000_offset_001_mesh_layer_1_tri_3),
	gsSPDisplayList(mat_revert_mario_metal_v4),
	gsSPEndDisplayList(),
};

Gfx mario_000_displaylist_mesh_layer_1[] = {
	gsSPDisplayList(mat_mario_sonic_blue_v4),
	gsSPDisplayList(mario_000_displaylist_mesh_layer_1_tri_0),
	gsSPDisplayList(mat_mario_sonic_skin_v4),
	gsSPDisplayList(mario_000_displaylist_mesh_layer_1_tri_1),
	gsSPDisplayList(mat_mario_sonic_eye_texture),
	gsSPDisplayList(mario_000_displaylist_mesh_layer_1_tri_2),
	gsSPDisplayList(mat_mario_sonic_mouth_none),
	gsSPDisplayList(mario_000_displaylist_mesh_layer_1_tri_3),
	gsSPDisplayList(mat_mario_sonic_nose_v4),
	gsSPDisplayList(mario_000_displaylist_mesh_layer_1_tri_4),
	gsSPEndDisplayList(),
};

Gfx mario_000_displaylist_mesh_layer_1_mat_override_metal_v4_0[] = {
	gsSPDisplayList(mat_mario_metal_v4),
	gsSPDisplayList(mario_000_displaylist_mesh_layer_1_tri_0),
	gsSPDisplayList(mario_000_displaylist_mesh_layer_1_tri_1),
	gsSPDisplayList(mario_000_displaylist_mesh_layer_1_tri_2),
	gsSPDisplayList(mario_000_displaylist_mesh_layer_1_tri_3),
	gsSPDisplayList(mario_000_displaylist_mesh_layer_1_tri_4),
	gsSPDisplayList(mat_revert_mario_metal_v4),
	gsSPEndDisplayList(),
};

Gfx mario_000_displaylist_mesh_layer_1_mat_override_sonic_mouth_1[] = {
	gsSPDisplayList(mat_mario_sonic_blue_v4),
	gsSPDisplayList(mario_000_displaylist_mesh_layer_1_tri_0),
	gsSPDisplayList(mat_mario_sonic_skin_v4),
	gsSPDisplayList(mario_000_displaylist_mesh_layer_1_tri_1),
	gsSPDisplayList(mat_mario_sonic_eye_texture),
	gsSPDisplayList(mario_000_displaylist_mesh_layer_1_tri_2),
	gsSPDisplayList(mat_mario_sonic_mouth),
	gsSPDisplayList(mario_000_displaylist_mesh_layer_1_tri_3),
	gsSPDisplayList(mat_mario_sonic_nose_v4),
	gsSPDisplayList(mario_000_displaylist_mesh_layer_1_tri_4),
	gsSPEndDisplayList(),
};

Gfx mario_000_displaylist_mesh_layer_1_mat_override_sonic_eye_half_2[] = {
	gsSPDisplayList(mat_mario_sonic_blue_v4),
	gsSPDisplayList(mario_000_displaylist_mesh_layer_1_tri_0),
	gsSPDisplayList(mat_mario_sonic_skin_v4),
	gsSPDisplayList(mario_000_displaylist_mesh_layer_1_tri_1),
	gsSPDisplayList(mat_mario_sonic_eye_half),
	gsSPDisplayList(mario_000_displaylist_mesh_layer_1_tri_2),
	gsSPDisplayList(mat_mario_sonic_mouth_none),
	gsSPDisplayList(mario_000_displaylist_mesh_layer_1_tri_3),
	gsSPDisplayList(mat_mario_sonic_nose_v4),
	gsSPDisplayList(mario_000_displaylist_mesh_layer_1_tri_4),
	gsSPEndDisplayList(),
};

Gfx mario_000_displaylist_mesh_layer_1_mat_override_sonic_eye_closed_3[] = {
	gsSPDisplayList(mat_mario_sonic_blue_v4),
	gsSPDisplayList(mario_000_displaylist_mesh_layer_1_tri_0),
	gsSPDisplayList(mat_mario_sonic_skin_v4),
	gsSPDisplayList(mario_000_displaylist_mesh_layer_1_tri_1),
	gsSPDisplayList(mat_mario_sonic_eye_closed),
	gsSPDisplayList(mario_000_displaylist_mesh_layer_1_tri_2),
	gsSPDisplayList(mat_mario_sonic_mouth_none),
	gsSPDisplayList(mario_000_displaylist_mesh_layer_1_tri_3),
	gsSPDisplayList(mat_mario_sonic_nose_v4),
	gsSPDisplayList(mario_000_displaylist_mesh_layer_1_tri_4),
	gsSPEndDisplayList(),
};

Gfx mario_000_displaylist_mesh_layer_1_mat_override_sonic_eye_dead_4[] = {
	gsSPDisplayList(mat_mario_sonic_blue_v4),
	gsSPDisplayList(mario_000_displaylist_mesh_layer_1_tri_0),
	gsSPDisplayList(mat_mario_sonic_skin_v4),
	gsSPDisplayList(mario_000_displaylist_mesh_layer_1_tri_1),
	gsSPDisplayList(mat_mario_sonic_eye_dead),
	gsSPDisplayList(mario_000_displaylist_mesh_layer_1_tri_2),
	gsSPDisplayList(mat_mario_sonic_mouth_none),
	gsSPDisplayList(mario_000_displaylist_mesh_layer_1_tri_3),
	gsSPDisplayList(mat_mario_sonic_nose_v4),
	gsSPDisplayList(mario_000_displaylist_mesh_layer_1_tri_4),
	gsSPEndDisplayList(),
};

Gfx mario_000_offset_003_mesh_layer_1[] = {
	gsSPDisplayList(mat_mario_sonic_skin_v4),
	gsSPDisplayList(mario_000_offset_003_mesh_layer_1_tri_0),
	gsSPEndDisplayList(),
};

Gfx mario_000_offset_003_mesh_layer_1_mat_override_metal_v4_0[] = {
	gsSPDisplayList(mat_mario_metal_v4),
	gsSPDisplayList(mario_000_offset_003_mesh_layer_1_tri_0),
	gsSPDisplayList(mat_revert_mario_metal_v4),
	gsSPEndDisplayList(),
};

Gfx mario_000_offset_004_skinned_mesh_layer_1[] = {
	gsSPDisplayList(mat_mario_sonic_skin_v4),
	gsSPDisplayList(mario_000_offset_004_skinned_mesh_layer_1_tri_0),
	gsSPEndDisplayList(),
};

Gfx mario_000_offset_004_skinned_mesh_layer_1_mat_override_metal_v4_0[] = {
	gsSPDisplayList(mat_mario_metal_v4),
	gsSPDisplayList(mario_000_offset_004_skinned_mesh_layer_1_tri_0),
	gsSPDisplayList(mat_revert_mario_metal_v4),
	gsSPEndDisplayList(),
};

Gfx mario_000_offset_004_mesh_layer_1[] = {
	gsSPDisplayList(mat_mario_sonic_skin_v4),
	gsSPDisplayList(mario_000_offset_004_mesh_layer_1_tri_0),
	gsSPDisplayList(mario_000_offset_004_mesh_layer_1_tri_1),
	gsSPEndDisplayList(),
};

Gfx mario_000_offset_004_mesh_layer_1_mat_override_metal_v4_0[] = {
	gsSPDisplayList(mat_mario_metal_v4),
	gsSPDisplayList(mario_000_offset_004_mesh_layer_1_tri_0),
	gsSPDisplayList(mario_000_offset_004_mesh_layer_1_tri_1),
	gsSPDisplayList(mat_revert_mario_metal_v4),
	gsSPEndDisplayList(),
};

Gfx mario_000_displaylist_003_mesh_layer_1[] = {
	gsSPDisplayList(mat_mario_gloves_001_v4),
	gsSPDisplayList(mario_000_displaylist_003_mesh_layer_1_tri_0),
	gsSPEndDisplayList(),
};

Gfx mario_000_displaylist_003_mesh_layer_1_mat_override_metal_v4_0[] = {
	gsSPDisplayList(mat_mario_metal_v4),
	gsSPDisplayList(mario_000_displaylist_003_mesh_layer_1_tri_0),
	gsSPDisplayList(mat_revert_mario_metal_v4),
	gsSPEndDisplayList(),
};

Gfx mario_002_switch_option_right_hand_open_mesh_layer_1[] = {
	gsSPDisplayList(mat_mario_gloves_v4),
	gsSPDisplayList(mario_002_switch_option_right_hand_open_mesh_layer_1_tri_0),
	gsSPEndDisplayList(),
};

Gfx mario_002_switch_option_right_hand_open_mesh_layer_1_mat_override_metal_v4_0[] = {
	gsSPDisplayList(mat_mario_metal_v4),
	gsSPDisplayList(mario_002_switch_option_right_hand_open_mesh_layer_1_tri_0),
	gsSPDisplayList(mat_revert_mario_metal_v4),
	gsSPEndDisplayList(),
};

Gfx mario_000_offset_006_mesh_layer_1[] = {
	gsSPDisplayList(mat_mario_sonic_skin_v4),
	gsSPDisplayList(mario_000_offset_006_mesh_layer_1_tri_0),
	gsSPEndDisplayList(),
};

Gfx mario_000_offset_006_mesh_layer_1_mat_override_metal_v4_0[] = {
	gsSPDisplayList(mat_mario_metal_v4),
	gsSPDisplayList(mario_000_offset_006_mesh_layer_1_tri_0),
	gsSPDisplayList(mat_revert_mario_metal_v4),
	gsSPEndDisplayList(),
};

Gfx mario_000_offset_007_skinned_mesh_layer_1[] = {
	gsSPDisplayList(mat_mario_sonic_skin_v4),
	gsSPDisplayList(mario_000_offset_007_skinned_mesh_layer_1_tri_0),
	gsSPEndDisplayList(),
};

Gfx mario_000_offset_007_skinned_mesh_layer_1_mat_override_metal_v4_0[] = {
	gsSPDisplayList(mat_mario_metal_v4),
	gsSPDisplayList(mario_000_offset_007_skinned_mesh_layer_1_tri_0),
	gsSPDisplayList(mat_revert_mario_metal_v4),
	gsSPEndDisplayList(),
};

Gfx mario_000_offset_007_mesh_layer_1[] = {
	gsSPDisplayList(mat_mario_sonic_skin_v4),
	gsSPDisplayList(mario_000_offset_007_mesh_layer_1_tri_0),
	gsSPDisplayList(mario_000_offset_007_mesh_layer_1_tri_1),
	gsSPEndDisplayList(),
};

Gfx mario_000_offset_007_mesh_layer_1_mat_override_metal_v4_0[] = {
	gsSPDisplayList(mat_mario_metal_v4),
	gsSPDisplayList(mario_000_offset_007_mesh_layer_1_tri_0),
	gsSPDisplayList(mario_000_offset_007_mesh_layer_1_tri_1),
	gsSPDisplayList(mat_revert_mario_metal_v4),
	gsSPEndDisplayList(),
};

Gfx mario_000_displaylist_004_mesh_layer_1[] = {
	gsSPDisplayList(mat_mario_gloves_001_v4),
	gsSPDisplayList(mario_000_displaylist_004_mesh_layer_1_tri_0),
	gsSPEndDisplayList(),
};

Gfx mario_000_displaylist_004_mesh_layer_1_mat_override_metal_v4_0[] = {
	gsSPDisplayList(mat_mario_metal_v4),
	gsSPDisplayList(mario_000_displaylist_004_mesh_layer_1_tri_0),
	gsSPDisplayList(mat_revert_mario_metal_v4),
	gsSPEndDisplayList(),
};

Gfx mario_002_switch_option_left_hand_open_mesh_layer_1[] = {
	gsSPDisplayList(mat_mario_gloves_v4),
	gsSPDisplayList(mario_002_switch_option_left_hand_open_mesh_layer_1_tri_0),
	gsSPEndDisplayList(),
};

Gfx mario_002_switch_option_left_hand_open_mesh_layer_1_mat_override_metal_v4_0[] = {
	gsSPDisplayList(mat_mario_metal_v4),
	gsSPDisplayList(mario_002_switch_option_left_hand_open_mesh_layer_1_tri_0),
	gsSPDisplayList(mat_revert_mario_metal_v4),
	gsSPEndDisplayList(),
};

Gfx mario_004_switch_option_left_hand_peace_mesh_layer_1[] = {
	gsSPDisplayList(mat_mario_gloves_v4),
	gsSPDisplayList(mario_004_switch_option_left_hand_peace_mesh_layer_1_tri_0),
	gsSPEndDisplayList(),
};

Gfx mario_004_switch_option_left_hand_peace_mesh_layer_1_mat_override_metal_v4_0[] = {
	gsSPDisplayList(mat_mario_metal_v4),
	gsSPDisplayList(mario_004_switch_option_left_hand_peace_mesh_layer_1_tri_0),
	gsSPDisplayList(mat_revert_mario_metal_v4),
	gsSPEndDisplayList(),
};

Gfx mario_000_offset_009_skinned_mesh_layer_1[] = {
	gsSPDisplayList(mat_mario_sonic_blue_v4),
	gsSPDisplayList(mario_000_offset_009_skinned_mesh_layer_1_tri_0),
	gsSPEndDisplayList(),
};

Gfx mario_000_offset_009_skinned_mesh_layer_1_mat_override_metal_v4_0[] = {
	gsSPDisplayList(mat_mario_metal_v4),
	gsSPDisplayList(mario_000_offset_009_skinned_mesh_layer_1_tri_0),
	gsSPDisplayList(mat_revert_mario_metal_v4),
	gsSPEndDisplayList(),
};

Gfx mario_000_offset_009_mesh_layer_1[] = {
	gsSPDisplayList(mat_mario_sonic_blue_v4),
	gsSPDisplayList(mario_000_offset_009_mesh_layer_1_tri_0),
	gsSPDisplayList(mario_000_offset_009_mesh_layer_1_tri_1),
	gsSPEndDisplayList(),
};

Gfx mario_000_offset_009_mesh_layer_1_mat_override_metal_v4_0[] = {
	gsSPDisplayList(mat_mario_metal_v4),
	gsSPDisplayList(mario_000_offset_009_mesh_layer_1_tri_0),
	gsSPDisplayList(mario_000_offset_009_mesh_layer_1_tri_1),
	gsSPDisplayList(mat_revert_mario_metal_v4),
	gsSPEndDisplayList(),
};

Gfx mario_000_offset_010_skinned_mesh_layer_1[] = {
	gsSPDisplayList(mat_mario_sonic_blue_v4),
	gsSPDisplayList(mario_000_offset_010_skinned_mesh_layer_1_tri_0),
	gsSPEndDisplayList(),
};

Gfx mario_000_offset_010_skinned_mesh_layer_1_mat_override_metal_v4_0[] = {
	gsSPDisplayList(mat_mario_metal_v4),
	gsSPDisplayList(mario_000_offset_010_skinned_mesh_layer_1_tri_0),
	gsSPDisplayList(mat_revert_mario_metal_v4),
	gsSPEndDisplayList(),
};

Gfx mario_000_offset_010_mesh_layer_1[] = {
	gsSPDisplayList(mat_mario_sonic_blue_v4),
	gsSPDisplayList(mario_000_offset_010_mesh_layer_1_tri_0),
	gsSPDisplayList(mat_mario_sonic_texture_v4),
	gsSPDisplayList(mario_000_offset_010_mesh_layer_1_tri_1),
	gsSPDisplayList(mat_mario_sonic_white_v4),
	gsSPDisplayList(mario_000_offset_010_mesh_layer_1_tri_2),
	gsSPDisplayList(mat_mario_sonic_blue_v4),
	gsSPDisplayList(mario_000_offset_010_mesh_layer_1_tri_3),
	gsSPEndDisplayList(),
};

Gfx mario_000_offset_010_mesh_layer_1_mat_override_metal_v4_0[] = {
	gsSPDisplayList(mat_mario_metal_v4),
	gsSPDisplayList(mario_000_offset_010_mesh_layer_1_tri_0),
	gsSPDisplayList(mario_000_offset_010_mesh_layer_1_tri_1),
	gsSPDisplayList(mario_000_offset_010_mesh_layer_1_tri_2),
	gsSPDisplayList(mario_000_offset_010_mesh_layer_1_tri_3),
	gsSPDisplayList(mat_revert_mario_metal_v4),
	gsSPEndDisplayList(),
};

Gfx mario_000_offset_011_mesh_layer_1[] = {
	gsSPDisplayList(mat_mario_sonic_texture_v4),
	gsSPDisplayList(mario_000_offset_011_mesh_layer_1_tri_0),
	gsSPDisplayList(mat_mario_sonic_buckle_v4),
	gsSPDisplayList(mario_000_offset_011_mesh_layer_1_tri_1),
	gsSPDisplayList(mat_mario_sonic_shoe_v4),
	gsSPDisplayList(mario_000_offset_011_mesh_layer_1_tri_2),
	gsSPDisplayList(mat_mario_sonic_white_v4),
	gsSPDisplayList(mario_000_offset_011_mesh_layer_1_tri_3),
	gsSPEndDisplayList(),
};

Gfx mario_000_offset_011_mesh_layer_1_mat_override_metal_v4_0[] = {
	gsSPDisplayList(mat_mario_metal_v4),
	gsSPDisplayList(mario_000_offset_011_mesh_layer_1_tri_0),
	gsSPDisplayList(mario_000_offset_011_mesh_layer_1_tri_1),
	gsSPDisplayList(mario_000_offset_011_mesh_layer_1_tri_2),
	gsSPDisplayList(mario_000_offset_011_mesh_layer_1_tri_3),
	gsSPDisplayList(mat_revert_mario_metal_v4),
	gsSPEndDisplayList(),
};

Gfx mario_000_displaylist_002_mesh_layer_4[] = {
	gsSPDisplayList(mat_mario_wing_2_001_v4),
	gsSPDisplayList(mario_000_displaylist_002_mesh_layer_4_tri_0),
	gsSPDisplayList(mat_revert_mario_wing_2_001_v4),
	gsSPDisplayList(mat_mario_wing_1_001_v4),
	gsSPDisplayList(mario_000_displaylist_002_mesh_layer_4_tri_1),
	gsSPDisplayList(mat_revert_mario_wing_1_001_v4),
	gsSPEndDisplayList(),
};

Gfx mario_000_displaylist_002_mesh_layer_4_mat_override_metal_v4_0[] = {
	gsSPDisplayList(mat_mario_wing_2_001_v4),
	gsSPDisplayList(mario_000_displaylist_002_mesh_layer_4_tri_0),
	gsSPDisplayList(mat_revert_mario_wing_2_001_v4),
	gsSPDisplayList(mat_mario_wing_1_001_v4),
	gsSPDisplayList(mario_000_displaylist_002_mesh_layer_4_tri_1),
	gsSPDisplayList(mat_revert_mario_wing_1_001_v4),
	gsSPDisplayList(mat_revert_mario_metal_v4),
	gsSPEndDisplayList(),
};

Gfx mario_000_offset_012_skinned_mesh_layer_1[] = {
	gsSPDisplayList(mat_mario_sonic_blue_v4),
	gsSPDisplayList(mario_000_offset_012_skinned_mesh_layer_1_tri_0),
	gsSPEndDisplayList(),
};

Gfx mario_000_offset_012_skinned_mesh_layer_1_mat_override_metal_v4_0[] = {
	gsSPDisplayList(mat_mario_metal_v4),
	gsSPDisplayList(mario_000_offset_012_skinned_mesh_layer_1_tri_0),
	gsSPDisplayList(mat_revert_mario_metal_v4),
	gsSPEndDisplayList(),
};

Gfx mario_000_offset_012_mesh_layer_1[] = {
	gsSPDisplayList(mat_mario_sonic_blue_v4),
	gsSPDisplayList(mario_000_offset_012_mesh_layer_1_tri_0),
	gsSPDisplayList(mario_000_offset_012_mesh_layer_1_tri_1),
	gsSPEndDisplayList(),
};

Gfx mario_000_offset_012_mesh_layer_1_mat_override_metal_v4_0[] = {
	gsSPDisplayList(mat_mario_metal_v4),
	gsSPDisplayList(mario_000_offset_012_mesh_layer_1_tri_0),
	gsSPDisplayList(mario_000_offset_012_mesh_layer_1_tri_1),
	gsSPDisplayList(mat_revert_mario_metal_v4),
	gsSPEndDisplayList(),
};

Gfx mario_000_offset_013_skinned_mesh_layer_1[] = {
	gsSPDisplayList(mat_mario_sonic_blue_v4),
	gsSPDisplayList(mario_000_offset_013_skinned_mesh_layer_1_tri_0),
	gsSPEndDisplayList(),
};

Gfx mario_000_offset_013_skinned_mesh_layer_1_mat_override_metal_v4_0[] = {
	gsSPDisplayList(mat_mario_metal_v4),
	gsSPDisplayList(mario_000_offset_013_skinned_mesh_layer_1_tri_0),
	gsSPDisplayList(mat_revert_mario_metal_v4),
	gsSPEndDisplayList(),
};

Gfx mario_000_offset_013_mesh_layer_1[] = {
	gsSPDisplayList(mat_mario_sonic_blue_v4),
	gsSPDisplayList(mario_000_offset_013_mesh_layer_1_tri_0),
	gsSPDisplayList(mat_mario_sonic_texture_v4),
	gsSPDisplayList(mario_000_offset_013_mesh_layer_1_tri_1),
	gsSPDisplayList(mat_mario_sonic_white_v4),
	gsSPDisplayList(mario_000_offset_013_mesh_layer_1_tri_2),
	gsSPDisplayList(mat_mario_sonic_blue_v4),
	gsSPDisplayList(mario_000_offset_013_mesh_layer_1_tri_3),
	gsSPEndDisplayList(),
};

Gfx mario_000_offset_013_mesh_layer_1_mat_override_metal_v4_0[] = {
	gsSPDisplayList(mat_mario_metal_v4),
	gsSPDisplayList(mario_000_offset_013_mesh_layer_1_tri_0),
	gsSPDisplayList(mario_000_offset_013_mesh_layer_1_tri_1),
	gsSPDisplayList(mario_000_offset_013_mesh_layer_1_tri_2),
	gsSPDisplayList(mario_000_offset_013_mesh_layer_1_tri_3),
	gsSPDisplayList(mat_revert_mario_metal_v4),
	gsSPEndDisplayList(),
};

Gfx mario_000_displaylist_005_mesh_layer_1[] = {
	gsSPDisplayList(mat_mario_sonic_texture_v4),
	gsSPDisplayList(mario_000_displaylist_005_mesh_layer_1_tri_0),
	gsSPDisplayList(mat_mario_sonic_shoe_v4),
	gsSPDisplayList(mario_000_displaylist_005_mesh_layer_1_tri_1),
	gsSPDisplayList(mat_mario_sonic_white_v4),
	gsSPDisplayList(mario_000_displaylist_005_mesh_layer_1_tri_2),
	gsSPDisplayList(mat_mario_sonic_buckle_v4),
	gsSPDisplayList(mario_000_displaylist_005_mesh_layer_1_tri_3),
	gsSPEndDisplayList(),
};

Gfx mario_000_displaylist_005_mesh_layer_1_mat_override_metal_v4_0[] = {
	gsSPDisplayList(mat_mario_metal_v4),
	gsSPDisplayList(mario_000_displaylist_005_mesh_layer_1_tri_0),
	gsSPDisplayList(mario_000_displaylist_005_mesh_layer_1_tri_1),
	gsSPDisplayList(mario_000_displaylist_005_mesh_layer_1_tri_2),
	gsSPDisplayList(mario_000_displaylist_005_mesh_layer_1_tri_3),
	gsSPDisplayList(mat_revert_mario_metal_v4),
	gsSPEndDisplayList(),
};

Gfx mario_000_displaylist_001_mesh_layer_4[] = {
	gsSPDisplayList(mat_mario_wing_2_001_v4),
	gsSPDisplayList(mario_000_displaylist_001_mesh_layer_4_tri_0),
	gsSPDisplayList(mat_revert_mario_wing_2_001_v4),
	gsSPDisplayList(mat_mario_wing_1_001_v4),
	gsSPDisplayList(mario_000_displaylist_001_mesh_layer_4_tri_1),
	gsSPDisplayList(mat_revert_mario_wing_1_001_v4),
	gsSPEndDisplayList(),
};

Gfx mario_000_displaylist_001_mesh_layer_4_mat_override_metal_v4_0[] = {
	gsSPDisplayList(mat_mario_wing_2_001_v4),
	gsSPDisplayList(mario_000_displaylist_001_mesh_layer_4_tri_0),
	gsSPDisplayList(mat_revert_mario_wing_2_001_v4),
	gsSPDisplayList(mat_mario_wing_1_001_v4),
	gsSPDisplayList(mario_000_displaylist_001_mesh_layer_4_tri_1),
	gsSPDisplayList(mat_revert_mario_wing_1_001_v4),
	gsSPDisplayList(mat_revert_mario_metal_v4),
	gsSPEndDisplayList(),
};

Gfx mario_material_revert_render_settings[] = {
	gsDPPipeSync(),
	gsSPSetGeometryMode(G_LIGHTING),
	gsSPClearGeometryMode(G_TEXTURE_GEN),
	gsDPSetCombineLERP(0, 0, 0, SHADE, 0, 0, 0, ENVIRONMENT, 0, 0, 0, SHADE, 0, 0, 0, ENVIRONMENT),
	gsSPTexture(65535, 65535, 0, 0, 0),
	gsDPSetEnvColor(255, 255, 255, 255),
	gsDPSetAlphaCompare(G_AC_NONE),
	gsSPEndDisplayList(),
};

